"Multiple Source Labels?","Source Namespace","Source Label","Source Address","Multiple Dest Labels?","Dest Namespace","Dest Label","Dest Address","Length Delta"
"","Global","FUN_00001020","00001020","","Global","FUN_00001020","00001020","0"
"2","std::char_traits<char>","length","00001090","2","std::char_traits<char>","length","00001090","0"
"","Global","FUN_000010b0","000010b0","","Global","FUN_000010b0","000010b0","0"
"","Global","FUN_000010d0","000010d0","","Global","FUN_000010d0","000010d0","0"
"","Global","FUN_00001100","00001100","","Global","FUN_00001100","00001100","0"
"","Global","FUN_00001120","00001120","","Global","FUN_00001120","00001120","0"
"","Global","FUN_00001150","00001150","","Global","FUN_00001150","00001150","0"
"","Global","FUN_000011d0","000011d0","","Global","FUN_000011e0","000011e0","0"
"","Global","FUN_000011f0","000011f0","","Global","FUN_00001200","00001200","0"
"","Global","FUN_00001250","00001250","","Global","FUN_00001260","00001260","0"
"","Global","FUN_000012f0","000012f0","","Global","FUN_00001300","00001300","0"
"","Global","FUN_00001330","00001330","","Global","FUN_00001340","00001340","0"
"","Global","FUN_00001370","00001370","","Global","FUN_00001380","00001380","0"
"","Global","FUN_00001490","00001490","","Global","FUN_000014a0","000014a0","0"
"","Global","FUN_000015c0","000015c0","","Global","FUN_000015d0","000015d0","0"
"","Global","FUN_00001690","00001690","","Global","FUN_000016a0","000016a0","0"
"","Global","FUN_000016e0","000016e0","","Global","FUN_000016f0","000016f0","0"
"","Global","FUN_00001880","00001880","","Global","FUN_00001890","00001890","0"
"","Global","FUN_00001930","00001930","","Global","FUN_00001940","00001940","0"
"","Global","FUN_00001c80","00001c80","","Global","FUN_00001c90","00001c90","0"
"","Global","FUN_00001cb0","00001cb0","","Global","FUN_00001cc0","00001cc0","0"
"","Global","FUN_00001d80","00001d80","","Global","FUN_00001d90","00001d90","0"
"","Global","FUN_00002a00","00002a00","","Global","FUN_00002a50","00002a50","0"
"","Global","FUN_00002a20","00002a20","","Global","FUN_00002a70","00002a70","0"
"","Global","FUN_00002b00","00002b00","","Global","FUN_00002b50","00002b50","0"
"","Global","FUN_00002c40","00002c40","","Global","FUN_00002c90","00002c90","0"
"","Global","FUN_00002c90","00002c90","","Global","FUN_00002ce0","00002ce0","0"
"","Global","FUN_00002cf0","00002cf0","","Global","FUN_00002d40","00002d40","0"
"","Global","FUN_00002d60","00002d60","","Global","FUN_00002db0","00002db0","0"
"","Global","FUN_00002e20","00002e20","","Global","FUN_00002e70","00002e70","0"
"","Global","FUN_00002e60","00002e60","","Global","FUN_00002eb0","00002eb0","0"
"","Global","FUN_00002f00","00002f00","","Global","FUN_00002f50","00002f50","0"
"","Global","FUN_00003010","00003010","","Global","FUN_00003060","00003060","0"
"","Global","FUN_00003080","00003080","","Global","FUN_000030d0","000030d0","0"
"","Global","FUN_00003260","00003260","","Global","FUN_000032b0","000032b0","0"
"","Global","FUN_000032c0","000032c0","","Global","FUN_00003310","00003310","0"
"","Global","FUN_00003320","00003320","","Global","FUN_00003370","00003370","0"
"","Global","FUN_000034f0","000034f0","","Global","FUN_00003540","00003540","0"
"","Global","FUN_00003620","00003620","","Global","FUN_00003670","00003670","0"
"","Global","FUN_00003730","00003730","","Global","FUN_00003780","00003780","0"
"","Global","FUN_00003980","00003980","","Global","FUN_000039d0","000039d0","0"
"","Global","FUN_000039b0","000039b0","","Global","FUN_00003a00","00003a00","0"
"","Global","FUN_00003a10","00003a10","","Global","FUN_00003a60","00003a60","0"
"","Global","FUN_00003b70","00003b70","","Global","FUN_00003bc0","00003bc0","0"
"","Global","FUN_00003b90","00003b90","","Global","FUN_00003be0","00003be0","0"
"","Global","FUN_00003bd0","00003bd0","","Global","FUN_00003c20","00003c20","0"
"","Global","FUN_00003c80","00003c80","","Global","FUN_00003cd0","00003cd0","0"
"","Global","FUN_00003d80","00003d80","","Global","FUN_00003dd0","00003dd0","0"
"","Global","FUN_00003dc0","00003dc0","","Global","FUN_00003e10","00003e10","0"
"","Global","FUN_00004020","00004020","","Global","FUN_00004070","00004070","0"
"","Global","FUN_00004080","00004080","","Global","FUN_000040d0","000040d0","0"
"","Global","FUN_000040c0","000040c0","","Global","FUN_00004110","00004110","0"
"","Global","FUN_00004150","00004150","","Global","FUN_000041a0","000041a0","0"
"","Global","FUN_00004190","00004190","","Global","FUN_000041e0","000041e0","0"
"","Global","FUN_000041c0","000041c0","","Global","FUN_00004210","00004210","0"
"","Global","FUN_00004270","00004270","","Global","FUN_000042c0","000042c0","0"
"","Global","FUN_00004370","00004370","","Global","FUN_000043c0","000043c0","0"
"","Global","FUN_000043b0","000043b0","","Global","FUN_00004400","00004400","0"
"","Global","FUN_00004450","00004450","","Global","FUN_000044a0","000044a0","0"
"","Global","FUN_00004480","00004480","","Global","FUN_000044d0","000044d0","0"
"","Global","FUN_000045d0","000045d0","","Global","FUN_00004620","00004620","0"
"","Global","FUN_00004680","00004680","","Global","FUN_000046d0","000046d0","0"
"","Global","FUN_00004720","00004720","","Global","FUN_00004770","00004770","0"
"","Global","FUN_00004740","00004740","","Global","FUN_00004790","00004790","0"
"","Global","Catch_All@000047d6","000047d6","","Global","Catch_All@00004826","00004826","0"
"","Global","Catch_All@00004813","00004813","","Global","Catch_All@00004863","00004863","0"
"","Global","FUN_00004890","00004890","","Global","FUN_000048e0","000048e0","0"
"","Global","FUN_00004940","00004940","","Global","FUN_00004990","00004990","0"
"","Global","FUN_000049a0","000049a0","","Global","FUN_000049f0","000049f0","0"
"","Global","FUN_00004a90","00004a90","","Global","FUN_00004ae0","00004ae0","0"
"","Global","FUN_00004e72","00004e72","","Global","FUN_00004eba","00004eba","0"
"","Global","FUN_00004ed0","00004ed0","","Global","FUN_00004f20","00004f20","0"
"","Global","FUN_0000505e","0000505e","","Global","FUN_000050ae","000050ae","0"
"","Global","FUN_000050e0","000050e0","","Global","FUN_00005130","00005130","0"
"","Global","FUN_00005160","00005160","","Global","FUN_000051b0","000051b0","0"
"","Global","FUN_00005190","00005190","","Global","FUN_000051e0","000051e0","0"
"","Global","FUN_00005220","00005220","","Global","FUN_00005270","00005270","0"
"","Global","FUN_00005450","00005450","","Global","FUN_000054a0","000054a0","0"
"","Global","FUN_00005800","00005800","","Global","FUN_00005850","00005850","0"
"","Global","FUN_00005959","00005959","","Global","FUN_000059a9","000059a9","0"
"","Global","FUN_00005bb0","00005bb0","","Global","FUN_00005c00","00005c00","0"
"","Global","FUN_00005cb0","00005cb0","","Global","FUN_00005d00","00005d00","0"
"","Global","FUN_00005d00","00005d00","","Global","FUN_00005d50","00005d50","0"
"","Global","FUN_00005d80","00005d80","","Global","FUN_00005dd0","00005dd0","0"
"","Global","FUN_00005e20","00005e20","","Global","FUN_0002ba60","0002ba60","0"
"","Global","FUN_00005ec0","00005ec0","","Global","FUN_0002bb00","0002bb00","0"
"","Global","FUN_00005f60","00005f60","","Global","FUN_0002bba0","0002bba0","0"
"","Global","FUN_00005f90","00005f90","","Global","FUN_0002bbd0","0002bbd0","0"
"","Global","FUN_00006000","00006000","","Global","FUN_0002bc40","0002bc40","0"
"","Global","FUN_00006090","00006090","","Global","FUN_0002bcd0","0002bcd0","0"
"","Global","FUN_000060a0","000060a0","","Global","FUN_0002bce0","0002bce0","0"
"","Global","FUN_00006110","00006110","","Global","FUN_0002bd50","0002bd50","0"
"","Global","FUN_00006130","00006130","","Global","FUN_0002bd70","0002bd70","0"
"","Global","FUN_000078b0","000078b0","","Global","FUN_0002d4f0","0002d4f0","0"
"","Global","FUN_00007900","00007900","","Global","FUN_0002d540","0002d540","0"
"","Global","FUN_00007960","00007960","","Global","FUN_0002d5a0","0002d5a0","0"
"","Global","FUN_00007a30","00007a30","","Global","FUN_0002d670","0002d670","0"
"","Global","FUN_00007ab0","00007ab0","","Global","FUN_0002d6f0","0002d6f0","0"
"","Global","FUN_00007bd0","00007bd0","","Global","FUN_0002d810","0002d810","0"
"","Global","FUN_00007da0","00007da0","","Global","FUN_0002d9e0","0002d9e0","0"
"","Global","FUN_00008010","00008010","","Global","FUN_0002dc50","0002dc50","0"
"","Global","FUN_00008550","00008550","","Global","FUN_0002e190","0002e190","0"
"","Global","FUN_00008570","00008570","","Global","FUN_0002e1b0","0002e1b0","0"
"","Global","FUN_00008830","00008830","","Global","FUN_0002e470","0002e470","0"
"","Global","FUN_00008b50","00008b50","","Global","FUN_0002e790","0002e790","0"
"","Global","FUN_00008b90","00008b90","","Global","FUN_0002e7d0","0002e7d0","0"
"","Global","FUN_00008e30","00008e30","","Global","FUN_0002ea60","0002ea60","0"
"","Global","FUN_00009370","00009370","","Global","FUN_00005f60","00005f60","0"
"","Global","FUN_000093e0","000093e0","","Global","FUN_00005fd0","00005fd0","0"
"","Global","FUN_00009460","00009460","","Global","FUN_00006050","00006050","0"
"","Global","FUN_000094c0","000094c0","","Global","FUN_000060b0","000060b0","0"
"","Global","FUN_000095e0","000095e0","","Global","FUN_000061d0","000061d0","0"
"","Global","FUN_00009630","00009630","","Global","FUN_00006220","00006220","0"
"","Global","FUN_00009680","00009680","","Global","FUN_00006270","00006270","0"
"","Global","FUN_000096e0","000096e0","","Global","FUN_000062d0","000062d0","0"
"","Global","FUN_000097b0","000097b0","","Global","FUN_000063a0","000063a0","0"
"","Global","FUN_00009810","00009810","","Global","FUN_00006400","00006400","0"
"","Global","FUN_000098a0","000098a0","","Global","FUN_00006490","00006490","0"
"","Global","FUN_00009900","00009900","","Global","FUN_000064f0","000064f0","0"
"","Global","FUN_00009970","00009970","","Global","FUN_00006560","00006560","0"
"","Global","FUN_00009a70","00009a70","","Global","FUN_00006660","00006660","0"
"","Global","FUN_00009a90","00009a90","","Global","FUN_00006680","00006680","0"
"","Global","FUN_00009ae0","00009ae0","","Global","FUN_000066d0","000066d0","0"
"","Global","FUN_00009b70","00009b70","","Global","FUN_00006760","00006760","0"
"","Global","FUN_00009c70","00009c70","","Global","FUN_00006860","00006860","0"
"","Global","FUN_0000a080","0000a080","","Global","FUN_00006c70","00006c70","0"
"","Global","FUN_0000a150","0000a150","","Global","FUN_00006d40","00006d40","0"
"","Global","FUN_0000a260","0000a260","","Global","FUN_00006e50","00006e50","0"
"","Global","FUN_0000a2e0","0000a2e0","","Global","FUN_00006ed0","00006ed0","0"
"","Global","FUN_0000a330","0000a330","","Global","FUN_00006f20","00006f20","0"
"","Global","FUN_0000a3b0","0000a3b0","","Global","FUN_00006fa0","00006fa0","0"
"","Global","FUN_0000a3f0","0000a3f0","","Global","FUN_00006fe0","00006fe0","0"
"","Global","FUN_0000a5d0","0000a5d0","","Global","FUN_000071c0","000071c0","0"
"","Global","FUN_0000a630","0000a630","","Global","FUN_00007220","00007220","0"
"","Global","FUN_0000a650","0000a650","","Global","FUN_00007240","00007240","0"
"","Global","FUN_0000a680","0000a680","","Global","FUN_00007270","00007270","0"
"","Global","FUN_0000a780","0000a780","","Global","FUN_00007370","00007370","0"
"","Global","FUN_0000a820","0000a820","","Global","FUN_00007410","00007410","0"
"","Global","FUN_0000a910","0000a910","","Global","FUN_00007500","00007500","0"
"","Global","FUN_0000a940","0000a940","","Global","FUN_00007530","00007530","0"
"","Global","FUN_0000a960","0000a960","","Global","FUN_00007550","00007550","0"
"","Global","FUN_0000ab00","0000ab00","","Global","FUN_000076f0","000076f0","0"
"","Global","FUN_0000ab90","0000ab90","","Global","FUN_00007780","00007780","0"
"","Global","FUN_0000ad40","0000ad40","","Global","FUN_00007930","00007930","0"
"","Global","FUN_0000adb0","0000adb0","","Global","FUN_000079a0","000079a0","0"
"","Global","FUN_0000ae10","0000ae10","","Global","FUN_00007a00","00007a00","0"
"","Global","FUN_0000b1d0","0000b1d0","","Global","FUN_00007dc0","00007dc0","0"
"","Global","FUN_0000c2c0","0000c2c0","","Global","FUN_00008eb0","00008eb0","0"
"","Global","FUN_0000c5f0","0000c5f0","","Global","FUN_000091f0","000091f0","0"
"","Global","FUN_0000c8a0","0000c8a0","","Global","FUN_000094a0","000094a0","0"
"","Global","FUN_0000ce60","0000ce60","","Global","FUN_00009a60","00009a60","0"
"","Global","FUN_0000d2c0","0000d2c0","","Global","FUN_00009ec0","00009ec0","0"
"","Global","FUN_0000dc40","0000dc40","","Global","FUN_0000a840","0000a840","0"
"","Global","FUN_0000dda0","0000dda0","","Global","FUN_0000a9a0","0000a9a0","0"
"","Global","FUN_0000e0b0","0000e0b0","","Global","FUN_0000acb0","0000acb0","0"
"","Global","FUN_0000e170","0000e170","","Global","FUN_0000ad70","0000ad70","0"
"","Global","FUN_0000e260","0000e260","","Global","FUN_0000ae60","0000ae60","0"
"","Global","FUN_0000e330","0000e330","","Global","FUN_0000af30","0000af30","0"
"","Global","FUN_0000e430","0000e430","","Global","FUN_0000b030","0000b030","0"
"","Global","FUN_0000e500","0000e500","","Global","FUN_0000b100","0000b100","0"
"","Global","FUN_0000e560","0000e560","","Global","FUN_0000b160","0000b160","0"
"","Global","FUN_0000e6f0","0000e6f0","","Global","FUN_0000b2f0","0000b2f0","0"
"","Global","FUN_0000e860","0000e860","","Global","FUN_0000b460","0000b460","0"
"","Global","FUN_0000e970","0000e970","","Global","FUN_0000b570","0000b570","0"
"","Global","FUN_0000ecb0","0000ecb0","","Global","FUN_0000b8b0","0000b8b0","0"
"","Global","FUN_0000eef0","0000eef0","","Global","FUN_0000baf0","0000baf0","0"
"","Global","FUN_0000f320","0000f320","","Global","FUN_0000bf20","0000bf20","0"
"","Global","FUN_0000f450","0000f450","","Global","FUN_0000c050","0000c050","0"
"","Global","FUN_0000f520","0000f520","","Global","FUN_0000c120","0000c120","0"
"","Global","FUN_0000f890","0000f890","","Global","FUN_0000c490","0000c490","0"
"","Global","FUN_0000f930","0000f930","","Global","FUN_0000c530","0000c530","0"
"","Global","FUN_0000f9f0","0000f9f0","","Global","FUN_0000c5f0","0000c5f0","0"
"","Global","FUN_0000fab0","0000fab0","","Global","FUN_0000c6b0","0000c6b0","0"
"","Global","FUN_0000fbd0","0000fbd0","","Global","FUN_0000c7d0","0000c7d0","0"
"","Global","FUN_00010300","00010300","","Global","FUN_0000cf00","0000cf00","0"
"","Global","FUN_00010340","00010340","","Global","FUN_0000cf40","0000cf40","0"
"","Global","FUN_00010360","00010360","","Global","FUN_0000cf60","0000cf60","0"
"","Global","FUN_00010430","00010430","","Global","FUN_0000d030","0000d030","0"
"","Global","FUN_00010610","00010610","","Global","FUN_0000d210","0000d210","0"
"","Global","FUN_00010830","00010830","","Global","FUN_0000d430","0000d430","0"
"","Global","FUN_000116e0","000116e0","","Global","FUN_0000e2e0","0000e2e0","0"
"","Global","FUN_000117d0","000117d0","","Global","FUN_0000e3d0","0000e3d0","0"
"","Global","FUN_00011870","00011870","","Global","FUN_0000e470","0000e470","0"
"","Global","FUN_000119c0","000119c0","","Global","FUN_0000e5c0","0000e5c0","0"
"","Global","FUN_00011a10","00011a10","","Global","FUN_0000e610","0000e610","0"
"","Global","FUN_00011ce0","00011ce0","","Global","FUN_0000e8e0","0000e8e0","0"
"","Global","FUN_000120d0","000120d0","","Global","FUN_0000ecd0","0000ecd0","0"
"","Global","FUN_00012170","00012170","","Global","FUN_0000ed70","0000ed70","0"
"","Global","FUN_00012340","00012340","","Global","FUN_0000ef40","0000ef40","0"
"","Global","FUN_00012440","00012440","","Global","FUN_0000f040","0000f040","0"
"","Global","FUN_000124b0","000124b0","","Global","FUN_0000f0b0","0000f0b0","0"
"","Global","FUN_00012690","00012690","","Global","FUN_0000f290","0000f290","0"
"","Global","FUN_00012710","00012710","","Global","FUN_0000f310","0000f310","0"
"","Global","FUN_00012850","00012850","","Global","FUN_0000f450","0000f450","0"
"","Global","FUN_00012cf0","00012cf0","","Global","FUN_0000f8f0","0000f8f0","0"
"","Global","FUN_000131d0","000131d0","","Global","FUN_0000fdd0","0000fdd0","0"
"","Global","FUN_00013230","00013230","","Global","FUN_0000fe30","0000fe30","0"
"","Global","FUN_00013660","00013660","","Global","FUN_00010260","00010260","0"
"","Global","FUN_00013800","00013800","","Global","FUN_00010400","00010400","0"
"","Global","FUN_00013850","00013850","","Global","FUN_00010450","00010450","0"
"","Global","FUN_000138f0","000138f0","","Global","FUN_000104f0","000104f0","0"
"","Global","FUN_00013940","00013940","","Global","FUN_00010540","00010540","0"
"","Global","FUN_00013b50","00013b50","","Global","FUN_00010750","00010750","0"
"","Global","FUN_00013c40","00013c40","","Global","FUN_00010840","00010840","0"
"","Global","FUN_00013d40","00013d40","","Global","FUN_00010940","00010940","0"
"","Global","FUN_00014010","00014010","","Global","FUN_00010c10","00010c10","0"
"","Global","FUN_00014090","00014090","","Global","FUN_00010c90","00010c90","0"
"","Global","FUN_00014110","00014110","","Global","FUN_00010d10","00010d10","0"
"","Global","FUN_000141b0","000141b0","","Global","FUN_00010db0","00010db0","0"
"","Global","FUN_00014330","00014330","","Global","FUN_00010f30","00010f30","0"
"","Global","FUN_000146e0","000146e0","","Global","FUN_000112e0","000112e0","0"
"","Global","FUN_000147e0","000147e0","","Global","FUN_000113e0","000113e0","0"
"","Global","FUN_00014830","00014830","","Global","FUN_00011430","00011430","0"
"","Global","FUN_00015020","00015020","","Global","FUN_00011c20","00011c20","0"
"","Global","FUN_000150d0","000150d0","","Global","FUN_00011cd0","00011cd0","0"
"","Global","FUN_00015120","00015120","","Global","FUN_00011d20","00011d20","0"
"","Global","FUN_00015230","00015230","","Global","FUN_00011e30","00011e30","0"
"","Global","FUN_000152e0","000152e0","","Global","FUN_00011ee0","00011ee0","0"
"","Global","FUN_00015440","00015440","","Global","FUN_00012040","00012040","0"
"","Global","FUN_00015520","00015520","","Global","FUN_00012120","00012120","0"
"","Global","FUN_00015980","00015980","","Global","FUN_00012580","00012580","0"
"","Global","FUN_00015a20","00015a20","","Global","FUN_00012620","00012620","0"
"","Global","FUN_00015ca0","00015ca0","","Global","FUN_000128a0","000128a0","0"
"","Global","FUN_000167d0","000167d0","","Global","FUN_000133d0","000133d0","0"
"","Global","FUN_00016850","00016850","","Global","FUN_00013450","00013450","0"
"","Global","FUN_00016bb0","00016bb0","","Global","FUN_000137b0","000137b0","0"
"","Global","FUN_00016c40","00016c40","","Global","FUN_00013840","00013840","0"
"","Global","FUN_00016cd0","00016cd0","","Global","FUN_000138d0","000138d0","0"
"","Global","FUN_00016d40","00016d40","","Global","FUN_00013940","00013940","0"
"","Global","FUN_00016dc0","00016dc0","","Global","FUN_000139c0","000139c0","0"
"","Global","FUN_00017830","00017830","","Global","FUN_00014430","00014430","0"
"","Global","FUN_00017940","00017940","","Global","FUN_00014540","00014540","0"
"","Global","FUN_00017b20","00017b20","","Global","FUN_00014720","00014720","0"
"","Global","FUN_00017c00","00017c00","","Global","FUN_00014800","00014800","0"
"","Global","FUN_00017d60","00017d60","","Global","FUN_00014960","00014960","0"
"","Global","FUN_00017e20","00017e20","","Global","FUN_00014a20","00014a20","0"
"","Global","FUN_00017f60","00017f60","","Global","FUN_00014b60","00014b60","0"
"","Global","FUN_00018450","00018450","","Global","FUN_00015050","00015050","0"
"","Global","FUN_000184e0","000184e0","","Global","FUN_000150e0","000150e0","0"
"","Global","FUN_00018830","00018830","","Global","FUN_00015430","00015430","0"
"","Global","FUN_000188b0","000188b0","","Global","FUN_000154b0","000154b0","0"
"","Global","FUN_00018e10","00018e10","","Global","FUN_00015a10","00015a10","0"
"","Global","FUN_00018f50","00018f50","","Global","FUN_00015b50","00015b50","0"
"","Global","FUN_000195e0","000195e0","","Global","FUN_000161e0","000161e0","0"
"","Global","FUN_00019690","00019690","","Global","FUN_00016290","00016290","0"
"","Global","FUN_000196b0","000196b0","","Global","FUN_000162b0","000162b0","0"
"","Global","FUN_00019730","00019730","","Global","FUN_00016330","00016330","0"
"","Global","FUN_00019780","00019780","","Global","FUN_00016380","00016380","0"
"","Global","FUN_00019a30","00019a30","","Global","FUN_00016630","00016630","0"
"","Global","FUN_00019b30","00019b30","","Global","FUN_00016730","00016730","0"
"","Global","FUN_0001a060","0001a060","","Global","FUN_00016c60","00016c60","0"
"","Global","FUN_0001a140","0001a140","","Global","FUN_00016d40","00016d40","0"
"","Global","FUN_0001a250","0001a250","","Global","FUN_00016e50","00016e50","0"
"","Global","FUN_0001a2b0","0001a2b0","","Global","FUN_00016eb0","00016eb0","0"
"","Global","FUN_0001a4b0","0001a4b0","","Global","FUN_000170c0","000170c0","0"
"","Global","FUN_0001a520","0001a520","","Global","FUN_00017130","00017130","0"
"","Global","FUN_0001a590","0001a590","","Global","FUN_000171a0","000171a0","0"
"","Global","FUN_0001a880","0001a880","","Global","FUN_00017490","00017490","0"
"","Global","FUN_0001afe0","0001afe0","","Global","FUN_00017bf0","00017bf0","0"
"","Global","FUN_0001b2b0","0001b2b0","","Global","FUN_00017ec0","00017ec0","0"
"","Global","FUN_0001b320","0001b320","","Global","FUN_00017f30","00017f30","0"
"","Global","FUN_0001b4b0","0001b4b0","","Global","FUN_000180c0","000180c0","0"
"","Global","FUN_0001b540","0001b540","","Global","FUN_00018150","00018150","0"
"","Global","FUN_0001b660","0001b660","","Global","FUN_00018270","00018270","0"
"","Global","FUN_0001b750","0001b750","","Global","FUN_00018360","00018360","0"
"","Global","FUN_0001b790","0001b790","","Global","FUN_000183a0","000183a0","0"
"","Global","FUN_0001b8d0","0001b8d0","","Global","FUN_000184e0","000184e0","0"
"","Global","FUN_0001b9e0","0001b9e0","","Global","FUN_000185f0","000185f0","0"
"","Global","FUN_0001bac0","0001bac0","","Global","FUN_000186d0","000186d0","0"
"","Global","FUN_0001bce0","0001bce0","","Global","FUN_000188f0","000188f0","0"
"","Global","FUN_0001be10","0001be10","","Global","FUN_00018a20","00018a20","0"
"","Global","FUN_0001bf00","0001bf00","","Global","FUN_00018b10","00018b10","0"
"","Global","FUN_0001bf40","0001bf40","","Global","FUN_00018b50","00018b50","0"
"","Global","FUN_0001c030","0001c030","","Global","FUN_00018c40","00018c40","0"
"","Global","FUN_0001c0c0","0001c0c0","","Global","FUN_00018cd0","00018cd0","0"
"","Global","FUN_0001c1f0","0001c1f0","","Global","FUN_00018e00","00018e00","0"
"","Global","FUN_0001c2d0","0001c2d0","","Global","FUN_00018ee0","00018ee0","0"
"","Global","FUN_0001c430","0001c430","","Global","FUN_00019040","00019040","0"
"","Global","FUN_0001c4c0","0001c4c0","","Global","FUN_000190d0","000190d0","0"
"","Global","FUN_0001c4e0","0001c4e0","","Global","FUN_000190f0","000190f0","0"
"","Global","FUN_0001c640","0001c640","","Global","FUN_00019250","00019250","0"
"","Global","FUN_0001c7d0","0001c7d0","","Global","FUN_000193e0","000193e0","0"
"","Global","FUN_0001c870","0001c870","","Global","FUN_00019480","00019480","0"
"","Global","FUN_0001c950","0001c950","","Global","FUN_00019560","00019560","0"
"","Global","FUN_0001c990","0001c990","","Global","FUN_000195a0","000195a0","0"
"","Global","FUN_0001caf0","0001caf0","","Global","FUN_00019700","00019700","0"
"","Global","FUN_0001ce00","0001ce00","","Global","FUN_00019a10","00019a10","0"
"","Global","FUN_0001cf30","0001cf30","","Global","FUN_00019b40","00019b40","0"
"","Global","FUN_0001d070","0001d070","","Global","FUN_00019c80","00019c80","0"
"","Global","FUN_0001d1e0","0001d1e0","","Global","FUN_00019df0","00019df0","0"
"","Global","FUN_0001d3b0","0001d3b0","","Global","FUN_00019fc0","00019fc0","0"
"","Global","FUN_0001d3e0","0001d3e0","","Global","FUN_00019ff0","00019ff0","0"
"","Global","FUN_0001d4c0","0001d4c0","","Global","FUN_0001a0d0","0001a0d0","0"
"","Global","FUN_0001d640","0001d640","","Global","FUN_0001a250","0001a250","0"
"","Global","FUN_0001d980","0001d980","","Global","FUN_0001a590","0001a590","0"
"","Global","FUN_0001de90","0001de90","","Global","FUN_0001aaa0","0001aaa0","0"
"","Global","FUN_0001def0","0001def0","","Global","FUN_0001ab00","0001ab00","0"
"","Global","FUN_0001dfa0","0001dfa0","","Global","FUN_0001abb0","0001abb0","0"
"","Global","FUN_0001e070","0001e070","","Global","FUN_0001ac80","0001ac80","0"
"","Global","FUN_0001e0c0","0001e0c0","","Global","FUN_0001acd0","0001acd0","0"
"","Global","FUN_0001e260","0001e260","","Global","FUN_0001ae70","0001ae70","0"
"","Global","FUN_0001e440","0001e440","","Global","FUN_0001b050","0001b050","0"
"","Global","FUN_0001e470","0001e470","","Global","FUN_0001b080","0001b080","0"
"","Global","FUN_0001e610","0001e610","","Global","FUN_0001b220","0001b220","0"
"","Global","FUN_0001e6e0","0001e6e0","","Global","FUN_0001b2f0","0001b2f0","0"
"","Global","FUN_0001e710","0001e710","","Global","FUN_0001b320","0001b320","0"
"","Global","FUN_0001e850","0001e850","","Global","FUN_0001b460","0001b460","0"
"","Global","FUN_0001e980","0001e980","","Global","FUN_0001b590","0001b590","0"
"","Global","FUN_0001eab0","0001eab0","","Global","FUN_0001b6c0","0001b6c0","0"
"","Global","FUN_0001ec10","0001ec10","","Global","FUN_0001b820","0001b820","0"
"","Global","FUN_0001ed20","0001ed20","","Global","FUN_0001b930","0001b930","0"
"","Global","FUN_0001edc0","0001edc0","","Global","FUN_0001b9d0","0001b9d0","0"
"","Global","FUN_0001f120","0001f120","","Global","FUN_0001bd30","0001bd30","0"
"","Global","FUN_0001f410","0001f410","","Global","FUN_0001c020","0001c020","0"
"","Global","FUN_0001f480","0001f480","","Global","FUN_0001c090","0001c090","0"
"","Global","FUN_0001f990","0001f990","","Global","FUN_0001c5a0","0001c5a0","0"
"","Global","FUN_0001fa80","0001fa80","","Global","FUN_0001c690","0001c690","0"
"","Global","FUN_0001fbe0","0001fbe0","","Global","FUN_0001c7f0","0001c7f0","0"
"","Global","FUN_0001fc30","0001fc30","","Global","FUN_0001c840","0001c840","0"
"","Global","FUN_0001fcd0","0001fcd0","","Global","FUN_0001c8e0","0001c8e0","0"
"","Global","FUN_0001fd10","0001fd10","","Global","FUN_0001c920","0001c920","0"
"","Global","FUN_000200d0","000200d0","","Global","FUN_0001cce0","0001cce0","0"
"","Global","FUN_00020700","00020700","","Global","FUN_0001d310","0001d310","0"
"","Global","FUN_00020730","00020730","","Global","FUN_0001d340","0001d340","0"
"","Global","FUN_00021060","00021060","","Global","FUN_0001dc70","0001dc70","0"
"","Global","FUN_00021270","00021270","","Global","FUN_0001de80","0001de80","0"
"","Global","FUN_00021450","00021450","","Global","FUN_0001e060","0001e060","0"
"","Global","FUN_00021540","00021540","","Global","FUN_0001e150","0001e150","0"
"","Global","FUN_000215a0","000215a0","","Global","FUN_0001e1b0","0001e1b0","0"
"","Global","FUN_000215d0","000215d0","","Global","FUN_0001e1e0","0001e1e0","0"
"","Global","FUN_00021970","00021970","","Global","FUN_0001e580","0001e580","0"
"","Global","FUN_00021d80","00021d80","","Global","FUN_0001e990","0001e990","0"
"","Global","FUN_00021f80","00021f80","","Global","FUN_0001eb90","0001eb90","0"
"","Global","FUN_000220c0","000220c0","","Global","FUN_0001ecd0","0001ecd0","0"
"","Global","FUN_000222b0","000222b0","","Global","FUN_0001eec0","0001eec0","0"
"","Global","FUN_00022660","00022660","","Global","FUN_0001f270","0001f270","0"
"","Global","FUN_00022940","00022940","","Global","FUN_0001f550","0001f550","0"
"","Global","FUN_00022a80","00022a80","","Global","FUN_0001f690","0001f690","0"
"","Global","FUN_00022ab0","00022ab0","","Global","FUN_0001f6c0","0001f6c0","0"
"","Global","FUN_00022cb0","00022cb0","","Global","FUN_0001f8c0","0001f8c0","0"
"","Global","FUN_00022eb0","00022eb0","","Global","FUN_0001fac0","0001fac0","0"
"","Global","FUN_00023430","00023430","","Global","FUN_00020040","00020040","0"
"","Global","FUN_000236a0","000236a0","","Global","FUN_000202b0","000202b0","0"
"","Global","FUN_00023710","00023710","","Global","FUN_00020320","00020320","0"
"","Global","FUN_000237c0","000237c0","","Global","FUN_000203d0","000203d0","0"
"","Global","FUN_00023840","00023840","","Global","FUN_00020450","00020450","0"
"","Global","FUN_00023880","00023880","","Global","FUN_00020490","00020490","0"
"","Global","FUN_000238d0","000238d0","","Global","FUN_000204e0","000204e0","0"
"","Global","FUN_00024490","00024490","","Global","FUN_000210a0","000210a0","0"
"","Global","FUN_00025200","00025200","","Global","FUN_00021e10","00021e10","0"
"","Global","FUN_000252f0","000252f0","","Global","FUN_00021f00","00021f00","0"
"","Global","FUN_00025380","00025380","","Global","FUN_00021f90","00021f90","0"
"","Global","FUN_00025680","00025680","","Global","FUN_00022290","00022290","0"
"","Global","FUN_00025710","00025710","","Global","FUN_00022320","00022320","0"
"","Global","FUN_00025780","00025780","","Global","FUN_00022390","00022390","0"
"","Global","FUN_00025820","00025820","","Global","FUN_00022430","00022430","0"
"","Global","FUN_00025920","00025920","","Global","FUN_00022530","00022530","0"
"","Global","FUN_000259b0","000259b0","","Global","FUN_000225c0","000225c0","0"
"","Global","FUN_00025cd0","00025cd0","","Global","FUN_000228e0","000228e0","0"
"","Global","FUN_00025d20","00025d20","","Global","FUN_00022930","00022930","0"
"","Global","FUN_00026030","00026030","","Global","FUN_00022c40","00022c40","0"
"","Global","FUN_00026090","00026090","","Global","FUN_00022ca0","00022ca0","0"
"","Global","FUN_000262c0","000262c0","","Global","FUN_00022ed0","00022ed0","0"
"","Global","FUN_000264a0","000264a0","","Global","FUN_000230c0","000230c0","0"
"","Global","FUN_000264f0","000264f0","","Global","FUN_00023110","00023110","0"
"","Global","FUN_00026740","00026740","","Global","FUN_00023360","00023360","0"
"","Global","FUN_000268a0","000268a0","","Global","FUN_000234c0","000234c0","0"
"","Global","FUN_00026930","00026930","","Global","FUN_00023550","00023550","0"
"","Global","FUN_00026a30","00026a30","","Global","FUN_00023650","00023650","0"
"","Global","FUN_00026a80","00026a80","","Global","FUN_000236a0","000236a0","0"
"","Global","FUN_00026b00","00026b00","","Global","FUN_00023720","00023720","0"
"","Global","FUN_00026b80","00026b80","","Global","FUN_000237a0","000237a0","0"
"","Global","FUN_00027090","00027090","","Global","FUN_00023cb0","00023cb0","0"
"","Global","FUN_00027270","00027270","","Global","FUN_00023e90","00023e90","0"
"","Global","FUN_000275e0","000275e0","","Global","FUN_00024200","00024200","0"
"","Global","FUN_00027690","00027690","","Global","FUN_000242b0","000242b0","0"
"","Global","FUN_00027770","00027770","","Global","FUN_00024390","00024390","0"
"","Global","FUN_000277e0","000277e0","","Global","FUN_00024400","00024400","0"
"","Global","FUN_00027860","00027860","","Global","FUN_00024480","00024480","0"
"","Global","FUN_000278f0","000278f0","","Global","FUN_00024510","00024510","0"
"","Global","FUN_00027950","00027950","","Global","FUN_00024570","00024570","0"
"","Global","FUN_00027be0","00027be0","","Global","FUN_00024800","00024800","0"
"","Global","FUN_00027d40","00027d40","","Global","FUN_00024960","00024960","0"
"","Global","FUN_00027f00","00027f00","","Global","FUN_00024b20","00024b20","0"
"","Global","FUN_00027f90","00027f90","","Global","FUN_00024bb0","00024bb0","0"
"","Global","FUN_000282d0","000282d0","","Global","FUN_00024ef0","00024ef0","0"
"","Global","FUN_00028700","00028700","","Global","FUN_00025320","00025320","0"
"","Global","FUN_000289d0","000289d0","","Global","FUN_000255f0","000255f0","0"
"","Global","FUN_00028a00","00028a00","","Global","FUN_00025620","00025620","0"
"","Global","FUN_00028e90","00028e90","","Global","FUN_00025ab0","00025ab0","0"
"","Global","FUN_000291a0","000291a0","","Global","FUN_00025dc0","00025dc0","0"
"","Global","FUN_000291f0","000291f0","","Global","FUN_00025e10","00025e10","0"
"","Global","FUN_000294c0","000294c0","","Global","FUN_000260e0","000260e0","0"
"","Global","FUN_000294f0","000294f0","","Global","FUN_00026110","00026110","0"
"","Global","FUN_00029da0","00029da0","","Global","FUN_000269c0","000269c0","0"
"","Global","FUN_00029de0","00029de0","","Global","FUN_00026a00","00026a00","0"
"","Global","FUN_0002a550","0002a550","","Global","FUN_00027170","00027170","0"
"","Global","FUN_0002aca0","0002aca0","","Global","FUN_000278c0","000278c0","0"
"","Global","FUN_0002b500","0002b500","","Global","FUN_00028120","00028120","0"
"","Global","FUN_0002b620","0002b620","","Global","FUN_00028240","00028240","0"
"","Global","FUN_0002b760","0002b760","","Global","FUN_00028380","00028380","0"
"","Global","FUN_0002b7c0","0002b7c0","","Global","FUN_000283e0","000283e0","0"
"","Global","FUN_0002b850","0002b850","","Global","FUN_00028470","00028470","0"
"","Global","FUN_0002b8a0","0002b8a0","","Global","FUN_000284c0","000284c0","0"
"","Global","FUN_0002bfa0","0002bfa0","","Global","FUN_00028bc0","00028bc0","0"
"","Global","FUN_0002bfd0","0002bfd0","","Global","FUN_00028bf0","00028bf0","0"
"","Global","FUN_0002c130","0002c130","","Global","FUN_00028d50","00028d50","0"
"","Global","FUN_0002c740","0002c740","","Global","FUN_00029360","00029360","0"
"","Global","FUN_0002c880","0002c880","","Global","FUN_000294a0","000294a0","0"
"","Global","FUN_0002c920","0002c920","","Global","FUN_00029540","00029540","0"
"","Global","FUN_0002c9d0","0002c9d0","","Global","FUN_000295f0","000295f0","0"
"","Global","FUN_0002cb40","0002cb40","","Global","FUN_00029760","00029760","0"
"","Global","FUN_0002cd00","0002cd00","","Global","FUN_00029920","00029920","0"
"","Global","FUN_0002d050","0002d050","","Global","FUN_00029c70","00029c70","0"
"","Global","FUN_0002d080","0002d080","","Global","FUN_00029ca0","00029ca0","0"
"","Global","FUN_0002d200","0002d200","","Global","FUN_00029e20","00029e20","0"
"","Global","FUN_0002d370","0002d370","","Global","FUN_00029f90","00029f90","0"
"","Global","FUN_0002d410","0002d410","","Global","FUN_0002a030","0002a030","0"
"","Global","FUN_0002d470","0002d470","","Global","FUN_0002a090","0002a090","0"
"","Global","FUN_0002def0","0002def0","","Global","FUN_0002ab10","0002ab10","0"
"","Global","FUN_0002e080","0002e080","","Global","FUN_0002aca0","0002aca0","0"
"","Global","FUN_0002e0d0","0002e0d0","","Global","FUN_0002acf0","0002acf0","0"
"","Global","FUN_0002e160","0002e160","","Global","FUN_0002ad80","0002ad80","0"
"","Global","FUN_0002e200","0002e200","","Global","FUN_0002ae20","0002ae20","0"
"","Global","FUN_0002e350","0002e350","","Global","FUN_0002af70","0002af70","0"
"","Global","FUN_0002e480","0002e480","","Global","FUN_0002b0a0","0002b0a0","0"
"","Global","FUN_0002e5f0","0002e5f0","","Global","FUN_0002b210","0002b210","0"
"","Global","FUN_0002e840","0002e840","","Global","FUN_0002b460","0002b460","0"
"","Global","FUN_0002e900","0002e900","","Global","FUN_0002b520","0002b520","0"
"","Global","FUN_0002ea30","0002ea30","","Global","FUN_0002b650","0002b650","0"
"","Global","FUN_0002eb10","0002eb10","","Global","FUN_0002b730","0002b730","0"
"","Global","FUN_0002ec10","0002ec10","","Global","FUN_0002b830","0002b830","0"
"","Global","FUN_0002ee80","0002ee80","","Global","FUN_0076b300","0076b300","0"
"","Global","FUN_0002ef00","0002ef00","","Global","FUN_0002ef70","0002ef70","0"
"","Global","FUN_0002ef20","0002ef20","","Global","FUN_0002ef90","0002ef90","0"
"","Global","FUN_0002f090","0002f090","","Global","FUN_0003fa50","0003fa50","0"
"","Global","FUN_0002f1a0","0002f1a0","","Global","FUN_0002f210","0002f210","0"
"","Global","FUN_0002f1d0","0002f1d0","","Global","FUN_00041e80","00041e80","0"
"","Global","FUN_0002f220","0002f220","","Global","FUN_00041ed0","00041ed0","0"
"","Global","FUN_0002f260","0002f260","","Global","FUN_0002f240","0002f240","0"
"","Global","FUN_0002f340","0002f340","","Global","FUN_0002f2e0","0002f2e0","0"
"","Global","FUN_0002f4b0","0002f4b0","","Global","FUN_0002f450","0002f450","0"
"","Global","FUN_0002f4d0","0002f4d0","","Global","FUN_0002f470","0002f470","0"
"","Global","FUN_0002f750","0002f750","","Global","FUN_0002f640","0002f640","0"
"","Global","FUN_0002f770","0002f770","","Global","FUN_0002f660","0002f660","0"
"","Global","FUN_0002f9b0","0002f9b0","","Global","FUN_0002f880","0002f880","0"
"","Global","FUN_0002fa00","0002fa00","","Global","FUN_0002f8d0","0002f8d0","0"
"","Global","FUN_0002fae0","0002fae0","","Global","FUN_0047eb20","0047eb20","0"
"","Global","FUN_0002fb20","0002fb20","","Global","FUN_0047eb60","0047eb60","0"
"","Global","FUN_0002fb40","0002fb40","","Global","FUN_0047eb80","0047eb80","0"
"","Global","FUN_0002fb80","0002fb80","","Global","FUN_0047ebc0","0047ebc0","0"
"","Global","FUN_0002fbd0","0002fbd0","","Global","FUN_0047ec10","0047ec10","0"
"","Global","FUN_0002fcd0","0002fcd0","","Global","FUN_0048cdf0","0048cdf0","0"
"","Global","FUN_0002fd10","0002fd10","","Global","FUN_0048ce30","0048ce30","0"
"","Global","FUN_0002fd80","0002fd80","","Global","FUN_0048cea0","0048cea0","0"
"","Global","FUN_0002ff80","0002ff80","","Global","FUN_0048d0a0","0048d0a0","0"
"","Global","FUN_00030000","00030000","","Global","FUN_0048d120","0048d120","0"
"","Global","FUN_00030050","00030050","","Global","FUN_0048d170","0048d170","0"
"","Global","FUN_00030080","00030080","","Global","FUN_0048d1a0","0048d1a0","0"
"","Global","FUN_000300b0","000300b0","","Global","FUN_0048d1d0","0048d1d0","0"
"","Global","FUN_000301b0","000301b0","","Global","FUN_0048d2d0","0048d2d0","0"
"","Global","FUN_00030210","00030210","","Global","FUN_0048d330","0048d330","0"
"","Global","FUN_00030280","00030280","","Global","FUN_0048d3a0","0048d3a0","0"
"","Global","FUN_00030340","00030340","","Global","FUN_004884b0","004884b0","0"
"","Global","FUN_000305d0","000305d0","","Global","FUN_00488740","00488740","0"
"","Global","FUN_00030850","00030850","","Global","FUN_004889c0","004889c0","0"
"","Global","FUN_00030880","00030880","","Global","FUN_004889f0","004889f0","0"
"","Global","FUN_00030d60","00030d60","","Global","FUN_00488ed0","00488ed0","0"
"","Global","FUN_00030dd0","00030dd0","","Global","FUN_00488f40","00488f40","0"
"","Global","FUN_00030f80","00030f80","","Global","FUN_004890f0","004890f0","0"
"","Global","FUN_00031080","00031080","","Global","FUN_004891f0","004891f0","0"
"","Global","FUN_000312b0","000312b0","","Global","FUN_00489400","00489400","0"
"","Global","FUN_00031400","00031400","","Global","FUN_00489530","00489530","0"
"","Global","FUN_00031420","00031420","","Global","FUN_00039120","00039120","0"
"","Global","FUN_00031520","00031520","","Global","FUN_00489610","00489610","0"
"","Global","FUN_00031570","00031570","","Global","FUN_00519a90","00519a90","0"
"","Global","FUN_000315b0","000315b0","","Global","FUN_00519ad0","00519ad0","0"
"","Global","FUN_00031670","00031670","","Global","FUN_00519b90","00519b90","0"
"","Global","FUN_000316f0","000316f0","","Global","FUN_00519bf0","00519bf0","0"
"","Global","FUN_000317f0","000317f0","","Global","FUN_00519cc0","00519cc0","0"
"","Global","FUN_00031850","00031850","","Global","FUN_00519d00","00519d00","0"
"","Global","FUN_000318c0","000318c0","","Global","FUN_00519d70","00519d70","0"
"","Global","FUN_00031950","00031950","","Global","FUN_00519df0","00519df0","0"
"","Global","FUN_00031980","00031980","","Global","FUN_00519e10","00519e10","0"
"","Global","FUN_000319d0","000319d0","","Global","FUN_00519e60","00519e60","0"
"","Global","FUN_00031a10","00031a10","","Global","FUN_00519ea0","00519ea0","0"
"","Global","FUN_00031a80","00031a80","","Global","FUN_00519f10","00519f10","0"
"","Global","FUN_00031ac0","00031ac0","","Global","FUN_00489660","00489660","0"
"","Global","FUN_00031bf0","00031bf0","","Global","FUN_00489760","00489760","0"
"","Global","FUN_00031ca0","00031ca0","","Global","FUN_00489810","00489810","0"
"","Global","FUN_00031d50","00031d50","","Global","FUN_004898c0","004898c0","0"
"","Global","FUN_00031ed0","00031ed0","","Global","FUN_00489a30","00489a30","0"
"","Global","FUN_00032030","00032030","","Global","FUN_00489b70","00489b70","0"
"","Global","FUN_000320e0","000320e0","","Global","FUN_00489c00","00489c00","0"
"","Global","FUN_00032150","00032150","","Global","FUN_00489c70","00489c70","0"
"","Global","FUN_000322c0","000322c0","","Global","FUN_00489de0","00489de0","0"
"","Global","FUN_00032430","00032430","","Global","FUN_00489f60","00489f60","0"
"","Global","FUN_00032820","00032820","","Global","FUN_0048a350","0048a350","0"
"","Global","FUN_00032ac0","00032ac0","","Global","FUN_0048a5f0","0048a5f0","0"
"","Global","FUN_00032d70","00032d70","","Global","FUN_0048a850","0048a850","0"
"","Global","FUN_00032e90","00032e90","","Global","FUN_0048a970","0048a970","0"
"","Global","FUN_00033020","00033020","","Global","FUN_0048aa80","0048aa80","0"
"","Global","FUN_00033250","00033250","","Global","FUN_0048acb0","0048acb0","0"
"","Global","FUN_000335b0","000335b0","","Global","FUN_0048b010","0048b010","0"
"","Global","FUN_00033700","00033700","","Global","FUN_0005bb20","0005bb20","0"
"","Global","FUN_000337d0","000337d0","","Global","FUN_000327b0","000327b0","0"
"","Global","FUN_00033870","00033870","","Global","FUN_0048b0c0","0048b0c0","0"
"","Global","FUN_00033af0","00033af0","","Global","FUN_0005cdb0","0005cdb0","0"
"","Global","FUN_00033dd0","00033dd0","","Global","FUN_0048b120","0048b120","0"
"","Global","FUN_00034110","00034110","","Global","FUN_00034200","00034200","0"
"","Global","FUN_00034210","00034210","","Global","FUN_00034800","00034800","0"
"","Global","FUN_00034360","00034360","","Global","FUN_0005ea60","0005ea60","0"
"","Global","FUN_00034430","00034430","","Global","FUN_00034d30","00034d30","0"
"","Global","FUN_00034540","00034540","","Global","FUN_0048b200","0048b200","0"
"","Global","FUN_00034b60","00034b60","","Global","FUN_000b6f00","000b6f00","0"
"","Global","FUN_00034be0","00034be0","","Global","FUN_0048b480","0048b480","0"
"","Global","FUN_00034c10","00034c10","","Global","FUN_000386d0","000386d0","0"
"","Global","FUN_00034db0","00034db0","","Global","FUN_00039ad0","00039ad0","0"
"","Global","FUN_00035090","00035090","","Global","FUN_0048b590","0048b590","0"
"","Global","FUN_00035160","00035160","","Global","FUN_0048c9e0","0048c9e0","0"
"","Global","FUN_000351f0","000351f0","","Global","FUN_0048ca70","0048ca70","0"
"","Global","FUN_00035250","00035250","","Global","FUN_0048cad0","0048cad0","0"
"","Global","FUN_00035270","00035270","","Global","FUN_0048caf0","0048caf0","0"
"","Global","FUN_000352f0","000352f0","","Global","FUN_0048cb70","0048cb70","0"
"","Global","FUN_00035390","00035390","","Global","FUN_0048cc10","0048cc10","0"
"","Global","FUN_00035440","00035440","","Global","FUN_0048ccc0","0048ccc0","0"
"","Global","FUN_000354f0","000354f0","","Global","FUN_0048cd70","0048cd70","0"
"","Global","FUN_00035610","00035610","","Global","FUN_00572300","00572300","0"
"","Global","FUN_00035940","00035940","","Global","FUN_00535c80","00535c80","0"
"","Global","FUN_00035a50","00035a50","","Global","FUN_00535d10","00535d10","0"
"","Global","FUN_00035ca0","00035ca0","","Global","FUN_00535f50","00535f50","0"
"","Global","FUN_000361d0","000361d0","","Global","FUN_005363b0","005363b0","0"
"","Global","FUN_00036240","00036240","","Global","FUN_00536420","00536420","0"
"","Global","FUN_000362b0","000362b0","","Global","FUN_00536490","00536490","0"
"","Global","FUN_000363b0","000363b0","","Global","FUN_00536590","00536590","0"
"","Global","FUN_00036750","00036750","","Global","FUN_00536910","00536910","0"
"","Global","FUN_000367b0","000367b0","","Global","FUN_00536970","00536970","0"
"","Global","FUN_00036800","00036800","","Global","FUN_005369c0","005369c0","0"
"","Global","FUN_00036aa0","00036aa0","","Global","FUN_00536c60","00536c60","0"
"","Global","FUN_00036c80","00036c80","","Global","FUN_00536e40","00536e40","0"
"","Global","FUN_00036ed0","00036ed0","","Global","FUN_00537090","00537090","0"
"","Global","FUN_00036f20","00036f20","","Global","FUN_005370e0","005370e0","0"
"","Global","FUN_00036f70","00036f70","","Global","FUN_00537130","00537130","0"
"","Global","FUN_00036f90","00036f90","","Global","FUN_00537150","00537150","0"
"","Global","FUN_00037280","00037280","","Global","FUN_00537440","00537440","0"
"","Global","FUN_00037470","00037470","","Global","FUN_005375f0","005375f0","0"
"","Global","FUN_000376b0","000376b0","","Global","FUN_005377f0","005377f0","0"
"","Global","FUN_00037740","00037740","","Global","FUN_00537840","00537840","0"
"","Global","FUN_00037790","00037790","","Global","FUN_00537890","00537890","0"
"","Global","FUN_000377d0","000377d0","","Global","FUN_004d99d0","004d99d0","0"
"","Global","FUN_00037890","00037890","","Global","FUN_00030560","00030560","0"
"","Global","FUN_000379e0","000379e0","","Global","FUN_00537a20","00537a20","0"
"","Global","FUN_00037b60","00037b60","","Global","FUN_0052be10","0052be10","0"
"","Global","FUN_00037b90","00037b90","","Global","FUN_00537b70","00537b70","0"
"","Global","FUN_00037bc0","00037bc0","","Global","FUN_00537ba0","00537ba0","0"
"","Global","FUN_00037c60","00037c60","","Global","FUN_00537c40","00537c40","0"
"","Global","FUN_00038470","00038470","","Global","FUN_00538430","00538430","0"
"","Global","FUN_00038490","00038490","","Global","FUN_00538450","00538450","0"
"","Global","FUN_000384b0","000384b0","","Global","FUN_00538470","00538470","0"
"","Global","FUN_000384f0","000384f0","","Global","FUN_0048d950","0048d950","0"
"","Global","FUN_00038530","00038530","","Global","FUN_005384b0","005384b0","0"
"","Global","FUN_00038570","00038570","","Global","FUN_005384f0","005384f0","0"
"","Global","FUN_000385a0","000385a0","","Global","FUN_00538520","00538520","0"
"","Global","FUN_00038780","00038780","","Global","FUN_00538700","00538700","0"
"","Global","FUN_00038c60","00038c60","","Global","FUN_00538b90","00538b90","0"
"","Global","FUN_00038cc0","00038cc0","","Global","FUN_0048e280","0048e280","0"
"","Global","FUN_000390b0","000390b0","","Global","FUN_00538ef0","00538ef0","0"
"","Global","FUN_00039110","00039110","","Global","FUN_00538f50","00538f50","0"
"","Global","FUN_00039200","00039200","","Global","FUN_00539040","00539040","0"
"","Global","FUN_00039230","00039230","","Global","FUN_00539070","00539070","0"
"","Global","FUN_000392c0","000392c0","","Global","FUN_00539100","00539100","0"
"","Global","FUN_00039510","00039510","","Global","FUN_00539350","00539350","0"
"","Global","FUN_000395b0","000395b0","","Global","FUN_005393f0","005393f0","0"
"","Global","FUN_00039790","00039790","","Global","FUN_00539570","00539570","0"
"","Global","FUN_000397c0","000397c0","","Global","FUN_005395a0","005395a0","0"
"","Global","FUN_000397f0","000397f0","","Global","FUN_005395d0","005395d0","0"
"","Global","FUN_000398c0","000398c0","","Global","FUN_005396a0","005396a0","0"
"","Global","FUN_000398f0","000398f0","","Global","FUN_00030650","00030650","0"
"","Global","FUN_00039910","00039910","","Global","FUN_005396d0","005396d0","0"
"","Global","FUN_00039970","00039970","","Global","FUN_00539730","00539730","0"
"","Global","FUN_000399a0","000399a0","","Global","FUN_00539760","00539760","0"
"","Global","FUN_00039a30","00039a30","","Global","FUN_005397c0","005397c0","0"
"","Global","FUN_00039a60","00039a60","","Global","FUN_005397f0","005397f0","0"
"","Global","FUN_00039b50","00039b50","","Global","FUN_00030930","00030930","0"
"","Global","FUN_00039b80","00039b80","","Global","FUN_00030960","00030960","0"
"","Global","FUN_00039ba0","00039ba0","","Global","FUN_00030980","00030980","0"
"","Global","FUN_00039bf0","00039bf0","","Global","FUN_00539900","00539900","0"
"","Global","FUN_00039c20","00039c20","","Global","FUN_00539930","00539930","0"
"","Global","FUN_00039c40","00039c40","","Global","FUN_00539950","00539950","0"
"","Global","FUN_00039c80","00039c80","","Global","FUN_00490b60","00490b60","0"
"","Global","FUN_00039cc0","00039cc0","","Global","FUN_00539990","00539990","0"
"","Global","FUN_00039d00","00039d00","","Global","FUN_005399d0","005399d0","0"
"","Global","FUN_00039d30","00039d30","","Global","FUN_00539a00","00539a00","0"
"","Global","FUN_0003a080","0003a080","","Global","FUN_005726b0","005726b0","0"
"","Global","FUN_0003a1b0","0003a1b0","","Global","FUN_005727e0","005727e0","0"
"","Global","FUN_0003a550","0003a550","","Global","FUN_00572b50","00572b50","0"
"","Global","FUN_0003a7a0","0003a7a0","","Global","FUN_00539b40","00539b40","0"
"","Global","FUN_0003a9e0","0003a9e0","","Global","FUN_00539d20","00539d20","0"
"","Global","FUN_0003aab0","0003aab0","","Global","FUN_00539d50","00539d50","0"
"","Global","FUN_0003abb0","0003abb0","","Global","FUN_00539e00","00539e00","0"
"","Global","FUN_0003adb0","0003adb0","","Global","FUN_00539fe0","00539fe0","0"
"","Global","FUN_0003afb0","0003afb0","","Global","FUN_0053a180","0053a180","0"
"","Global","FUN_0003b0a0","0003b0a0","","Global","FUN_0053a270","0053a270","0"
"","Global","FUN_0003b190","0003b190","","Global","FUN_0053a360","0053a360","0"
"","Global","FUN_0003b210","0003b210","","Global","FUN_0053a3e0","0053a3e0","0"
"","Global","FUN_0003b250","0003b250","","Global","FUN_0053a420","0053a420","0"
"","Global","FUN_0003b280","0003b280","","Global","FUN_0053a450","0053a450","0"
"","Global","FUN_0003b3c0","0003b3c0","","Global","FUN_0048e360","0048e360","0"
"","Global","FUN_0003b3e0","0003b3e0","","Global","FUN_0053a550","0053a550","0"
"","Global","FUN_0003b8b0","0003b8b0","","Global","FUN_0053a9c0","0053a9c0","0"
"","Global","FUN_0003b9d0","0003b9d0","","Global","FUN_0053aae0","0053aae0","0"
"","Global","FUN_0003bc10","0003bc10","","Global","FUN_0053ac40","0053ac40","0"
"","Global","FUN_0003be00","0003be00","","Global","FUN_0053adb0","0053adb0","0"
"","Global","FUN_0003be70","0003be70","","Global","FUN_0053ae20","0053ae20","0"
"","Global","FUN_0003c010","0003c010","","Global","FUN_0053afc0","0053afc0","0"
"","Global","FUN_0003c0a0","0003c0a0","","Global","FUN_0053b050","0053b050","0"
"","Global","FUN_0003c110","0003c110","","Global","FUN_0048f5f0","0048f5f0","0"
"","Global","FUN_0003c140","0003c140","","Global","FUN_0053b0c0","0053b0c0","0"
"","Global","FUN_0003c160","0003c160","","Global","FUN_0053b0e0","0053b0e0","0"
"","Global","FUN_0003c250","0003c250","","Global","FUN_0053b1d0","0053b1d0","0"
"","Global","FUN_0003c2a0","0003c2a0","","Global","FUN_0053b220","0053b220","0"
"","Global","FUN_0003c630","0003c630","","Global","FUN_0053b5b0","0053b5b0","0"
"","Global","FUN_0003c9e0","0003c9e0","","Global","FUN_0053b960","0053b960","0"
"","Global","FUN_0003ca50","0003ca50","","Global","FUN_0053b9d0","0053b9d0","0"
"","Global","FUN_0003cbb0","0003cbb0","","Global","FUN_0053bb00","0053bb00","0"
"","Global","FUN_0003cc90","0003cc90","","Global","FUN_0053bbb0","0053bbb0","0"
"","Global","FUN_0003cd30","0003cd30","","Global","FUN_0053bc30","0053bc30","0"
"","Global","FUN_0003ce00","0003ce00","","Global","FUN_0053bd00","0053bd00","0"
"","Global","FUN_0003cfb0","0003cfb0","","Global","FUN_0053beb0","0053beb0","0"
"","Global","FUN_0003cfd0","0003cfd0","","Global","FUN_0053bed0","0053bed0","0"
"","Global","FUN_0003d140","0003d140","","Global","FUN_0053c040","0053c040","0"
"","Global","FUN_0003d230","0003d230","","Global","FUN_0053c130","0053c130","0"
"","Global","FUN_0003d370","0003d370","","Global","FUN_0053c270","0053c270","0"
"","Global","FUN_0003d420","0003d420","","Global","FUN_0053c320","0053c320","0"
"","Global","FUN_0003d4c0","0003d4c0","","Global","FUN_0053c3c0","0053c3c0","0"
"","Global","FUN_0003d520","0003d520","","Global","FUN_0053c410","0053c410","0"
"","Global","FUN_0003d5d0","0003d5d0","","Global","FUN_0053c4c0","0053c4c0","0"
"","Global","FUN_0003d650","0003d650","","Global","FUN_0053c540","0053c540","0"
"","Global","FUN_0003d6a0","0003d6a0","","Global","FUN_0053c590","0053c590","0"
"","Global","FUN_0003d6e0","0003d6e0","","Global","FUN_0053c5d0","0053c5d0","0"
"","Global","FUN_0003dd80","0003dd80","","Global","FUN_0053cb50","0053cb50","0"
"","Global","FUN_0003dde0","0003dde0","","Global","FUN_0053cbb0","0053cbb0","0"
"","Global","FUN_0003e000","0003e000","","Global","FUN_0053cdd0","0053cdd0","0"
"","Global","FUN_0003e2f0","0003e2f0","","Global","FUN_0053d0a0","0053d0a0","0"
"","Global","FUN_0003e440","0003e440","","Global","FUN_0053d1a0","0053d1a0","0"
"","Global","FUN_0003e610","0003e610","","Global","FUN_0053d300","0053d300","0"
"","Global","FUN_0003e660","0003e660","","Global","FUN_0053d350","0053d350","0"
"","Global","FUN_0003e760","0003e760","","Global","FUN_0053d450","0053d450","0"
"","Global","FUN_0003e790","0003e790","","Global","FUN_0053d480","0053d480","0"
"","Global","FUN_0003e840","0003e840","","Global","FUN_0053d530","0053d530","0"
"","Global","FUN_0003ec40","0003ec40","","Global","FUN_0053d930","0053d930","0"
"","Global","FUN_0003f240","0003f240","","Global","FUN_0048d9d0","0048d9d0","0"
"","Global","FUN_0003f2e0","0003f2e0","","Global","FUN_0048da70","0048da70","0"
"","Global","FUN_0003f320","0003f320","","Global","FUN_0048dab0","0048dab0","0"
"","Global","FUN_0003f350","0003f350","","Global","FUN_0048dae0","0048dae0","0"
"","Global","FUN_0003f3c0","0003f3c0","","Global","FUN_0048dc00","0048dc00","0"
"","Global","FUN_0003f800","0003f800","","Global","FUN_00032490","00032490","0"
"","Global","FUN_0003f820","0003f820","","Global","FUN_0048e150","0048e150","0"
"","Global","FUN_0003fa30","0003fa30","","Global","FUN_0048e380","0048e380","0"
"","Global","FUN_0003faa0","0003faa0","","Global","FUN_0048e3f0","0048e3f0","0"
"","Global","FUN_000406c0","000406c0","","Global","FUN_0048f180","0048f180","0"
"","Global","FUN_000407e0","000407e0","","Global","FUN_0048f2a0","0048f2a0","0"
"","Global","FUN_000409e0","000409e0","","Global","FUN_0048f4d0","0048f4d0","0"
"","Global","FUN_00040b00","00040b00","","Global","FUN_000303f0","000303f0","0"
"","Global","FUN_00040b20","00040b20","","Global","FUN_0048f620","0048f620","0"
"","Global","FUN_00040b70","00040b70","","Global","FUN_0048f670","0048f670","0"
"","Global","FUN_00040ba0","00040ba0","","Global","FUN_0048f6a0","0048f6a0","0"
"","Global","FUN_00040cf0","00040cf0","","Global","FUN_0048f7f0","0048f7f0","0"
"","Global","FUN_00040d40","00040d40","","Global","FUN_0048f840","0048f840","0"
"","Global","FUN_00040eb0","00040eb0","","Global","FUN_0048f9b0","0048f9b0","0"
"","Global","FUN_00041010","00041010","","Global","FUN_0048fb10","0048fb10","0"
"","Global","FUN_00041090","00041090","","Global","FUN_0048fb90","0048fb90","0"
"","Global","FUN_00041120","00041120","","Global","FUN_0048fc20","0048fc20","0"
"","Global","FUN_00041180","00041180","","Global","FUN_0048fc80","0048fc80","0"
"","Global","FUN_00041240","00041240","","Global","FUN_0048fd40","0048fd40","0"
"","Global","FUN_00041380","00041380","","Global","FUN_0048fe80","0048fe80","0"
"","Global","FUN_000413a0","000413a0","","Global","FUN_0048fea0","0048fea0","0"
"","Global","FUN_000415a0","000415a0","","Global","FUN_004900a0","004900a0","0"
"","Global","FUN_00041620","00041620","","Global","FUN_00490120","00490120","0"
"","Global","FUN_00041dc0","00041dc0","","Global","FUN_00038bd0","00038bd0","0"
"","Global","FUN_00041f20","00041f20","","Global","FUN_00490990","00490990","0"
"","Global","FUN_00042010","00042010","","Global","FUN_00490a90","00490a90","0"
"","Global","FUN_00042160","00042160","","Global","FUN_00490c20","00490c20","0"
"","Global","FUN_000421c0","000421c0","","Global","FUN_00490c80","00490c80","0"
"","Global","FUN_00042370","00042370","","Global","FUN_00516910","00516910","0"
"","Global","FUN_000429e0","000429e0","","Global","FUN_00516e50","00516e50","0"
"","Global","FUN_00042a80","00042a80","","Global","FUN_00516ef0","00516ef0","0"
"","Global","FUN_00042f20","00042f20","","Global","FUN_00517300","00517300","0"
"","Global","FUN_00043150","00043150","","Global","FUN_00517510","00517510","0"
"","Global","FUN_00043250","00043250","","Global","FUN_00517610","00517610","0"
"","Global","FUN_00043320","00043320","","Global","FUN_005176e0","005176e0","0"
"","Global","FUN_00043400","00043400","","Global","FUN_005177c0","005177c0","0"
"","Global","FUN_00043550","00043550","","Global","FUN_00517900","00517900","0"
"","Global","FUN_000436a0","000436a0","","Global","FUN_00517a50","00517a50","0"
"","Global","FUN_000436d0","000436d0","","Global","FUN_00517a80","00517a80","0"
"","Global","FUN_00043a40","00043a40","","Global","FUN_00517d90","00517d90","0"
"","Global","FUN_00043b70","00043b70","","Global","FUN_00517ec0","00517ec0","0"
"","Global","FUN_00043c20","00043c20","","Global","FUN_00517f70","00517f70","0"
"","Global","FUN_00043de0","00043de0","","Global","FUN_00518130","00518130","0"
"","Global","FUN_00043e90","00043e90","","Global","FUN_005181e0","005181e0","0"
"","Global","FUN_00043ef0","00043ef0","","Global","FUN_0050ca20","0050ca20","0"
"","Global","FUN_00043f80","00043f80","","Global","FUN_00518270","00518270","0"
"","Global","FUN_00044170","00044170","","Global","FUN_00572d80","00572d80","0"
"","Global","FUN_000444d0","000444d0","","Global","FUN_005730e0","005730e0","0"
"","Global","FUN_00044760","00044760","","Global","FUN_00573370","00573370","0"
"","Global","FUN_00044880","00044880","","Global","FUN_00573490","00573490","0"
"","Global","FUN_00044950","00044950","","Global","FUN_0054a370","0054a370","0"
"","Global","FUN_000449e0","000449e0","","Global","FUN_0054a400","0054a400","0"
"","Global","FUN_00044ae0","00044ae0","","Global","FUN_0054a4d0","0054a4d0","0"
"","Global","FUN_00044b30","00044b30","","Global","FUN_0054a520","0054a520","0"
"","Global","FUN_00044b90","00044b90","","Global","FUN_0054a580","0054a580","0"
"","Global","FUN_00044bf0","00044bf0","","Global","FUN_0054a5e0","0054a5e0","0"
"","Global","FUN_00044ce0","00044ce0","","Global","FUN_0054a6b0","0054a6b0","0"
"","Global","FUN_00044d80","00044d80","","Global","FUN_0054a750","0054a750","0"
"","Global","FUN_00045380","00045380","","Global","FUN_0005d310","0005d310","0"
"","Global","FUN_000454a0","000454a0","","Global","FUN_005739e0","005739e0","0"
"","Global","FUN_00045970","00045970","","Global","FUN_004938a0","004938a0","0"
"","Global","FUN_00045b90","00045b90","","Global","FUN_00574020","00574020","0"
"","Global","FUN_00045c60","00045c60","","Global","FUN_00082210","00082210","0"
"","Global","FUN_00045cc0","00045cc0","","Global","FUN_000835c0","000835c0","0"
"","Global","FUN_00045cf0","00045cf0","","Global","FUN_000835f0","000835f0","0"
"","Global","FUN_000461e0","000461e0","","Global","FUN_00574530","00574530","0"
"","Global","FUN_000462f0","000462f0","","Global","FUN_00574640","00574640","0"
"","Global","FUN_00046400","00046400","","Global","FUN_00574740","00574740","0"
"","Global","FUN_00046490","00046490","","Global","FUN_005747d0","005747d0","0"
"","Global","FUN_000465c0","000465c0","","Global","FUN_00574900","00574900","0"
"","Global","FUN_00046650","00046650","","Global","FUN_00574990","00574990","0"
"","Global","FUN_00046870","00046870","","Global","FUN_00574b90","00574b90","0"
"","Global","FUN_00047340","00047340","","Global","FUN_00491cd0","00491cd0","0"
"","Global","FUN_00047690","00047690","","Global","FUN_00575470","00575470","0"
"","Global","FUN_00047880","00047880","","Global","FUN_005755d0","005755d0","0"
"","Global","FUN_00047da0","00047da0","","Global","FUN_00575830","00575830","0"
"","Global","FUN_00048280","00048280","","Global","FUN_00575d10","00575d10","0"
"","Global","FUN_000482e0","000482e0","","Global","FUN_00575d70","00575d70","0"
"","Global","FUN_000483a0","000483a0","","Global","FUN_00575e30","00575e30","0"
"","Global","FUN_00048680","00048680","","Global","FUN_00575ee0","00575ee0","0"
"","Global","FUN_000490a0","000490a0","","Global","FUN_005761e0","005761e0","0"
"","Global","FUN_00049110","00049110","","Global","FUN_00576250","00576250","0"
"","Global","FUN_00049250","00049250","","Global","FUN_00576390","00576390","0"
"","Global","FUN_00049330","00049330","","Global","FUN_00035fd0","00035fd0","0"
"","Global","FUN_00049380","00049380","","Global","FUN_00576480","00576480","0"
"","Global","FUN_000493a0","000493a0","","Global","FUN_005764a0","005764a0","0"
"","Global","FUN_00049420","00049420","","Global","FUN_00576500","00576500","0"
"","Global","FUN_00049480","00049480","","Global","FUN_00576560","00576560","0"
"","Global","FUN_000494a0","000494a0","","Global","FUN_00576580","00576580","0"
"","Global","FUN_000495b0","000495b0","","Global","FUN_00576650","00576650","0"
"","Global","FUN_00049840","00049840","","Global","FUN_00576790","00576790","0"
"","Global","FUN_000498f0","000498f0","","Global","FUN_005767f0","005767f0","0"
"","Global","FUN_00049960","00049960","","Global","FUN_00576860","00576860","0"
"","Global","FUN_00049ac0","00049ac0","","Global","FUN_00576980","00576980","0"
"","Global","FUN_00049b50","00049b50","","Global","FUN_005769f0","005769f0","0"
"","Global","FUN_00049b90","00049b90","","Global","FUN_00576a30","00576a30","0"
"","Global","FUN_00049c80","00049c80","","Global","FUN_00576b20","00576b20","0"
"","Global","FUN_00049d50","00049d50","","Global","FUN_00576bf0","00576bf0","0"
"","Global","FUN_00049e40","00049e40","","Global","FUN_00576ce0","00576ce0","0"
"","Global","FUN_00049f20","00049f20","","Global","FUN_00576dc0","00576dc0","0"
"","Global","FUN_0004a130","0004a130","","Global","FUN_00576ec0","00576ec0","0"
"","Global","FUN_0004a1a0","0004a1a0","","Global","FUN_00576f30","00576f30","0"
"","Global","FUN_0004a450","0004a450","","Global","FUN_00577020","00577020","0"
"","Global","FUN_0004a470","0004a470","","Global","FUN_00105de0","00105de0","0"
"","Global","FUN_0004ae10","0004ae10","","Global","FUN_0005bbd0","0005bbd0","0"
"","Global","FUN_0004af00","0004af00","","Global","FUN_005779a0","005779a0","0"
"","Global","FUN_0004bf90","0004bf90","","Global","FUN_00578a10","00578a10","0"
"","Global","FUN_0004c025","0004c025","","Global","FUN_00578aa5","00578aa5","0"
"","Global","FUN_0004c0b0","0004c0b0","","Global","FUN_00578b30","00578b30","0"
"","Global","FUN_0004c1e0","0004c1e0","","Global","FUN_00578c60","00578c60","0"
"","Global","FUN_0004c220","0004c220","","Global","FUN_00578ca0","00578ca0","0"
"","Global","FUN_0004c670","0004c670","","Global","FUN_005790f0","005790f0","0"
"","Global","FUN_0004c790","0004c790","","Global","FUN_00579210","00579210","0"
"","Global","FUN_0004c880","0004c880","","Global","FUN_00579300","00579300","0"
"","Global","FUN_0004c8e0","0004c8e0","","Global","FUN_00579360","00579360","0"
"","Global","FUN_0004c960","0004c960","","Global","FUN_005793e0","005793e0","0"
"","Global","FUN_0004cb30","0004cb30","","Global","FUN_005795b0","005795b0","0"
"","Global","FUN_0004cbe0","0004cbe0","","Global","FUN_00561970","00561970","0"
"","Global","FUN_0004cc20","0004cc20","","Global","FUN_005619b0","005619b0","0"
"","Global","FUN_0004cc80","0004cc80","","Global","FUN_00561a00","00561a00","0"
"","Global","FUN_0004cd30","0004cd30","","Global","FUN_00561ab0","00561ab0","0"
"","Global","FUN_0004ce30","0004ce30","","Global","FUN_00561bb0","00561bb0","0"
"","Global","FUN_0004ce70","0004ce70","","Global","FUN_00561bc0","00561bc0","0"
"","Global","FUN_0004d070","0004d070","","Global","FUN_00561dc0","00561dc0","0"
"","Global","FUN_0004d6a0","0004d6a0","","Global","FUN_00579ba0","00579ba0","0"
"","Global","FUN_0004d6c0","0004d6c0","","Global","FUN_00579bc0","00579bc0","0"
"","Global","FUN_0004d730","0004d730","","Global","FUN_00579c30","00579c30","0"
"","Global","FUN_0004d850","0004d850","","Global","FUN_00579d50","00579d50","0"
"","Global","FUN_0004d880","0004d880","","Global","FUN_00579d80","00579d80","0"
"","Global","FUN_0004db10","0004db10","","Global","FUN_0057a010","0057a010","0"
"","Global","FUN_0004dff0","0004dff0","","Global","FUN_0057a4f0","0057a4f0","0"
"","Global","FUN_0004e050","0004e050","","Global","FUN_0057a550","0057a550","0"
"","Global","FUN_0004e070","0004e070","","Global","FUN_0057a570","0057a570","0"
"","Global","FUN_0004e320","0004e320","","Global","FUN_0057a820","0057a820","0"
"","Global","FUN_0004e520","0004e520","","Global","FUN_0057aa10","0057aa10","0"
"","Global","FUN_0004e9e0","0004e9e0","","Global","FUN_0057add0","0057add0","0"
"","Global","FUN_0004eb90","0004eb90","","Global","FUN_0057af80","0057af80","0"
"","Global","FUN_0004ecb0","0004ecb0","","Global","FUN_0057b080","0057b080","0"
"","Global","FUN_0004ede0","0004ede0","","Global","FUN_0057b1b0","0057b1b0","0"
"","Global","FUN_0004ee60","0004ee60","","Global","FUN_0057b230","0057b230","0"
"","Global","FUN_0004ee90","0004ee90","","Global","FUN_0057b260","0057b260","0"
"","Global","FUN_0004eec0","0004eec0","","Global","FUN_0057b290","0057b290","0"
"","Global","FUN_0004ef00","0004ef00","","Global","FUN_0048b610","0048b610","0"
"","Global","FUN_0004f120","0004f120","","Global","FUN_0057b4d0","0057b4d0","0"
"","Global","FUN_0004f6d0","0004f6d0","","Global","FUN_0057ba70","0057ba70","0"
"","Global","FUN_0004f750","0004f750","","Global","FUN_0057baf0","0057baf0","0"
"","Global","FUN_0004f780","0004f780","","Global","FUN_0057bb20","0057bb20","0"
"","Global","FUN_0004fca0","0004fca0","","Global","FUN_0057be60","0057be60","0"
"","Global","FUN_0004fd10","0004fd10","","Global","FUN_0057bed0","0057bed0","0"
"","Global","FUN_0004fd70","0004fd70","","Global","FUN_0057bf30","0057bf30","0"
"","Global","FUN_0004ff60","0004ff60","","Global","FUN_0057c120","0057c120","0"
"","Global","FUN_0004ffe0","0004ffe0","","Global","FUN_0057c1a0","0057c1a0","0"
"","Global","FUN_000500b0","000500b0","","Global","FUN_0057c270","0057c270","0"
"","Global","FUN_000501d0","000501d0","","Global","FUN_0057c390","0057c390","0"
"","Global","FUN_00050220","00050220","","Global","FUN_0057c3e0","0057c3e0","0"
"","Global","FUN_00050350","00050350","","Global","FUN_0057c510","0057c510","0"
"","Global","FUN_00050450","00050450","","Global","FUN_0057c610","0057c610","0"
"","Global","FUN_00050500","00050500","","Global","FUN_0057c6c0","0057c6c0","0"
"","Global","FUN_000505f0","000505f0","","Global","FUN_0057c7b0","0057c7b0","0"
"","Global","FUN_00050b80","00050b80","","Global","FUN_0051a360","0051a360","0"
"","Global","FUN_00050d40","00050d40","","Global","FUN_00032150","00032150","0"
"","Global","FUN_00050de0","00050de0","","Global","FUN_0003f980","0003f980","0"
"","Global","FUN_00050ea0","00050ea0","","Global","FUN_000325f0","000325f0","0"
"","Global","FUN_00050ee0","00050ee0","","Global","FUN_0003fab0","0003fab0","0"
"","Global","FUN_00050f70","00050f70","","Global","FUN_00032c80","00032c80","0"
"","Global","FUN_00050fa0","00050fa0","","Global","FUN_00032cb0","00032cb0","0"
"","Global","FUN_00051080","00051080","","Global","FUN_00033580","00033580","0"
"","Global","FUN_00051190","00051190","","Global","FUN_00033630","00033630","0"
"","Global","FUN_00051330","00051330","","Global","FUN_00033f00","00033f00","0"
"","Global","FUN_000514a0","000514a0","","Global","FUN_0052b1b0","0052b1b0","0"
"","Global","FUN_00051c30","00051c30","","Global","FUN_00043b00","00043b00","0"
"","Global","FUN_00051f00","00051f00","","Global","FUN_0052b850","0052b850","0"
"","Global","FUN_00051fe0","00051fe0","","Global","FUN_0052b930","0052b930","0"
"","Global","FUN_000524e0","000524e0","","Global","FUN_00047150","00047150","0"
"","Global","FUN_00052520","00052520","","Global","FUN_0052bc10","0052bc10","0"
"","Global","FUN_000525a0","000525a0","","Global","FUN_00047260","00047260","0"
"","Global","FUN_00052740","00052740","","Global","FUN_000829d0","000829d0","0"
"","Global","FUN_000528e0","000528e0","","Global","FUN_0003acb0","0003acb0","0"
"","Global","FUN_00052900","00052900","","Global","FUN_0003acd0","0003acd0","0"
"","Global","FUN_00052920","00052920","","Global","FUN_0003acf0","0003acf0","0"
"","Global","FUN_00052c80","00052c80","","Global","FUN_0052c0c0","0052c0c0","0"
"","Global","FUN_000530a0","000530a0","","Global","FUN_000321f0","000321f0","0"
"","Global","FUN_00053340","00053340","","Global","FUN_00033510","00033510","0"
"","Global","FUN_000533b0","000533b0","","Global","FUN_0005cff0","0005cff0","0"
"","Global","FUN_000537d0","000537d0","","Global","FUN_0052c6e0","0052c6e0","0"
"","Global","FUN_00054070","00054070","","Global","FUN_0052cf80","0052cf80","0"
"","Global","FUN_00054260","00054260","","Global","FUN_0052d170","0052d170","0"
"","Global","FUN_00054b10","00054b10","","Global","FUN_0052d9b0","0052d9b0","0"
"","Global","FUN_00055350","00055350","","Global","FUN_0005b9c0","0005b9c0","0"
"","Global","FUN_00055380","00055380","","Global","FUN_00032470","00032470","0"
"","Global","FUN_00055460","00055460","","Global","FUN_0005d270","0005d270","0"
"","Global","FUN_000555e0","000555e0","","Global","FUN_0055b5c0","0055b5c0","0"
"","Global","FUN_00055b30","00055b30","","Global","FUN_0055baa0","0055baa0","0"
"","Global","FUN_00055c60","00055c60","","Global","FUN_0055bbd0","0055bbd0","0"
"","Global","FUN_00055dc0","00055dc0","","Global","FUN_000794c0","000794c0","0"
"","Global","FUN_00055f20","00055f20","","Global","FUN_00083310","00083310","0"
"","Global","FUN_00055f40","00055f40","","Global","FUN_0055bda0","0055bda0","0"
"","Global","FUN_00055fe0","00055fe0","","Global","FUN_00085f00","00085f00","0"
"","Global","FUN_00056370","00056370","","Global","FUN_00032400","00032400","0"
"","Global","FUN_000569c0","000569c0","","Global","FUN_0052e580","0052e580","0"
"","Global","FUN_00056b80","00056b80","","Global","FUN_000394c0","000394c0","0"
"","Global","FUN_00056d10","00056d10","","Global","FUN_0003aa80","0003aa80","0"
"","Global","FUN_00057720","00057720","","Global","FUN_0057d2c0","0057d2c0","0"
"","Global","FUN_00057b80","00057b80","","Global","FUN_0057d720","0057d720","0"
"","Global","FUN_00057f60","00057f60","","Global","FUN_0057db00","0057db00","0"
"","Global","FUN_000580c0","000580c0","","Global","FUN_0057dc60","0057dc60","0"
"","Global","FUN_000590f0","000590f0","","Global","FUN_0057ec90","0057ec90","0"
"","Global","FUN_00059400","00059400","","Global","FUN_0057efa0","0057efa0","0"
"","Global","FUN_00059490","00059490","","Global","FUN_0057f030","0057f030","0"
"","Global","FUN_00059600","00059600","","Global","FUN_0057f1a0","0057f1a0","0"
"","Global","FUN_000596b0","000596b0","","Global","FUN_0057f250","0057f250","0"
"","Global","FUN_000599c0","000599c0","","Global","FUN_0057f560","0057f560","0"
"","Global","FUN_00059d20","00059d20","","Global","FUN_0057f8c0","0057f8c0","0"
"","Global","FUN_00059e90","00059e90","","Global","FUN_0057fa30","0057fa30","0"
"","Global","FUN_00059f10","00059f10","","Global","FUN_0057fab0","0057fab0","0"
"","Global","FUN_00059f90","00059f90","","Global","FUN_0057fb30","0057fb30","0"
"","Global","FUN_0005a770","0005a770","","Global","FUN_00580310","00580310","0"
"","Global","FUN_0005a830","0005a830","","Global","FUN_005803d0","005803d0","0"
"","Global","FUN_0005a9d0","0005a9d0","","Global","FUN_00580570","00580570","0"
"","Global","FUN_0005aa60","0005aa60","","Global","FUN_00580600","00580600","0"
"","Global","FUN_0005abb0","0005abb0","","Global","FUN_00580750","00580750","0"
"","Global","FUN_0005ac30","0005ac30","","Global","FUN_005807d0","005807d0","0"
"","Global","FUN_0005ad00","0005ad00","","Global","FUN_005808a0","005808a0","0"
"","Global","FUN_0005afe0","0005afe0","","Global","FUN_00580b70","00580b70","0"
"","Global","FUN_0005b050","0005b050","","Global","FUN_00580be0","00580be0","0"
"","Global","FUN_0005b0d0","0005b0d0","","Global","FUN_00580c60","00580c60","0"
"","Global","FUN_0005b170","0005b170","","Global","FUN_00580d00","00580d00","0"
"","Global","FUN_0005b6f0","0005b6f0","","Global","FUN_004df0d0","004df0d0","0"
"","Global","FUN_0005b8f0","0005b8f0","","Global","FUN_00581430","00581430","0"
"","Global","FUN_0005b9d0","0005b9d0","","Global","FUN_00581510","00581510","0"
"","Global","FUN_0005bab0","0005bab0","","Global","FUN_005815f0","005815f0","0"
"","Global","FUN_0005be10","0005be10","","Global","FUN_00581890","00581890","0"
"","Global","FUN_0005bed0","0005bed0","","Global","FUN_00581950","00581950","0"
"","Global","FUN_0005bf90","0005bf90","","Global","FUN_00581a10","00581a10","0"
"","Global","FUN_0005c0f0","0005c0f0","","Global","FUN_00581b00","00581b00","0"
"","Global","FUN_0005c500","0005c500","","Global","FUN_00581e60","00581e60","0"
"","Global","FUN_0005c890","0005c890","","Global","FUN_005821f0","005821f0","0"
"","Global","FUN_0005c9a0","0005c9a0","","Global","FUN_005822f0","005822f0","0"
"","Global","FUN_0005c9e0","0005c9e0","","Global","FUN_00582330","00582330","0"
"","Global","FUN_0005ca90","0005ca90","","Global","FUN_005823e0","005823e0","0"
"","Global","FUN_0005cb50","0005cb50","","Global","FUN_005824a0","005824a0","0"
"","Global","FUN_0005cd00","0005cd00","","Global","FUN_00582650","00582650","0"
"","Global","FUN_0005cd60","0005cd60","","Global","FUN_005826b0","005826b0","0"
"","Global","FUN_0005d1b0","0005d1b0","","Global","FUN_00582b00","00582b00","0"
"","Global","FUN_0005d280","0005d280","","Global","FUN_00582bd0","00582bd0","0"
"","Global","FUN_0005d300","0005d300","","Global","FUN_00582c50","00582c50","0"
"","Global","FUN_0005d370","0005d370","","Global","FUN_00582cc0","00582cc0","0"
"","Global","FUN_0005d520","0005d520","","Global","FUN_00582e60","00582e60","0"
"","Global","FUN_0005d600","0005d600","","Global","FUN_00582f40","00582f40","0"
"","Global","FUN_0005d640","0005d640","","Global","FUN_00490ec0","00490ec0","0"
"","Global","FUN_0005d9b0","0005d9b0","","Global","FUN_00583220","00583220","0"
"","Global","FUN_0005da00","0005da00","","Global","FUN_00583270","00583270","0"
"","Global","FUN_0005da20","0005da20","","Global","FUN_00583290","00583290","0"
"","Global","FUN_0005db60","0005db60","","Global","FUN_005833d0","005833d0","0"
"","Global","FUN_0005dc00","0005dc00","","Global","FUN_00583470","00583470","0"
"","Global","FUN_0005dc70","0005dc70","","Global","FUN_005834e0","005834e0","0"
"","Global","FUN_0005dd30","0005dd30","","Global","FUN_005835a0","005835a0","0"
"","Global","FUN_0005dea0","0005dea0","","Global","FUN_005836f0","005836f0","0"
"","Global","FUN_0005e1a0","0005e1a0","","Global","FUN_00583940","00583940","0"
"","Global","FUN_0005e280","0005e280","","Global","FUN_00583a20","00583a20","0"
"","Global","FUN_0005e520","0005e520","","Global","FUN_00583ca0","00583ca0","0"
"","Global","FUN_0005e6e0","0005e6e0","","Global","FUN_00583e60","00583e60","0"
"","Global","FUN_0005e830","0005e830","","Global","FUN_00583fb0","00583fb0","0"
"","Global","FUN_0005ea50","0005ea50","","Global","FUN_005841d0","005841d0","0"
"","Global","FUN_0005ec20","0005ec20","","Global","FUN_000423e0","000423e0","0"
"","Global","FUN_0005ec60","0005ec60","","Global","FUN_005843a0","005843a0","0"
"","Global","FUN_0005eda0","0005eda0","","Global","FUN_005844e0","005844e0","0"
"","Global","FUN_0005ef20","0005ef20","","Global","FUN_00584660","00584660","0"
"","Global","FUN_0005fb40","0005fb40","","Global","FUN_00585270","00585270","0"
"","Global","FUN_000611a0","000611a0","","Global","FUN_00586840","00586840","0"
"","Global","FUN_00061250","00061250","","Global","FUN_0011f440","0011f440","0"
"","Global","FUN_000621a0","000621a0","","Global","FUN_00587780","00587780","0"
"","Global","FUN_00062290","00062290","","Global","FUN_00587870","00587870","0"
"","Global","FUN_00062aa0","00062aa0","","Global","FUN_00519fe0","00519fe0","0"
"","Global","FUN_00062d10","00062d10","","Global","FUN_0051a2b0","0051a2b0","0"
"","Global","FUN_00063030","00063030","","Global","FUN_0051a7a0","0051a7a0","0"
"","Global","FUN_00063080","00063080","","Global","FUN_0051a7f0","0051a7f0","0"
"","Global","FUN_000630e0","000630e0","","Global","FUN_0051a850","0051a850","0"
"","Global","FUN_00063160","00063160","","Global","FUN_0051a8d0","0051a8d0","0"
"","Global","FUN_00063270","00063270","","Global","FUN_0051a9e0","0051a9e0","0"
"","Global","FUN_000632c0","000632c0","","Global","FUN_0051aa30","0051aa30","0"
"","Global","FUN_00063d50","00063d50","","Global","FUN_0009c740","0009c740","0"
"","Global","FUN_00063e90","00063e90","","Global","FUN_0009caf0","0009caf0","0"
"","Global","FUN_00064400","00064400","","Global","FUN_00588b60","00588b60","0"
"","Global","FUN_00064740","00064740","","Global","FUN_004b5f90","004b5f90","0"
"","Global","FUN_00064a50","00064a50","","Global","FUN_004c0210","004c0210","0"
"","Global","FUN_00064a90","00064a90","","Global","FUN_004c0250","004c0250","0"
"","Global","FUN_00064ae0","00064ae0","","Global","FUN_004c02a0","004c02a0","0"
"","Global","FUN_00065ab0","00065ab0","","Global","FUN_00589bd0","00589bd0","0"
"","Global","FUN_00066da0","00066da0","","Global","FUN_0058aec0","0058aec0","0"
"","Global","FUN_000677a0","000677a0","","Global","FUN_0055be70","0055be70","0"
"","Global","FUN_00067840","00067840","","Global","FUN_0055bf10","0055bf10","0"
"","Global","FUN_00067880","00067880","","Global","FUN_0055bf50","0055bf50","0"
"","Global","FUN_00067960","00067960","","Global","FUN_0055c030","0055c030","0"
"","Global","FUN_000679d0","000679d0","","Global","FUN_0055c0a0","0055c0a0","0"
"","Global","FUN_00067a80","00067a80","","Global","FUN_0055c150","0055c150","0"
"","Global","FUN_00067b30","00067b30","","Global","FUN_0055c200","0055c200","0"
"","Global","FUN_00067eb0","00067eb0","","Global","FUN_0055c580","0055c580","0"
"","Global","FUN_00067f70","00067f70","","Global","FUN_0055c640","0055c640","0"
"","Global","FUN_00068090","00068090","","Global","FUN_00540e70","00540e70","0"
"","Global","FUN_00068140","00068140","","Global","FUN_00540f20","00540f20","0"
"","Global","FUN_00068670","00068670","","Global","FUN_0058bc80","0058bc80","0"
"","Global","FUN_00068890","00068890","","Global","FUN_0058bea0","0058bea0","0"
"","Global","FUN_0006a340","0006a340","","Global","FUN_0058d910","0058d910","0"
"","Global","FUN_0006aaa0","0006aaa0","","Global","FUN_0058e060","0058e060","0"
"","Global","FUN_00071bf0","00071bf0","","Global","FUN_005951b0","005951b0","0"
"","Global","FUN_00071cb0","00071cb0","","Global","FUN_00595270","00595270","0"
"","Global","FUN_00071d70","00071d70","","Global","FUN_00595330","00595330","0"
"","Global","FUN_00072650","00072650","","Global","FUN_00595c10","00595c10","0"
"","Global","FUN_00072710","00072710","","Global","FUN_00595cd0","00595cd0","0"
"","Global","FUN_000727d0","000727d0","","Global","FUN_00595d90","00595d90","0"
"","Global","FUN_00072b80","00072b80","","Global","FUN_00596140","00596140","0"
"","Global","FUN_00072c40","00072c40","","Global","FUN_00596200","00596200","0"
"","Global","FUN_00072d00","00072d00","","Global","FUN_005962c0","005962c0","0"
"","Global","FUN_00073090","00073090","","Global","FUN_00596650","00596650","0"
"","Global","FUN_00073130","00073130","","Global","FUN_005966f0","005966f0","0"
"","Global","FUN_000731d0","000731d0","","Global","FUN_00596790","00596790","0"
"","Global","FUN_00073560","00073560","","Global","FUN_00596b20","00596b20","0"
"","Global","FUN_00073630","00073630","","Global","FUN_00596bf0","00596bf0","0"
"","Global","FUN_00073700","00073700","","Global","FUN_00596cc0","00596cc0","0"
"","Global","FUN_00073890","00073890","","Global","FUN_00596e50","00596e50","0"
"","Global","FUN_000738f0","000738f0","","Global","FUN_00596eb0","00596eb0","0"
"","Global","FUN_00073960","00073960","","Global","FUN_00596f20","00596f20","0"
"","Global","FUN_000739c0","000739c0","","Global","FUN_00596f80","00596f80","0"
"","Global","FUN_00073a30","00073a30","","Global","FUN_00596ff0","00596ff0","0"
"","Global","FUN_00073a90","00073a90","","Global","FUN_00597050","00597050","0"
"","Global","FUN_00073b00","00073b00","","Global","FUN_005970c0","005970c0","0"
"","Global","FUN_00073ba0","00073ba0","","Global","FUN_00597160","00597160","0"
"","Global","FUN_00073c40","00073c40","","Global","FUN_00597200","00597200","0"
"","Global","FUN_00073d00","00073d00","","Global","FUN_005972c0","005972c0","0"
"","Global","FUN_00073d60","00073d60","","Global","FUN_00597320","00597320","0"
"","Global","FUN_00073e10","00073e10","","Global","FUN_005973d0","005973d0","0"
"","Global","FUN_00073f00","00073f00","","Global","FUN_005974c0","005974c0","0"
"","Global","FUN_00073f60","00073f60","","Global","FUN_00597520","00597520","0"
"","Global","FUN_00073fd0","00073fd0","","Global","FUN_00597590","00597590","0"
"","Global","FUN_00074030","00074030","","Global","FUN_005975f0","005975f0","0"
"","Global","FUN_000740a0","000740a0","","Global","FUN_00597660","00597660","0"
"","Global","FUN_00074100","00074100","","Global","FUN_005976c0","005976c0","0"
"","Global","FUN_00074170","00074170","","Global","FUN_00597730","00597730","0"
"","Global","FUN_00074210","00074210","","Global","FUN_005977d0","005977d0","0"
"","Global","FUN_000742b0","000742b0","","Global","FUN_00597870","00597870","0"
"","Global","FUN_00074360","00074360","","Global","FUN_00597920","00597920","0"
"","Global","FUN_000743c0","000743c0","","Global","FUN_00597980","00597980","0"
"","Global","FUN_00074460","00074460","","Global","FUN_00597a20","00597a20","0"
"","Global","FUN_00074890","00074890","","Global","FUN_00597e50","00597e50","0"
"","Global","FUN_000749d0","000749d0","","Global","FUN_00597f90","00597f90","0"
"","Global","FUN_00075100","00075100","","Global","FUN_005986c0","005986c0","0"
"","Global","FUN_00075290","00075290","","Global","FUN_00598850","00598850","0"
"","Global","FUN_00075b80","00075b80","","Global","FUN_00599140","00599140","0"
"","Global","FUN_00075ba0","00075ba0","","Global","FUN_00599160","00599160","0"
"","Global","FUN_00075bc0","00075bc0","","Global","FUN_00599180","00599180","0"
"","Global","FUN_00075e20","00075e20","","Global","FUN_005993e0","005993e0","0"
"","Global","FUN_00075e40","00075e40","","Global","FUN_00599400","00599400","0"
"","Global","FUN_00075e60","00075e60","","Global","FUN_00599420","00599420","0"
"","Global","FUN_00075f70","00075f70","","Global","FUN_00599530","00599530","0"
"","Global","FUN_00075f90","00075f90","","Global","FUN_00599550","00599550","0"
"","Global","FUN_00075fb0","00075fb0","","Global","FUN_00599570","00599570","0"
"","Global","FUN_000760d0","000760d0","","Global","FUN_00599690","00599690","0"
"","Global","FUN_000760e0","000760e0","","Global","FUN_005996a0","005996a0","0"
"","Global","FUN_000761f0","000761f0","","Global","FUN_005997b0","005997b0","0"
"","Global","FUN_00076210","00076210","","Global","FUN_005997d0","005997d0","0"
"","Global","FUN_00076230","00076230","","Global","FUN_005997f0","005997f0","0"
"","Global","FUN_000762a0","000762a0","","Global","FUN_00599860","00599860","0"
"","Global","FUN_000762d0","000762d0","","Global","FUN_00599890","00599890","0"
"","Global","FUN_000762f0","000762f0","","Global","FUN_005998b0","005998b0","0"
"","Global","FUN_00076320","00076320","","Global","FUN_005998e0","005998e0","0"
"","Global","FUN_00076340","00076340","","Global","FUN_00599900","00599900","0"
"","Global","FUN_00076390","00076390","","Global","FUN_00599950","00599950","0"
"","Global","FUN_000763d0","000763d0","","Global","FUN_00599990","00599990","0"
"","Global","FUN_000763e0","000763e0","","Global","FUN_005999a0","005999a0","0"
"","Global","FUN_00076450","00076450","","Global","FUN_00599a10","00599a10","0"
"","Global","FUN_00076470","00076470","","Global","FUN_00599a30","00599a30","0"
"","Global","FUN_000764d0","000764d0","","Global","FUN_00599a90","00599a90","0"
"","Global","FUN_00076500","00076500","","Global","FUN_00599ac0","00599ac0","0"
"","Global","FUN_00076520","00076520","","Global","FUN_00599ae0","00599ae0","0"
"","Global","FUN_00076550","00076550","","Global","FUN_00599b10","00599b10","0"
"","Global","FUN_00076570","00076570","","Global","FUN_00599b30","00599b30","0"
"","Global","FUN_000765a0","000765a0","","Global","FUN_00599b60","00599b60","0"
"","Global","FUN_000765c0","000765c0","","Global","FUN_00599b80","00599b80","0"
"","Global","FUN_000765f0","000765f0","","Global","FUN_00599bb0","00599bb0","0"
"","Global","FUN_00076600","00076600","","Global","FUN_00599bc0","00599bc0","0"
"","Global","FUN_00076610","00076610","","Global","FUN_00599bd0","00599bd0","0"
"","Global","FUN_00076670","00076670","","Global","FUN_00599c30","00599c30","0"
"","Global","FUN_00076690","00076690","","Global","FUN_00599c50","00599c50","0"
"","Global","FUN_000767a0","000767a0","","Global","FUN_00599d60","00599d60","0"
"","Global","FUN_000769e0","000769e0","","Global","FUN_00599fa0","00599fa0","0"
"","Global","FUN_00076a20","00076a20","","Global","FUN_00599fe0","00599fe0","0"
"","Global","FUN_00076c20","00076c20","","Global","FUN_0059a1e0","0059a1e0","0"
"","Global","FUN_00076e10","00076e10","","Global","FUN_0059a3c0","0059a3c0","0"
"","Global","FUN_00077150","00077150","","Global","FUN_0059a700","0059a700","0"
"","Global","FUN_00077330","00077330","","Global","FUN_0059a8e0","0059a8e0","0"
"","Global","FUN_00077710","00077710","","Global","FUN_0059acc0","0059acc0","0"
"","Global","FUN_00077ea0","00077ea0","","Global","FUN_0059b3b0","0059b3b0","0"
"","Global","FUN_00077f90","00077f90","","Global","FUN_0059b4a0","0059b4a0","0"
"","Global","FUN_00078040","00078040","","Global","FUN_0059b550","0059b550","0"
"","Global","FUN_00078210","00078210","","Global","FUN_0059b6a0","0059b6a0","0"
"","Global","FUN_00078450","00078450","","Global","FUN_0059b8e0","0059b8e0","0"
"","Global","FUN_00078580","00078580","","Global","FUN_0059ba10","0059ba10","0"
"","Global","FUN_000786a0","000786a0","","Global","FUN_0059bb30","0059bb30","0"
"","Global","FUN_000787c0","000787c0","","Global","FUN_0059bc50","0059bc50","0"
"","Global","FUN_000787e0","000787e0","","Global","FUN_0059bc70","0059bc70","0"
"","Global","FUN_00078800","00078800","","Global","FUN_0059bc90","0059bc90","0"
"","Global","FUN_00078870","00078870","","Global","FUN_0059bd00","0059bd00","0"
"","Global","FUN_000788b0","000788b0","","Global","FUN_0059bd40","0059bd40","0"
"","Global","FUN_000789d0","000789d0","","Global","FUN_0059be60","0059be60","0"
"","Global","FUN_00078a30","00078a30","","Global","FUN_0059bec0","0059bec0","0"
"","Global","FUN_00078a60","00078a60","","Global","FUN_0059bef0","0059bef0","0"
"","Global","FUN_00078ac0","00078ac0","","Global","FUN_0059bf50","0059bf50","0"
"","Global","FUN_00078ca0","00078ca0","","Global","FUN_0059c0d0","0059c0d0","0"
"","Global","FUN_00079740","00079740","","Global","FUN_0059cb70","0059cb70","0"
"","Global","FUN_00079930","00079930","","Global","FUN_0059cd60","0059cd60","0"
"","Global","FUN_00079d00","00079d00","","Global","FUN_0059d0a0","0059d0a0","0"
"","Global","FUN_00079e10","00079e10","","Global","FUN_0059d1b0","0059d1b0","0"
"","Global","FUN_00079fd0","00079fd0","","Global","FUN_0059d370","0059d370","0"
"","Global","FUN_0007a1e0","0007a1e0","","Global","FUN_0059d500","0059d500","0"
"","Global","FUN_0007a210","0007a210","","Global","FUN_0059d530","0059d530","0"
"","Global","FUN_0007a230","0007a230","","Global","FUN_0059d550","0059d550","0"
"","Global","FUN_0007a270","0007a270","","Global","FUN_0059d590","0059d590","0"
"","Global","FUN_0007a470","0007a470","","Global","FUN_0059d790","0059d790","0"
"","Global","FUN_0007a4c0","0007a4c0","","Global","FUN_0059d7e0","0059d7e0","0"
"","Global","FUN_0007a510","0007a510","","Global","FUN_0059d830","0059d830","0"
"","Global","FUN_0007a680","0007a680","","Global","FUN_0059d9a0","0059d9a0","0"
"","Global","FUN_0007b630","0007b630","","Global","FUN_0059e950","0059e950","0"
"","Global","FUN_0007b950","0007b950","","Global","FUN_0059ec70","0059ec70","0"
"","Global","FUN_0007bc00","0007bc00","","Global","FUN_0059eec0","0059eec0","0"
"","Global","FUN_0007be20","0007be20","","Global","FUN_0059f0e0","0059f0e0","0"
"","Global","FUN_0007bf50","0007bf50","","Global","FUN_0059f210","0059f210","0"
"","Global","FUN_0007c050","0007c050","","Global","FUN_0059f310","0059f310","0"
"","Global","FUN_0007c080","0007c080","","Global","FUN_0059f340","0059f340","0"
"","Global","FUN_0007c190","0007c190","","Global","FUN_0059f450","0059f450","0"
"","Global","FUN_0007c610","0007c610","","Global","FUN_0059f8d0","0059f8d0","0"
"","Global","FUN_0007c8b0","0007c8b0","","Global","FUN_0059fb70","0059fb70","0"
"","Global","FUN_0007cc80","0007cc80","","Global","FUN_0059ff40","0059ff40","0"
"","Global","FUN_0007d140","0007d140","","Global","FUN_005a0400","005a0400","0"
"","Global","FUN_0007d2f0","0007d2f0","","Global","FUN_005471f0","005471f0","0"
"","Global","FUN_0007d330","0007d330","","Global","FUN_005a05b0","005a05b0","0"
"","Global","FUN_0007d3e0","0007d3e0","","Global","FUN_005a0660","005a0660","0"
"","Global","FUN_0007d5f0","0007d5f0","","Global","FUN_005a0870","005a0870","0"
"","Global","FUN_0007d640","0007d640","","Global","FUN_005a08c0","005a08c0","0"
"","Global","FUN_0007d680","0007d680","","Global","FUN_005a0900","005a0900","0"
"","Global","FUN_0007d6d0","0007d6d0","","Global","FUN_005a0950","005a0950","0"
"","Global","FUN_0007dc20","0007dc20","","Global","FUN_005a0ea0","005a0ea0","0"
"","Global","FUN_0007de40","0007de40","","Global","FUN_005a1060","005a1060","0"
"","Global","FUN_0007def0","0007def0","","Global","FUN_005a10e0","005a10e0","0"
"","Global","FUN_0007df70","0007df70","","Global","FUN_005a1160","005a1160","0"
"","Global","FUN_0007e0d0","0007e0d0","","Global","FUN_005a12c0","005a12c0","0"
"","Global","FUN_0007e180","0007e180","","Global","FUN_005a1370","005a1370","0"
"","Global","FUN_0007e370","0007e370","","Global","FUN_005a1550","005a1550","0"
"","Global","FUN_0007e3b0","0007e3b0","","Global","FUN_005a1590","005a1590","0"
"","Global","FUN_0007e430","0007e430","","Global","FUN_005a1610","005a1610","0"
"","Global","FUN_0007e4e0","0007e4e0","","Global","FUN_005a16c0","005a16c0","0"
"","Global","FUN_0007e550","0007e550","","Global","FUN_005a1730","005a1730","0"
"","Global","FUN_0007e680","0007e680","","Global","FUN_005a1810","005a1810","0"
"","Global","FUN_0007e730","0007e730","","Global","FUN_005a1890","005a1890","0"
"","Global","FUN_0007e790","0007e790","","Global","FUN_005a18f0","005a18f0","0"
"","Global","FUN_0007e8b0","0007e8b0","","Global","FUN_005a1a10","005a1a10","0"
"","Global","FUN_0007ed00","0007ed00","","Global","FUN_005a1e60","005a1e60","0"
"","Global","FUN_0007ed80","0007ed80","","Global","FUN_005a1ee0","005a1ee0","0"
"","Global","FUN_0007f4a0","0007f4a0","","Global","FUN_005a23c0","005a23c0","0"
"","Global","FUN_0007f560","0007f560","","Global","FUN_005a2460","005a2460","0"
"","Global","FUN_0007f5c0","0007f5c0","","Global","FUN_005a24c0","005a24c0","0"
"","Global","FUN_0007f750","0007f750","","Global","FUN_005a2650","005a2650","0"
"","Global","FUN_0007f880","0007f880","","Global","FUN_005a2780","005a2780","0"
"","Global","FUN_0007f9d0","0007f9d0","","Global","FUN_005a28d0","005a28d0","0"
"","Global","FUN_0007fa10","0007fa10","","Global","FUN_005a2910","005a2910","0"
"","Global","FUN_0007fac0","0007fac0","","Global","FUN_005a29c0","005a29c0","0"
"","Global","FUN_00080a00","00080a00","","Global","FUN_005a3160","005a3160","0"
"","Global","FUN_00080aa0","00080aa0","","Global","FUN_005a3200","005a3200","0"
"","Global","FUN_00080bb0","00080bb0","","Global","FUN_000890f0","000890f0","0"
"","Global","FUN_00081b00","00081b00","","Global","FUN_00492360","00492360","0"
"","Global","FUN_00082d70","00082d70","","Global","FUN_0008a160","0008a160","0"
"","Global","FUN_00083170","00083170","","Global","FUN_004939a0","004939a0","0"
"","Global","FUN_00083580","00083580","","Global","FUN_00493dd0","00493dd0","0"
"","Global","FUN_000835d0","000835d0","","Global","FUN_00493e20","00493e20","0"
"","Global","FUN_00083810","00083810","","Global","FUN_00494060","00494060","0"
"","Global","FUN_00084200","00084200","","Global","FUN_005a3950","005a3950","0"
"","Global","FUN_00084300","00084300","","Global","FUN_005a3a50","005a3a50","0"
"","Global","FUN_000848f0","000848f0","","Global","FUN_005a4040","005a4040","0"
"","Global","FUN_00084990","00084990","","Global","FUN_005a40e0","005a40e0","0"
"","Global","FUN_00085cd0","00085cd0","","Global","FUN_00519710","00519710","0"
"","Global","FUN_00085ee0","00085ee0","","Global","FUN_00519900","00519900","0"
"","Global","FUN_00086120","00086120","","Global","FUN_00494390","00494390","0"
"","Global","FUN_000870b0","000870b0","","Global","FUN_004964c0","004964c0","0"
"","Global","FUN_00087140","00087140","","Global","FUN_00496580","00496580","0"
"","Global","FUN_000873d0","000873d0","","Global","FUN_00496d70","00496d70","0"
"","Global","FUN_00087460","00087460","","Global","FUN_00496e00","00496e00","0"
"","Global","FUN_00087990","00087990","","Global","FUN_00563070","00563070","0"
"","Global","FUN_00088f40","00088f40","","Global","FUN_005645e0","005645e0","0"
"","Global","FUN_000895b0","000895b0","","Global","FUN_00564ba0","00564ba0","0"
"","Global","FUN_0008aa00","0008aa00","","Global","FUN_005115a0","005115a0","0"
"","Global","FUN_0008bdd0","0008bdd0","","Global","FUN_005127e0","005127e0","0"
"","Global","FUN_0008c540","0008c540","","Global","FUN_0003a150","0003a150","0"
"","Global","FUN_0008f060","0008f060","","Global","FUN_004a06a0","004a06a0","0"
"","Global","FUN_0008f0d0","0008f0d0","","Global","FUN_004a0710","004a0710","0"
"","Global","FUN_0008f670","0008f670","","Global","FUN_004a0d30","004a0d30","0"
"","Global","FUN_000901f0","000901f0","","Global","FUN_004a17d0","004a17d0","0"
"","Global","FUN_00090250","00090250","","Global","FUN_004a1830","004a1830","0"
"","Global","FUN_000907c0","000907c0","","Global","FUN_004a1da0","004a1da0","0"
"","Global","FUN_000932a0","000932a0","","Global","FUN_004a48b0","004a48b0","0"
"","Global","FUN_00093da0","00093da0","","Global","FUN_004a5440","004a5440","0"
"","Global","FUN_00093f50","00093f50","","Global","FUN_004a55f0","004a55f0","0"
"","Global","FUN_00095220","00095220","","Global","FUN_004a6840","004a6840","0"
"","Global","FUN_00095a10","00095a10","","Global","FUN_004a7030","004a7030","0"
"","Global","FUN_000969f0","000969f0","","Global","FUN_0053e8a0","0053e8a0","0"
"","Global","FUN_00096ee0","00096ee0","","Global","FUN_0053ec50","0053ec50","0"
"","Global","FUN_00097490","00097490","","Global","FUN_0053f1f0","0053f1f0","0"
"","Global","FUN_000981b0","000981b0","","Global","FUN_0053fea0","0053fea0","0"
"","Global","FUN_000981e0","000981e0","","Global","FUN_0053fed0","0053fed0","0"
"","Global","FUN_00098500","00098500","","Global","FUN_005401f0","005401f0","0"
"","Global","FUN_000985b0","000985b0","","Global","FUN_005402a0","005402a0","0"
"","Global","FUN_00098770","00098770","","Global","FUN_00540440","00540440","0"
"","Global","FUN_000988f0","000988f0","","Global","FUN_00102490","00102490","0"
"","Global","FUN_000989f0","000989f0","","Global","FUN_004db690","004db690","0"
"","Global","FUN_00098a30","00098a30","","Global","FUN_005405e0","005405e0","0"
"","Global","FUN_00098bd0","00098bd0","","Global","FUN_00540780","00540780","0"
"","Global","FUN_00098d20","00098d20","","Global","FUN_005408d0","005408d0","0"
"","Global","FUN_00099ef0","00099ef0","","Global","FUN_005a4c20","005a4c20","0"
"","Global","FUN_0009a180","0009a180","","Global","FUN_005a4eb0","005a4eb0","0"
"","Global","FUN_0009a470","0009a470","","Global","FUN_005a51a0","005a51a0","0"
"","Global","FUN_0009a520","0009a520","","Global","FUN_005a5250","005a5250","0"
"","Global","FUN_0009bb20","0009bb20","","Global","FUN_005a6820","005a6820","0"
"","Global","FUN_0009bbe0","0009bbe0","","Global","FUN_005a68e0","005a68e0","0"
"","Global","FUN_0009bd00","0009bd00","","Global","FUN_005a6a00","005a6a00","0"
"","Global","FUN_0009bd10","0009bd10","","Global","FUN_005a6a10","005a6a10","0"
"","Global","FUN_0009be60","0009be60","","Global","FUN_005a6b60","005a6b60","0"
"","Global","FUN_0009bec0","0009bec0","","Global","FUN_005a6bc0","005a6bc0","0"
"","Global","FUN_0009c040","0009c040","","Global","FUN_005a6d40","005a6d40","0"
"","Global","FUN_0009c180","0009c180","","Global","FUN_005a6e80","005a6e80","0"
"","Global","FUN_0009c2c0","0009c2c0","","Global","FUN_005a6fc0","005a6fc0","0"
"","Global","FUN_0009c430","0009c430","","Global","FUN_0048c1a0","0048c1a0","0"
"","Global","FUN_0009c480","0009c480","","Global","FUN_0048c1f0","0048c1f0","0"
"","Global","FUN_0009c4c0","0009c4c0","","Global","FUN_0048c230","0048c230","0"
"","Global","FUN_0009c5e0","0009c5e0","","Global","FUN_0048c350","0048c350","0"
"","Global","FUN_0009c6b0","0009c6b0","","Global","FUN_0048c420","0048c420","0"
"","Global","FUN_0009c730","0009c730","","Global","FUN_0048c4a0","0048c4a0","0"
"","Global","FUN_0009c7a0","0009c7a0","","Global","FUN_0048c510","0048c510","0"
"","Global","FUN_0009c7c0","0009c7c0","","Global","FUN_0048c530","0048c530","0"
"","Global","FUN_0009c810","0009c810","","Global","FUN_0048c580","0048c580","0"
"","Global","FUN_0009c850","0009c850","","Global","FUN_0048c5c0","0048c5c0","0"
"","Global","FUN_0009c8d0","0009c8d0","","Global","FUN_0048c640","0048c640","0"
"","Global","FUN_0009c940","0009c940","","Global","FUN_0048c6b0","0048c6b0","0"
"","Global","FUN_0009c960","0009c960","","Global","FUN_0048c6d0","0048c6d0","0"
"","Global","FUN_0009c990","0009c990","","Global","FUN_0048c700","0048c700","0"
"","Global","FUN_0009c9c0","0009c9c0","","Global","FUN_0048c730","0048c730","0"
"","Global","FUN_0009ca00","0009ca00","","Global","FUN_0048c770","0048c770","0"
"","Global","FUN_0009cba0","0009cba0","","Global","FUN_0048c910","0048c910","0"
"","Global","FUN_0009d640","0009d640","","Global","FUN_0052f210","0052f210","0"
"","Global","FUN_0009d8c0","0009d8c0","","Global","FUN_0052f490","0052f490","0"
"","Global","FUN_0009ea00","0009ea00","","Global","FUN_005305c0","005305c0","0"
"","Global","FUN_0009ea50","0009ea50","","Global","FUN_00530610","00530610","0"
"","Global","FUN_0009ebc0","0009ebc0","","Global","FUN_00530780","00530780","0"
"","Global","FUN_0009f060","0009f060","","Global","FUN_00530c10","00530c10","0"
"","Global","FUN_0009f190","0009f190","","Global","FUN_00530d40","00530d40","0"
"","Global","FUN_0009f1e0","0009f1e0","","Global","FUN_00530d90","00530d90","0"
"","Global","FUN_0009f320","0009f320","","Global","FUN_00530e90","00530e90","0"
"","Global","FUN_0009f350","0009f350","","Global","FUN_00530ec0","00530ec0","0"
"","Global","FUN_0009f990","0009f990","","Global","FUN_005a7590","005a7590","0"
"","Global","FUN_0009fa90","0009fa90","","Global","FUN_004af650","004af650","0"
"","Global","FUN_0009fbb0","0009fbb0","","Global","FUN_004af9e0","004af9e0","0"
"","Global","FUN_000a0470","000a0470","","Global","FUN_004b7a90","004b7a90","0"
"","Global","FUN_000a0530","000a0530","","Global","FUN_005a7ea0","005a7ea0","0"
"","Global","FUN_000a0750","000a0750","","Global","FUN_005a8080","005a8080","0"
"","Global","FUN_000a1660","000a1660","","Global","FUN_0051c860","0051c860","0"
"","Global","FUN_000a17f0","000a17f0","","Global","FUN_005a8fd0","005a8fd0","0"
"","Global","FUN_000a2e40","000a2e40","","Global","FUN_005aa5f0","005aa5f0","0"
"","Global","FUN_000a2e60","000a2e60","","Global","FUN_005aa610","005aa610","0"
"","Global","FUN_000a2e80","000a2e80","","Global","FUN_005aa630","005aa630","0"
"","Global","FUN_000a2ea0","000a2ea0","","Global","FUN_005aa650","005aa650","0"
"","Global","FUN_000a2ec0","000a2ec0","","Global","FUN_005aa670","005aa670","0"
"","Global","FUN_000a31a0","000a31a0","","Global","FUN_005aa950","005aa950","0"
"","Global","FUN_000a31d0","000a31d0","","Global","FUN_005aa980","005aa980","0"
"","Global","FUN_000a3200","000a3200","","Global","FUN_005aa9b0","005aa9b0","0"
"","Global","FUN_000a3530","000a3530","","Global","FUN_001059a0","001059a0","0"
"","Global","FUN_000a3620","000a3620","","Global","FUN_00105cf0","00105cf0","0"
"","Global","FUN_000a8100","000a8100","","Global","FUN_00106930","00106930","0"
"","Global","FUN_000a81c0","000a81c0","","Global","FUN_005af100","005af100","0"
"","Global","FUN_000a81f0","000a81f0","","Global","FUN_00106d90","00106d90","0"
"","Global","FUN_000a8860","000a8860","","Global","FUN_005af640","005af640","0"
"","Global","FUN_000a8910","000a8910","","Global","FUN_005af6f0","005af6f0","0"
"","Global","FUN_000a8b00","000a8b00","","Global","FUN_005af830","005af830","0"
"","Global","FUN_000a8b30","000a8b30","","Global","FUN_005af860","005af860","0"
"","Global","FUN_000aa630","000aa630","","Global","FUN_005b1120","005b1120","0"
"","Global","FUN_000aa8c0","000aa8c0","","Global","FUN_005b13b0","005b13b0","0"
"","Global","FUN_000aaa70","000aaa70","","Global","FUN_005b1560","005b1560","0"
"","Global","FUN_000aac50","000aac50","","Global","FUN_005b1740","005b1740","0"
"","Global","FUN_000ab000","000ab000","","Global","FUN_005b1af0","005b1af0","0"
"","Global","FUN_000aeb60","000aeb60","","Global","FUN_0051f970","0051f970","0"
"","Global","FUN_000aebd0","000aebd0","","Global","FUN_005b4e10","005b4e10","0"
"","Global","FUN_000b02c0","000b02c0","","Global","FUN_005b6340","005b6340","0"
"","Global","FUN_000b0470","000b0470","","Global","FUN_005b64f0","005b64f0","0"
"","Global","FUN_000b1670","000b1670","","Global","FUN_005b74f0","005b74f0","0"
"","Global","FUN_000b16a0","000b16a0","","Global","FUN_005b7520","005b7520","0"
"","Global","FUN_000b1760","000b1760","","Global","FUN_005b75e0","005b75e0","0"
"","Global","FUN_000b22d0","000b22d0","","Global","FUN_005b8050","005b8050","0"
"","Global","FUN_000b2370","000b2370","","Global","FUN_005b80b0","005b80b0","0"
"","Global","FUN_000b2430","000b2430","","Global","FUN_005b8130","005b8130","0"
"","Global","FUN_000b2460","000b2460","","Global","FUN_005b8160","005b8160","0"
"","Global","FUN_000b2530","000b2530","","Global","FUN_005b8210","005b8210","0"
"","Global","FUN_000b2580","000b2580","","Global","FUN_005b8260","005b8260","0"
"","Global","FUN_000b2d00","000b2d00","","Global","FUN_00105930","00105930","0"
"","Global","FUN_000b2d30","000b2d30","","Global","FUN_005b8850","005b8850","0"
"","Global","FUN_000b2d70","000b2d70","","Global","FUN_00105960","00105960","0"
"","Global","FUN_000b5050","000b5050","","Global","FUN_005baab0","005baab0","0"
"","Global","FUN_000b5480","000b5480","","Global","FUN_004af470","004af470","0"
"","Global","FUN_000b5640","000b5640","","Global","FUN_004afb60","004afb60","0"
"","Global","FUN_000b6160","000b6160","","Global","FUN_001078a0","001078a0","0"
"","Global","FUN_000b6220","000b6220","","Global","FUN_005bb6c0","005bb6c0","0"
"","Global","FUN_000b6280","000b6280","","Global","FUN_005bb720","005bb720","0"
"","Global","FUN_000b6350","000b6350","","Global","FUN_005bb7f0","005bb7f0","0"
"","Global","FUN_000b6680","000b6680","","Global","FUN_005bbb20","005bbb20","0"
"","Global","FUN_000b8c90","000b8c90","","Global","FUN_005be060","005be060","0"
"","Global","FUN_000b8cc0","000b8cc0","","Global","FUN_005be090","005be090","0"
"","Global","FUN_000b8cf0","000b8cf0","","Global","FUN_005be0c0","005be0c0","0"
"","Global","FUN_000b9770","000b9770","","Global","FUN_005beb40","005beb40","0"
"","Global","FUN_000ba200","000ba200","","Global","FUN_005bf590","005bf590","0"
"","Global","FUN_000ba540","000ba540","","Global","FUN_005bf8d0","005bf8d0","0"
"","Global","FUN_000baed0","000baed0","","Global","FUN_00105a90","00105a90","0"
"","Global","FUN_000bb8b0","000bb8b0","","Global","FUN_00106070","00106070","0"
"","Global","FUN_000bbc30","000bbc30","","Global","FUN_001069e0","001069e0","0"
"","Global","FUN_000bbcb0","000bbcb0","","Global","FUN_00106a60","00106a60","0"
"","Global","FUN_000bbdc0","000bbdc0","","Global","FUN_00106d10","00106d10","0"
"","Global","FUN_000bbf50","000bbf50","","Global","FUN_00107390","00107390","0"
"","Global","FUN_000bc010","000bc010","","Global","FUN_005c0e50","005c0e50","0"
"","Global","FUN_000bc090","000bc090","","Global","FUN_005c0ed0","005c0ed0","0"
"","Global","FUN_000bc360","000bc360","","Global","FUN_005c1120","005c1120","0"
"","Global","FUN_000bc890","000bc890","","Global","FUN_005c1610","005c1610","0"
"","Global","FUN_000bc970","000bc970","","Global","FUN_005c16f0","005c16f0","0"
"","Global","FUN_000bd1e0","000bd1e0","","Global","FUN_005c1f20","005c1f20","0"
"","Global","FUN_000bd510","000bd510","","Global","FUN_005c2230","005c2230","0"
"","Global","FUN_000bd9f0","000bd9f0","","Global","FUN_005c26b0","005c26b0","0"
"","Global","FUN_000bda50","000bda50","","Global","FUN_005c2710","005c2710","0"
"","Global","FUN_000bdb00","000bdb00","","Global","FUN_005c27c0","005c27c0","0"
"","Global","FUN_000bdc40","000bdc40","","Global","FUN_005c2900","005c2900","0"
"","Global","FUN_000be430","000be430","","Global","FUN_005c30d0","005c30d0","0"
"","Global","FUN_000be870","000be870","","Global","FUN_005c3500","005c3500","0"
"","Global","FUN_000bea20","000bea20","","Global","FUN_004afa60","004afa60","0"
"","Global","FUN_000bffb0","000bffb0","","Global","FUN_005c4a90","005c4a90","0"
"","Global","FUN_000c00e0","000c00e0","","Global","FUN_005c4bc0","005c4bc0","0"
"","Global","FUN_000c0190","000c0190","","Global","FUN_005c4c70","005c4c70","0"
"","Global","FUN_000c0550","000c0550","","Global","FUN_005c5030","005c5030","0"
"","Global","FUN_000c06e0","000c06e0","","Global","FUN_0050c660","0050c660","0"
"","Global","FUN_000c0750","000c0750","","Global","FUN_0003a110","0003a110","0"
"","Global","FUN_000c07f0","000c07f0","","Global","FUN_0003a1e0","0003a1e0","0"
"","Global","FUN_000c0990","000c0990","","Global","FUN_005c52d0","005c52d0","0"
"","Global","FUN_000c0ab0","000c0ab0","","Global","FUN_005c53f0","005c53f0","0"
"","Global","FUN_000c0c00","000c0c00","","Global","FUN_005131e0","005131e0","0"
"","Global","FUN_000c1000","000c1000","","Global","FUN_005135d0","005135d0","0"
"","Global","FUN_000c1050","000c1050","","Global","FUN_00513620","00513620","0"
"","Global","FUN_000c1460","000c1460","","Global","FUN_00513a30","00513a30","0"
"","Global","FUN_000c1480","000c1480","","Global","FUN_00513a50","00513a50","0"
"","Global","FUN_000c1d70","000c1d70","","Global","FUN_005c5850","005c5850","0"
"","Global","FUN_000c1df0","000c1df0","","Global","FUN_005c58d0","005c58d0","0"
"","Global","FUN_000c1e50","000c1e50","","Global","FUN_004b0080","004b0080","0"
"","Global","FUN_000c1f70","000c1f70","","Global","FUN_005c59d0","005c59d0","0"
"","Global","FUN_000c1fb0","000c1fb0","","Global","FUN_005c5a10","005c5a10","0"
"","Global","FUN_000c2430","000c2430","","Global","FUN_005c5e60","005c5e60","0"
"","Global","FUN_000c2600","000c2600","","Global","FUN_005c6030","005c6030","0"
"","Global","FUN_000c26a0","000c26a0","","Global","FUN_005c60d0","005c60d0","0"
"","Global","FUN_000c26e0","000c26e0","","Global","FUN_005c6110","005c6110","0"
"","Global","FUN_000c27b0","000c27b0","","Global","FUN_00045940","00045940","0"
"","Global","FUN_000c2820","000c2820","","Global","FUN_005c6200","005c6200","0"
"","Global","FUN_000c29b0","000c29b0","","Global","FUN_00531fb0","00531fb0","0"
"","Global","FUN_000c2f90","000c2f90","","Global","FUN_004cab30","004cab30","0"
"","Global","FUN_000c3140","000c3140","","Global","FUN_004afee0","004afee0","0"
"","Global","FUN_000c3190","000c3190","","Global","FUN_004aff30","004aff30","0"
"","Global","FUN_000c3a60","000c3a60","","Global","FUN_004b7b10","004b7b10","0"
"","Global","FUN_000c3b50","000c3b50","","Global","FUN_004cb450","004cb450","0"
"","Global","FUN_000c3c60","000c3c60","","Global","FUN_004cb560","004cb560","0"
"","Global","FUN_000c3e90","000c3e90","","Global","FUN_004cb740","004cb740","0"
"","Global","FUN_000c3f90","000c3f90","","Global","FUN_004cb840","004cb840","0"
"","Global","FUN_000c40c0","000c40c0","","Global","FUN_004cb960","004cb960","0"
"","Global","FUN_000c4250","000c4250","","Global","FUN_004cba40","004cba40","0"
"","Global","FUN_000c4980","000c4980","","Global","FUN_004affb0","004affb0","0"
"","Global","FUN_000c49d0","000c49d0","","Global","FUN_004b0000","004b0000","0"
"","Global","FUN_000c54d0","000c54d0","","Global","FUN_005c72e0","005c72e0","0"
"","Global","FUN_000c5720","000c5720","","Global","FUN_005c74f0","005c74f0","0"
"","Global","FUN_000c5860","000c5860","","Global","FUN_005c7630","005c7630","0"
"","Global","FUN_000c5980","000c5980","","Global","FUN_005c7750","005c7750","0"
"","Global","FUN_000c5b20","000c5b20","","Global","FUN_005c7840","005c7840","0"
"","Global","FUN_000c6240","000c6240","","Global","FUN_004b00c0","004b00c0","0"
"","Global","FUN_000c6290","000c6290","","Global","FUN_004b0110","004b0110","0"
"","Global","FUN_000c6cf0","000c6cf0","","Global","FUN_0055aaf0","0055aaf0","0"
"","Global","FUN_000c6e80","000c6e80","","Global","FUN_0055ac80","0055ac80","0"
"","Global","FUN_000c7070","000c7070","","Global","FUN_0055ae30","0055ae30","0"
"","Global","FUN_000c7150","000c7150","","Global","FUN_0055af10","0055af10","0"
"","Global","FUN_000c7260","000c7260","","Global","FUN_0055b020","0055b020","0"
"","Global","FUN_000c73e0","000c73e0","","Global","FUN_0055b0f0","0055b0f0","0"
"","Global","FUN_000c82b0","000c82b0","","Global","FUN_00531d70","00531d70","0"
"","Global","FUN_000c8ff0","000c8ff0","","Global","FUN_0078eff0","0078eff0","0"
"","Global","FUN_000c9360","000c9360","","Global","FUN_00032080","00032080","0"
"","Global","FUN_000c9430","000c9430","","Global","FUN_00032500","00032500","0"
"","Global","FUN_000c9500","000c9500","","Global","FUN_005c8640","005c8640","0"
"","Global","FUN_000c9730","000c9730","","Global","FUN_00032be0","00032be0","0"
"","Global","FUN_000c98d0","000c98d0","","Global","FUN_005c8900","005c8900","0"
"","Global","FUN_000c9a00","000c9a00","","Global","FUN_005c8a30","005c8a30","0"
"","Global","FUN_000c9ad0","000c9ad0","","Global","FUN_005c8b00","005c8b00","0"
"","Global","FUN_000c9bc0","000c9bc0","","Global","FUN_00041480","00041480","0"
"","Global","FUN_000c9c20","000c9c20","","Global","FUN_000414e0","000414e0","0"
"","Global","FUN_000c9cb0","000c9cb0","","Global","FUN_00033a50","00033a50","0"
"","Global","FUN_000c9d30","000c9d30","","Global","FUN_00033ad0","00033ad0","0"
"","Global","FUN_000c9da0","000c9da0","","Global","FUN_0005d8e0","0005d8e0","0"
"","Global","FUN_000ca140","000ca140","","Global","FUN_0005dc80","0005dc80","0"
"","Global","FUN_000ca360","000ca360","","Global","FUN_00033b50","00033b50","0"
"","Global","FUN_000ca620","000ca620","","Global","FUN_00041a10","00041a10","0"
"","Global","FUN_000ca720","000ca720","","Global","FUN_000df240","000df240","0"
"","Global","FUN_000ca9f0","000ca9f0","","Global","FUN_005c8e50","005c8e50","0"
"","Global","FUN_000caba0","000caba0","","Global","FUN_005c9000","005c9000","0"
"","Global","FUN_000cae20","000cae20","","Global","FUN_005c9280","005c9280","0"
"","Global","FUN_000cbcb0","000cbcb0","","Global","FUN_005c9fe0","005c9fe0","0"
"","Global","FUN_000cc0c0","000cc0c0","","Global","FUN_00035da0","00035da0","0"
"","Global","FUN_000cc240","000cc240","","Global","FUN_005ca490","005ca490","0"
"","Global","FUN_000cc2e0","000cc2e0","","Global","FUN_005ca530","005ca530","0"
"","Global","FUN_000cc370","000cc370","","Global","FUN_00036ae0","00036ae0","0"
"","Global","FUN_000cc550","000cc550","","Global","FUN_005ca770","005ca770","0"
"","Global","FUN_000cc890","000cc890","","Global","FUN_00038c20","00038c20","0"
"","Global","FUN_000ccc30","000ccc30","","Global","FUN_00038fc0","00038fc0","0"
"","Global","FUN_000cce90","000cce90","","Global","FUN_005caaa0","005caaa0","0"
"","Global","FUN_000cd1f0","000cd1f0","","Global","FUN_000476b0","000476b0","0"
"","Global","FUN_000cd270","000cd270","","Global","FUN_00082020","00082020","0"
"","Global","FUN_000cd380","000cd380","","Global","FUN_005cae30","005cae30","0"
"","Global","FUN_000cd4a0","000cd4a0","","Global","FUN_005caf50","005caf50","0"
"","Global","FUN_000cd790","000cd790","","Global","FUN_005cb220","005cb220","0"
"","Global","FUN_000cf8c0","000cf8c0","","Global","FUN_005cd1c0","005cd1c0","0"
"","Global","FUN_000d04d0","000d04d0","","Global","FUN_005cdd60","005cdd60","0"
"","Global","FUN_000d0ba0","000d0ba0","","Global","FUN_005ce340","005ce340","0"
"","Global","FUN_000d0fa0","000d0fa0","","Global","FUN_005ce730","005ce730","0"
"","Global","FUN_000d1030","000d1030","","Global","FUN_005ce7c0","005ce7c0","0"
"","Global","FUN_000d10d0","000d10d0","","Global","FUN_005ce860","005ce860","0"
"","Global","FUN_000d11c0","000d11c0","","Global","FUN_005ce950","005ce950","0"
"","Global","FUN_000d1240","000d1240","","Global","FUN_005ce9d0","005ce9d0","0"
"","Global","FUN_000d12f0","000d12f0","","Global","FUN_005cea80","005cea80","0"
"","Global","FUN_000d1430","000d1430","","Global","FUN_005cebc0","005cebc0","0"
"","Global","FUN_000d14e0","000d14e0","","Global","FUN_005cec70","005cec70","0"
"","Global","FUN_000d1590","000d1590","","Global","FUN_005ced20","005ced20","0"
"","Global","FUN_000d1660","000d1660","","Global","FUN_005cedf0","005cedf0","0"
"","Global","FUN_000d16a0","000d16a0","","Global","FUN_005cee30","005cee30","0"
"2","std","_Med3_unchecked<MemBlock*\,bool_(__cdecl*)(MemBlock_const&\,MemBlock_const&)>","000d1700","2","std","_Med3_unchecked<MemBlock*\,bool_(__cdecl*)(MemBlock_const&\,MemBlock_const&)>","005cee90","0"
"","Global","FUN_000d1780","000d1780","","Global","FUN_005cef10","005cef10","0"
"","Global","FUN_000d18b0","000d18b0","","Global","FUN_005cf040","005cf040","0"
"","Global","FUN_000d1a90","000d1a90","","Global","FUN_005cf220","005cf220","0"
"","Global","FUN_000d1cb0","000d1cb0","","Global","FUN_005cf440","005cf440","0"
"","Global","FUN_000d1ce0","000d1ce0","","Global","FUN_005cf470","005cf470","0"
"","Global","FUN_000d1d50","000d1d50","","Global","FUN_005cf4e0","005cf4e0","0"
"","Global","FUN_000d1ec0","000d1ec0","","Global","FUN_005cf650","005cf650","0"
"","Global","FUN_000d1f10","000d1f10","","Global","FUN_005cf6a0","005cf6a0","0"
"","Global","FUN_000d1f80","000d1f80","","Global","FUN_005cf710","005cf710","0"
"","Global","FUN_000d1ff0","000d1ff0","","Global","FUN_005cf780","005cf780","0"
"","Global","FUN_000d22b0","000d22b0","","Global","FUN_005cfa40","005cfa40","0"
"","Global","FUN_000d2300","000d2300","","Global","FUN_005cfa90","005cfa90","0"
"","Global","FUN_000d2360","000d2360","","Global","FUN_005cfaf0","005cfaf0","0"
"","Global","FUN_000d2400","000d2400","","Global","FUN_005cfb90","005cfb90","0"
"","Global","FUN_000d2560","000d2560","","Global","FUN_005cfcf0","005cfcf0","0"
"","Global","FUN_000d2a70","000d2a70","","Global","FUN_005d0200","005d0200","0"
"","Global","FUN_000d2b10","000d2b10","","Global","FUN_005d02a0","005d02a0","0"
"","Global","FUN_000d2de0","000d2de0","","Global","FUN_005d0570","005d0570","0"
"","Global","FUN_000d2e50","000d2e50","","Global","FUN_005d05e0","005d05e0","0"
"","Global","FUN_000d2fa0","000d2fa0","","Global","FUN_005d0730","005d0730","0"
"","Global","FUN_000d3720","000d3720","","Global","FUN_005d0df0","005d0df0","0"
"","Global","FUN_000d37e0","000d37e0","","Global","FUN_005d0eb0","005d0eb0","0"
"","Global","FUN_000d3ab0","000d3ab0","","Global","FUN_005d1180","005d1180","0"
"","Global","FUN_000d3bf0","000d3bf0","","Global","FUN_005d12a0","005d12a0","0"
"","Global","FUN_000d3c10","000d3c10","","Global","FUN_005d12c0","005d12c0","0"
"","Global","FUN_000d3d30","000d3d30","","Global","FUN_005d13e0","005d13e0","0"
"","Global","FUN_000d3eb0","000d3eb0","","Global","FUN_005d1560","005d1560","0"
"","Global","FUN_000d3ef0","000d3ef0","","Global","FUN_005d15a0","005d15a0","0"
"","Global","FUN_000d4070","000d4070","","Global","FUN_005d1710","005d1710","0"
"","Global","FUN_000d4090","000d4090","","Global","FUN_005d1730","005d1730","0"
"","Global","FUN_000d40c0","000d40c0","","Global","FUN_005d1760","005d1760","0"
"","Global","FUN_000d4140","000d4140","","Global","FUN_005d17e0","005d17e0","0"
"","Global","FUN_000d43f0","000d43f0","","Global","FUN_005d1a90","005d1a90","0"
"","Global","FUN_000d4430","000d4430","","Global","FUN_005d1ad0","005d1ad0","0"
"","Global","FUN_000d4480","000d4480","","Global","FUN_005d1b20","005d1b20","0"
"","Global","FUN_000d4d50","000d4d50","","Global","FUN_005d2360","005d2360","0"
"","Global","FUN_000d4e90","000d4e90","","Global","FUN_005d24a0","005d24a0","0"
"","Global","FUN_000d5400","000d5400","","Global","FUN_005d2a10","005d2a10","0"
"","Global","FUN_000d55d0","000d55d0","","Global","FUN_005d2bd0","005d2bd0","0"
"","Global","FUN_000d5830","000d5830","","Global","FUN_005d2d70","005d2d70","0"
"","Global","FUN_000d58b0","000d58b0","","Global","FUN_005d2df0","005d2df0","0"
"","Global","FUN_000d5940","000d5940","","Global","FUN_00115d00","00115d00","0"
"","Global","FUN_000d5f30","000d5f30","","Global","FUN_005d33b0","005d33b0","0"
"","Global","FUN_000d6160","000d6160","","Global","FUN_005d35d0","005d35d0","0"
"","Global","FUN_000d6180","000d6180","","Global","FUN_0051c780","0051c780","0"
"","Global","FUN_000d66c0","000d66c0","","Global","FUN_005d3a50","005d3a50","0"
"","Global","FUN_000d7190","000d7190","","Global","FUN_005d44c0","005d44c0","0"
"","Global","FUN_000d74c0","000d74c0","","Global","FUN_005219d0","005219d0","0"
"","Global","FUN_000d7510","000d7510","","Global","FUN_005d4790","005d4790","0"
"","Global","FUN_000d7b10","000d7b10","","Global","FUN_00514500","00514500","0"
"","Global","FUN_000d7c80","000d7c80","","Global","FUN_005145e0","005145e0","0"
"","Global","FUN_000d7e90","000d7e90","","Global","FUN_00514740","00514740","0"
"","Global","FUN_000d8180","000d8180","","Global","FUN_00514a30","00514a30","0"
"","Global","FUN_000d8630","000d8630","","Global","FUN_00514f30","00514f30","0"
"","Global","FUN_000d8820","000d8820","","Global","FUN_00515120","00515120","0"
"","Global","FUN_000d8a30","000d8a30","","Global","FUN_00105790","00105790","0"
"","Global","FUN_000d8bd0","000d8bd0","","Global","FUN_00105b10","00105b10","0"
"","Global","FUN_000da490","000da490","","Global","FUN_004cd1e0","004cd1e0","0"
"","Global","FUN_000da670","000da670","","Global","FUN_00106190","00106190","0"
"","Global","FUN_000daee0","000daee0","","Global","FUN_004cdb10","004cdb10","0"
"","Global","FUN_000db190","000db190","","Global","FUN_004cddd0","004cddd0","0"
"","Global","FUN_000db1e0","000db1e0","","Global","FUN_004cde20","004cde20","0"
"","Global","FUN_000db230","000db230","","Global","FUN_004cde70","004cde70","0"
"","Global","FUN_000db280","000db280","","Global","FUN_004cdec0","004cdec0","0"
"","Global","FUN_000db2d0","000db2d0","","Global","FUN_004cdf10","004cdf10","0"
"","Global","FUN_000db340","000db340","","Global","FUN_001067a0","001067a0","0"
"","Global","FUN_000db4a0","000db4a0","","Global","FUN_00106b70","00106b70","0"
"","Global","FUN_000db9d0","000db9d0","","Global","FUN_001072b0","001072b0","0"
"","Global","FUN_000dbaf0","000dbaf0","","Global","FUN_001074a0","001074a0","0"
"","Global","FUN_000dbd00","000dbd00","","Global","FUN_004ce3d0","004ce3d0","0"
"","Global","FUN_000dbda0","000dbda0","","Global","FUN_004ce470","004ce470","0"
"","Global","FUN_000dbff0","000dbff0","","Global","FUN_0064aff0","0064aff0","0"
"","Global","FUN_000dca40","000dca40","","Global","FUN_004cf030","004cf030","0"
"","Global","FUN_000dcdd0","000dcdd0","","Global","FUN_004cf3c0","004cf3c0","0"
"","Global","FUN_000dd770","000dd770","","Global","FUN_00107c60","00107c60","0"
"","Global","FUN_000df2d0","000df2d0","","Global","FUN_004d1850","004d1850","0"
"","Global","FUN_000df9e0","000df9e0","","Global","FUN_004d1f60","004d1f60","0"
"","Global","FUN_000dfb00","000dfb00","","Global","FUN_004d2080","004d2080","0"
"","Global","FUN_000dfcd0","000dfcd0","","Global","FUN_004d2250","004d2250","0"
"","Global","FUN_000dff50","000dff50","","Global","FUN_004d24d0","004d24d0","0"
"","Global","FUN_000e0700","000e0700","","Global","FUN_004d2c50","004d2c50","0"
"","Global","FUN_000e0ae0","000e0ae0","","Global","FUN_004d3030","004d3030","0"
"","Global","FUN_000e0c40","000e0c40","","Global","FUN_004d3190","004d3190","0"
"","Global","FUN_000e1800","000e1800","","Global","FUN_004d3e10","004d3e10","0"
"","Global","FUN_000e19c0","000e19c0","","Global","FUN_00105480","00105480","0"
"","Global","FUN_000e1ae0","000e1ae0","","Global","FUN_001055a0","001055a0","0"
"","Global","FUN_000e34e0","000e34e0","","Global","FUN_0051c730","0051c730","0"
"","Global","FUN_000e3530","000e3530","","Global","FUN_00106510","00106510","0"
"","Global","FUN_000e3610","000e3610","","Global","FUN_001065f0","001065f0","0"
"","Global","FUN_000e39b0","000e39b0","","Global","FUN_00107130","00107130","0"
"","Global","FUN_000e4270","000e4270","","Global","FUN_0051d2e0","0051d2e0","0"
"","Global","FUN_000e4740","000e4740","","Global","FUN_0051d7b0","0051d7b0","0"
"","Global","FUN_000e4df0","000e4df0","","Global","FUN_00107a90","00107a90","0"
"","Global","FUN_000e4ec0","000e4ec0","","Global","FUN_0051e070","0051e070","0"
"","Global","FUN_000e61d0","000e61d0","","Global","FUN_0051f880","0051f880","0"
"","Global","FUN_000e6250","000e6250","","Global","FUN_0051f900","0051f900","0"
"","Global","FUN_000e6860","000e6860","","Global","FUN_00520150","00520150","0"
"","Global","FUN_000e68d0","000e68d0","","Global","FUN_005201c0","005201c0","0"
"","Global","FUN_000e6930","000e6930","","Global","FUN_00520230","00520230","0"
"","Global","FUN_000e6a40","000e6a40","","Global","FUN_00520360","00520360","0"
"","Global","FUN_000e6b40","000e6b40","","Global","FUN_00520460","00520460","0"
"","Global","FUN_000e6be0","000e6be0","","Global","FUN_00520500","00520500","0"
"","Global","FUN_000e7530","000e7530","","Global","FUN_00521030","00521030","0"
"","Global","FUN_000e9ee0","000e9ee0","","Global","FUN_00567290","00567290","0"
"","Global","FUN_000e9f70","000e9f70","","Global","FUN_00567330","00567330","0"
"","Global","FUN_000ea2d0","000ea2d0","","Global","FUN_005676e0","005676e0","0"
"","Global","FUN_000ea5e0","000ea5e0","","Global","FUN_00567a30","00567a30","0"
"","Global","FUN_000ea750","000ea750","","Global","FUN_00567ba0","00567ba0","0"
"","Global","FUN_000ea7a0","000ea7a0","","Global","FUN_0005d420","0005d420","0"
"","Global","FUN_000eb2d0","000eb2d0","","Global","FUN_005686f0","005686f0","0"
"","Global","FUN_000ec310","000ec310","","Global","FUN_00569730","00569730","0"
"","Global","FUN_000eea10","000eea10","","Global","FUN_0056bee0","0056bee0","0"
"","Global","FUN_000ef3f0","000ef3f0","","Global","FUN_0056c900","0056c900","0"
"","Global","FUN_000ef440","000ef440","","Global","FUN_0056c950","0056c950","0"
"","Global","FUN_000ef740","000ef740","","Global","FUN_0056cc50","0056cc50","0"
"","Global","FUN_000f0950","000f0950","","Global","FUN_004d4080","004d4080","0"
"","Global","FUN_000f1820","000f1820","","Global","FUN_004d50a0","004d50a0","0"
"","Global","FUN_000f27e0","000f27e0","","Global","FUN_00032630","00032630","0"
"","Global","FUN_000f2c50","000f2c50","","Global","FUN_004d6350","004d6350","0"
"","Global","FUN_000f38a0","000f38a0","","Global","FUN_004d6e50","004d6e50","0"
"","Global","FUN_000f4800","000f4800","","Global","FUN_004d7db0","004d7db0","0"
"","Global","FUN_000f49d0","000f49d0","","Global","FUN_004d7f80","004d7f80","0"
"","Global","FUN_000f4fc0","000f4fc0","","Global","FUN_000347a0","000347a0","0"
"","Global","FUN_000f6380","000f6380","","Global","FUN_004d9a70","004d9a70","0"
"","Global","FUN_000f6d90","000f6d90","","Global","FUN_004da520","004da520","0"
"","Global","FUN_000f6ef0","000f6ef0","","Global","FUN_000d9970","000d9970","0"
"","Global","FUN_000f6f70","000f6f70","","Global","FUN_004da680","004da680","0"
"","Global","FUN_000f71e0","000f71e0","","Global","FUN_004da6d0","004da6d0","0"
"","Global","FUN_000f7420","000f7420","","Global","FUN_004da910","004da910","0"
"","Global","FUN_000f7540","000f7540","","Global","FUN_004daa30","004daa30","0"
"","Global","FUN_000f7630","000f7630","","Global","FUN_004dab20","004dab20","0"
"","Global","FUN_000f7670","000f7670","","Global","FUN_004dab60","004dab60","0"
"","Global","FUN_000f8240","000f8240","","Global","FUN_004db5e0","004db5e0","0"
"","Global","FUN_000f8290","000f8290","","Global","FUN_004db630","004db630","0"
"","Global","FUN_000f82f0","000f82f0","","Global","FUN_004db6d0","004db6d0","0"
"","Global","FUN_000f8460","000f8460","","Global","FUN_004db850","004db850","0"
"","Global","FUN_000f87b0","000f87b0","","Global","FUN_004dba80","004dba80","0"
"","Global","FUN_000f8ae0","000f8ae0","","Global","FUN_004dbda0","004dbda0","0"
"","Global","FUN_000f8b90","000f8b90","","Global","FUN_004dbe50","004dbe50","0"
"","Global","FUN_000f8e80","000f8e80","","Global","FUN_004dc130","004dc130","0"
"","Global","FUN_000f8ee0","000f8ee0","","Global","FUN_004dc190","004dc190","0"
"","Global","FUN_000f9260","000f9260","","Global","FUN_004dc510","004dc510","0"
"","Global","FUN_000f93a0","000f93a0","","Global","FUN_004dc650","004dc650","0"
"","Global","FUN_000f93f0","000f93f0","","Global","FUN_00048120","00048120","0"
"","Global","FUN_000f96a0","000f96a0","","Global","FUN_004dc6e0","004dc6e0","0"
"","Global","FUN_000f98b0","000f98b0","","Global","FUN_004dc8f0","004dc8f0","0"
"","Global","FUN_000f9bf0","000f9bf0","","Global","FUN_004dcc30","004dcc30","0"
"","Global","FUN_000fa070","000fa070","","Global","FUN_004dd0b0","004dd0b0","0"
"","Global","FUN_000fa420","000fa420","","Global","FUN_00541240","00541240","0"
"","Global","FUN_000fa5e0","000fa5e0","","Global","FUN_00541400","00541400","0"
"","Global","FUN_000fa8c0","000fa8c0","","Global","FUN_005416b0","005416b0","0"
"","Global","FUN_000fb9c0","000fb9c0","","Global","FUN_00522930","00522930","0"
"","Global","FUN_000fc630","000fc630","","Global","FUN_005235a0","005235a0","0"
"","Global","FUN_000fc8e0","000fc8e0","","Global","FUN_00523850","00523850","0"
"","Global","FUN_000fc9d0","000fc9d0","","Global","FUN_00523940","00523940","0"
"","Global","FUN_000fce40","000fce40","","Global","FUN_005703a0","005703a0","0"
"","Global","FUN_000fd0a0","000fd0a0","","Global","FUN_00570600","00570600","0"
"","Global","FUN_000fd200","000fd200","","Global","FUN_00570730","00570730","0"
"","Global","FUN_000fd2a0","000fd2a0","","Global","FUN_005707c0","005707c0","0"
"","Global","FUN_000fd480","000fd480","","Global","FUN_005709a0","005709a0","0"
"","Global","FUN_000fd4c0","000fd4c0","","Global","FUN_005709e0","005709e0","0"
"","Global","FUN_000fd5a0","000fd5a0","","Global","FUN_00570ac0","00570ac0","0"
"","Global","FUN_000fd960","000fd960","","Global","FUN_00570e30","00570e30","0"
"","Global","FUN_000fd9e0","000fd9e0","","Global","FUN_00570eb0","00570eb0","0"
"","Global","FUN_000fdca0","000fdca0","","Global","FUN_00571170","00571170","0"
"","Global","FUN_000fddd0","000fddd0","","Global","FUN_005712a0","005712a0","0"
"","Global","FUN_000fdea0","000fdea0","","Global","FUN_00571350","00571350","0"
"","Global","FUN_000fdec0","000fdec0","","Global","FUN_00571370","00571370","0"
"","Global","FUN_000fe850","000fe850","","Global","FUN_00571ca0","00571ca0","0"
"","Global","FUN_000fe900","000fe900","","Global","FUN_0006ee70","0006ee70","0"
"","Global","FUN_000fe940","000fe940","","Global","FUN_00571d50","00571d50","0"
"","Global","FUN_000fece0","000fece0","","Global","FUN_005720e0","005720e0","0"
"","Global","FUN_000fed00","000fed00","","Global","FUN_00572110","00572110","0"
"","Global","FUN_000fee80","000fee80","","Global","FUN_0054a170","0054a170","0"
"","Global","FUN_000fef30","000fef30","","Global","FUN_0047fc80","0047fc80","0"
"","Global","FUN_000fefb0","000fefb0","","Global","FUN_00480130","00480130","0"
"","Global","FUN_000ff2f0","000ff2f0","","Global","FUN_00523ec0","00523ec0","0"
"","Global","FUN_000ff800","000ff800","","Global","FUN_00524320","00524320","0"
"","Global","FUN_000ffa30","000ffa30","","Global","FUN_00524500","00524500","0"
"","Global","FUN_000ffce0","000ffce0","","Global","FUN_005247b0","005247b0","0"
"","Global","FUN_00100190","00100190","","Global","FUN_00524c60","00524c60","0"
"","Global","FUN_001004e0","001004e0","","Global","FUN_00524fb0","00524fb0","0"
"","Global","FUN_001005b0","001005b0","","Global","FUN_00525080","00525080","0"
"","Global","FUN_00100620","00100620","","Global","FUN_005250f0","005250f0","0"
"","Global","FUN_00100660","00100660","","Global","FUN_00525130","00525130","0"
"","Global","FUN_001006b0","001006b0","","Global","FUN_00525170","00525170","0"
"","Global","FUN_00100720","00100720","","Global","FUN_005251e0","005251e0","0"
"","Global","FUN_00100800","00100800","","Global","FUN_005252c0","005252c0","0"
"","Global","FUN_001008c0","001008c0","","Global","FUN_00525340","00525340","0"
"","Global","FUN_00100c20","00100c20","","Global","FUN_00525540","00525540","0"
"","Global","FUN_00101240","00101240","","Global","FUN_005d4d50","005d4d50","0"
"","Global","FUN_00101500","00101500","","Global","FUN_005d5010","005d5010","0"
"","Global","FUN_00101670","00101670","","Global","FUN_005d5180","005d5180","0"
"","Global","FUN_001016c0","001016c0","","Global","FUN_005d51d0","005d51d0","0"
"","Global","FUN_00101c40","00101c40","","Global","FUN_005d56d0","005d56d0","0"
"","Global","FUN_00101e80","00101e80","","Global","FUN_004afe40","004afe40","0"
"","Global","FUN_00102890","00102890","","Global","FUN_005d6090","005d6090","0"
"","Global","FUN_00102ab0","00102ab0","","Global","FUN_005d6270","005d6270","0"
"","Global","FUN_00103250","00103250","","Global","FUN_005d6910","005d6910","0"
"","Global","FUN_001033f0","001033f0","","Global","FUN_005d6ab0","005d6ab0","0"
"","Global","FUN_00103af0","00103af0","","Global","FUN_005d7170","005d7170","0"
"","Global","FUN_00104260","00104260","","Global","FUN_005d78e0","005d78e0","0"
"","Global","FUN_00104a00","00104a00","","Global","FUN_00556f30","00556f30","0"
"","Global","FUN_00104ec0","00104ec0","","Global","FUN_00557410","00557410","0"
"","Global","FUN_00105010","00105010","","Global","FUN_00557560","00557560","0"
"","Global","FUN_00105080","00105080","","Global","FUN_005575d0","005575d0","0"
"","Global","FUN_00105f90","00105f90","","Global","FUN_005584c0","005584c0","0"
"","Global","FUN_00106620","00106620","","Global","FUN_00558b90","00558b90","0"
"","Global","FUN_00106660","00106660","","Global","FUN_000d9c10","000d9c10","0"
"","Global","FUN_00106950","00106950","","Global","FUN_00558ce0","00558ce0","0"
"","Global","FUN_00106af0","00106af0","","Global","FUN_00558e80","00558e80","0"
"","Global","FUN_00106b80","00106b80","","Global","FUN_00558f10","00558f10","0"
"","Global","FUN_00107010","00107010","","Global","FUN_00559340","00559340","0"
"","Global","FUN_00107360","00107360","","Global","FUN_00559690","00559690","0"
"","Global","FUN_00107410","00107410","","Global","FUN_00559740","00559740","0"
"","Global","FUN_001075c0","001075c0","","Global","FUN_005598f0","005598f0","0"
"","Global","FUN_00107860","00107860","","Global","FUN_00559b90","00559b90","0"
"","Global","FUN_001079b0","001079b0","","Global","FUN_005d7a20","005d7a20","0"
"","Global","FUN_001082f0","001082f0","","Global","FUN_005d8360","005d8360","0"
"","Global","FUN_00108ba0","00108ba0","","Global","FUN_005d8c10","005d8c10","0"
"","Global","FUN_00108f00","00108f00","","Global","FUN_004dd160","004dd160","0"
"","Global","FUN_00109c50","00109c50","","Global","FUN_005d9c40","005d9c40","0"
"","Global","FUN_0010aa20","0010aa20","","Global","FUN_005daa10","005daa10","0"
"","Global","FUN_0010aad0","0010aad0","","Global","FUN_005daac0","005daac0","0"
"","Global","FUN_0010acf0","0010acf0","","Global","FUN_005dace0","005dace0","0"
"","Global","FUN_0010ae70","0010ae70","","Global","FUN_005dae60","005dae60","0"
"","Global","FUN_0010af40","0010af40","","Global","FUN_005daf30","005daf30","0"
"","Global","FUN_0010b660","0010b660","","Global","FUN_005db630","005db630","0"
"","Global","FUN_0010b730","0010b730","","Global","FUN_005db700","005db700","0"
"","Global","FUN_0010b7b0","0010b7b0","","Global","FUN_005db780","005db780","0"
"","Global","FUN_0010b9a0","0010b9a0","","Global","FUN_005db970","005db970","0"
"","Global","FUN_0010be90","0010be90","","Global","FUN_005dbe60","005dbe60","0"
"","Global","FUN_0010c4a0","0010c4a0","","Global","FUN_005dc440","005dc440","0"
"","Global","FUN_0010c510","0010c510","","Global","FUN_005dc4b0","005dc4b0","0"
"","Global","FUN_0010c720","0010c720","","Global","FUN_005dc6c0","005dc6c0","0"
"","Global","FUN_0010c7e0","0010c7e0","","Global","FUN_0055c9b0","0055c9b0","0"
"","Global","FUN_0010c850","0010c850","","Global","FUN_005dc780","005dc780","0"
"","Global","FUN_0010c920","0010c920","","Global","FUN_005dc850","005dc850","0"
"","Global","FUN_0010cb80","0010cb80","","Global","FUN_005dcab0","005dcab0","0"
"","Global","FUN_0010cc30","0010cc30","","Global","FUN_005dcb60","005dcb60","0"
"","Global","FUN_0010cce0","0010cce0","","Global","FUN_005dcc10","005dcc10","0"
"","Global","FUN_0010d150","0010d150","","Global","FUN_005dd070","005dd070","0"
"","Global","FUN_0010d1d0","0010d1d0","","Global","FUN_005dd0f0","005dd0f0","0"
"","Global","FUN_0010d2b0","0010d2b0","","Global","FUN_005dd1d0","005dd1d0","0"
"","Global","FUN_0010d6b0","0010d6b0","","Global","FUN_005dd5d0","005dd5d0","0"
"","Global","FUN_0010d740","0010d740","","Global","FUN_005dd660","005dd660","0"
"","Global","FUN_0010ddb0","0010ddb0","","Global","FUN_005ddcb0","005ddcb0","0"
"","Global","FUN_0010de40","0010de40","","Global","FUN_005ddd40","005ddd40","0"
"","Global","FUN_0010e080","0010e080","","Global","FUN_005ddf20","005ddf20","0"
"","Global","FUN_0010e120","0010e120","","Global","FUN_005ddfc0","005ddfc0","0"
"","Global","FUN_0010e5e0","0010e5e0","","Global","FUN_005de480","005de480","0"
"","Global","FUN_0010e650","0010e650","","Global","FUN_005de4f0","005de4f0","0"
"","Global","FUN_0010e730","0010e730","","Global","FUN_005de5d0","005de5d0","0"
"","Global","FUN_0010e770","0010e770","","Global","FUN_005de610","005de610","0"
"","Global","FUN_0010e7b0","0010e7b0","","Global","FUN_005de650","005de650","0"
"","Global","FUN_0010e800","0010e800","","Global","FUN_005de6a0","005de6a0","0"
"","Global","FUN_0010e890","0010e890","","Global","FUN_005de730","005de730","0"
"","Global","FUN_0010e940","0010e940","","Global","FUN_005de7a0","005de7a0","0"
"","Global","FUN_0010ece0","0010ece0","","Global","FUN_005deac0","005deac0","0"
"","Global","FUN_0010ed70","0010ed70","","Global","FUN_005deb50","005deb50","0"
"","Global","FUN_0010f1c0","0010f1c0","","Global","FUN_005def80","005def80","0"
"","Global","FUN_0010f220","0010f220","","Global","FUN_005defe0","005defe0","0"
"","Global","FUN_0010f330","0010f330","","Global","FUN_005df0f0","005df0f0","0"
"","Global","FUN_0010f6b0","0010f6b0","","Global","FUN_005df470","005df470","0"
"","Global","FUN_0010f7a0","0010f7a0","","Global","FUN_005df560","005df560","0"
"","Global","FUN_00110450","00110450","","Global","FUN_005e0210","005e0210","0"
"","Global","FUN_001110d0","001110d0","","Global","FUN_005e0e80","005e0e80","0"
"","Global","FUN_00111280","00111280","","Global","FUN_005e1030","005e1030","0"
"","Global","FUN_00111490","00111490","","Global","FUN_005e1240","005e1240","0"
"","Global","FUN_001114b0","001114b0","","Global","FUN_005e1260","005e1260","0"
"","Global","FUN_00111980","00111980","","Global","FUN_005e1730","005e1730","0"
"","Global","FUN_00111b40","00111b40","","Global","FUN_005e18f0","005e18f0","0"
"","Global","FUN_001126e0","001126e0","","Global","FUN_000de2c0","000de2c0","0"
"","Global","FUN_001130f0","001130f0","","Global","FUN_005e2e70","005e2e70","0"
"","Global","FUN_001131d0","001131d0","","Global","FUN_005e2f50","005e2f50","0"
"","Global","FUN_001133f0","001133f0","","Global","FUN_005e3170","005e3170","0"
"","Global","FUN_001134e0","001134e0","","Global","FUN_005e3260","005e3260","0"
"","Global","FUN_00113540","00113540","","Global","FUN_005e32c0","005e32c0","0"
"","Global","FUN_00113aa0","00113aa0","","Global","FUN_005e3820","005e3820","0"
"","Global","FUN_00113c40","00113c40","","Global","FUN_005e39c0","005e39c0","0"
"","Global","FUN_00114a30","00114a30","","Global","FUN_005e47b0","005e47b0","0"
"","Global","FUN_00115880","00115880","","Global","FUN_005e5600","005e5600","0"
"","Global","FUN_00116140","00116140","","Global","FUN_005e5ec0","005e5ec0","0"
"","Global","FUN_00116190","00116190","","Global","FUN_005e5f10","005e5f10","0"
"","Global","FUN_00116370","00116370","","Global","FUN_005e60f0","005e60f0","0"
"","Global","FUN_001163b0","001163b0","","Global","FUN_005e6130","005e6130","0"
"","Global","FUN_001168b0","001168b0","","Global","FUN_005e6630","005e6630","0"
"","Global","FUN_00116a00","00116a00","","Global","FUN_005e6780","005e6780","0"
"","Global","FUN_00116a20","00116a20","","Global","FUN_005e67a0","005e67a0","0"
"","Global","FUN_00116c50","00116c50","","Global","FUN_005e69d0","005e69d0","0"
"","Global","FUN_00116cf0","00116cf0","","Global","FUN_005e6a70","005e6a70","0"
"","Global","FUN_00116e00","00116e00","","Global","FUN_005e6b80","005e6b80","0"
"","Global","FUN_00116e60","00116e60","","Global","FUN_005e6be0","005e6be0","0"
"","Global","FUN_00116f20","00116f20","","Global","FUN_005e6ca0","005e6ca0","0"
"","Global","FUN_00116fe0","00116fe0","","Global","FUN_005e6d60","005e6d60","0"
"","Global","FUN_001170c0","001170c0","","Global","FUN_005e6e40","005e6e40","0"
"","Global","FUN_00117190","00117190","","Global","FUN_005e6f10","005e6f10","0"
"","Global","FUN_00117800","00117800","","Global","FUN_005e7580","005e7580","0"
"","Global","FUN_00118a60","00118a60","","Global","FUN_005e87d0","005e87d0","0"
"","Global","FUN_00118ab0","00118ab0","","Global","FUN_005e8820","005e8820","0"
"","Global","FUN_00119380","00119380","","Global","FUN_005e90f0","005e90f0","0"
"","Global","FUN_00119460","00119460","","Global","FUN_005e91d0","005e91d0","0"
"","Global","FUN_001195e0","001195e0","","Global","FUN_005e9350","005e9350","0"
"","Global","FUN_00119610","00119610","","Global","FUN_005e9380","005e9380","0"
"","Global","FUN_00119de0","00119de0","","Global","FUN_005e9b50","005e9b50","0"
"","Global","FUN_0011bb80","0011bb80","","Global","FUN_005eb910","005eb910","0"
"","Global","FUN_0011c2e0","0011c2e0","","Global","FUN_005ec070","005ec070","0"
"","Global","FUN_0011c490","0011c490","","Global","FUN_005ec220","005ec220","0"
"","Global","FUN_0011ca20","0011ca20","","Global","FUN_005ec7b0","005ec7b0","0"
"","Global","FUN_0011ca40","0011ca40","","Global","FUN_005ec7d0","005ec7d0","0"
"","Global","FUN_0011cb40","0011cb40","","Global","FUN_005ec8d0","005ec8d0","0"
"","Global","FUN_0011cbb0","0011cbb0","","Global","FUN_005ec940","005ec940","0"
"","Global","FUN_0011d320","0011d320","","Global","FUN_005ed0b0","005ed0b0","0"
"","Global","FUN_0011d4b0","0011d4b0","","Global","FUN_005ed240","005ed240","0"
"","Global","FUN_0011d580","0011d580","","Global","FUN_005ed310","005ed310","0"
"","Global","FUN_0011d7b0","0011d7b0","","Global","FUN_005ed540","005ed540","0"
"","Global","FUN_0011de90","0011de90","","Global","FUN_005edc20","005edc20","0"
"","Global","FUN_0011ef10","0011ef10","","Global","FUN_005eeca0","005eeca0","0"
"","Global","FUN_0011f410","0011f410","","Global","FUN_005ef1a0","005ef1a0","0"
"","Global","FUN_001201f0","001201f0","","Global","FUN_005eff80","005eff80","0"
"","Global","FUN_001204f0","001204f0","","Global","FUN_005f0280","005f0280","0"
"","Global","FUN_00120530","00120530","","Global","FUN_005f02c0","005f02c0","0"
"","Global","FUN_001206c0","001206c0","","Global","FUN_005f0450","005f0450","0"
"","Global","FUN_001207c0","001207c0","","Global","FUN_005f0550","005f0550","0"
"","Global","FUN_001209e0","001209e0","","Global","FUN_005f0770","005f0770","0"
"","Global","FUN_00120d10","00120d10","","Global","FUN_005f0aa0","005f0aa0","0"
"","Global","FUN_00121ef0","00121ef0","","Global","FUN_005f1c80","005f1c80","0"
"","Global","FUN_00122140","00122140","","Global","FUN_005f1ed0","005f1ed0","0"
"","Global","FUN_00122240","00122240","","Global","FUN_005f1fd0","005f1fd0","0"
"","Global","FUN_001225a0","001225a0","","Global","FUN_005f2330","005f2330","0"
"","Global","FUN_00122610","00122610","","Global","FUN_005f23a0","005f23a0","0"
"","Global","FUN_00122bf0","00122bf0","","Global","FUN_005f2980","005f2980","0"
"","Global","FUN_00122cd0","00122cd0","","Global","FUN_005f2a60","005f2a60","0"
"","Global","FUN_00122d80","00122d80","","Global","FUN_005f2b10","005f2b10","0"
"","Global","FUN_001231e0","001231e0","","Global","FUN_005f2f50","005f2f50","0"
"","Global","FUN_00123250","00123250","","Global","FUN_005f2fc0","005f2fc0","0"
"","Global","FUN_001237a0","001237a0","","Global","FUN_005f3510","005f3510","0"
"","Global","FUN_00123890","00123890","","Global","FUN_005f3600","005f3600","0"
"","Global","FUN_001238f0","001238f0","","Global","FUN_005f3660","005f3660","0"
"","Global","FUN_001239b0","001239b0","","Global","FUN_005f3720","005f3720","0"
"","Global","FUN_001241d0","001241d0","","Global","FUN_005f3f40","005f3f40","0"
"","Global","FUN_00124660","00124660","","Global","FUN_005f43d0","005f43d0","0"
"","Global","FUN_00124850","00124850","","Global","FUN_005f45c0","005f45c0","0"
"","Global","FUN_00124d80","00124d80","","Global","FUN_005f4af0","005f4af0","0"
"","Global","FUN_001253c0","001253c0","","Global","FUN_005f5130","005f5130","0"
"","Global","FUN_00125880","00125880","","Global","FUN_005f55f0","005f55f0","0"
"","Global","FUN_001258a0","001258a0","","Global","FUN_005f5610","005f5610","0"
"","Global","FUN_001258d0","001258d0","","Global","FUN_005f5640","005f5640","0"
"","Global","FUN_00126250","00126250","","Global","FUN_005f5fc0","005f5fc0","0"
"","Global","FUN_001262c0","001262c0","","Global","FUN_005f6030","005f6030","0"
"","Global","FUN_00126430","00126430","","Global","FUN_005f61a0","005f61a0","0"
"","Global","FUN_00126480","00126480","","Global","FUN_005f61f0","005f61f0","0"
"","Global","FUN_00126590","00126590","","Global","FUN_005f6300","005f6300","0"
"","Global","FUN_00127ba0","00127ba0","","Global","FUN_005f7450","005f7450","0"
"","Global","FUN_00127d40","00127d40","","Global","FUN_005f75a0","005f75a0","0"
"","Global","FUN_00127d80","00127d80","","Global","FUN_005f75e0","005f75e0","0"
"","Global","FUN_00127e00","00127e00","","Global","FUN_005f7660","005f7660","0"
"","Global","FUN_00128330","00128330","","Global","FUN_005f7a00","005f7a00","0"
"","Global","FUN_00129e50","00129e50","","Global","FUN_005f8c40","005f8c40","0"
"","Global","FUN_00129e60","00129e60","","Global","FUN_005f8c50","005f8c50","0"
"","Global","FUN_0012a060","0012a060","","Global","FUN_005f8e20","005f8e20","0"
"","Global","FUN_0012a650","0012a650","","Global","FUN_005f9220","005f9220","0"
"","Global","FUN_0012a6b0","0012a6b0","","Global","FUN_005f9270","005f9270","0"
"","Global","FUN_0012ad00","0012ad00","","Global","FUN_005f96a0","005f96a0","0"
"","Global","FUN_0012ae90","0012ae90","","Global","FUN_005f9800","005f9800","0"
"","Global","FUN_0012c8f0","0012c8f0","","Global","FUN_005fb250","005fb250","0"
"","Global","FUN_0012cc50","0012cc50","","Global","FUN_005fb5b0","005fb5b0","0"
"","Global","FUN_0012cec0","0012cec0","","Global","FUN_005fb820","005fb820","0"
"","Global","FUN_0012cf10","0012cf10","","Global","FUN_005fb870","005fb870","0"
"","Global","FUN_0012d180","0012d180","","Global","FUN_005fbae0","005fbae0","0"
"","Global","FUN_0012d730","0012d730","","Global","FUN_005fc090","005fc090","0"
"","Global","FUN_0012d860","0012d860","","Global","FUN_004e9bd0","004e9bd0","0"
"","Global","FUN_0012dae0","0012dae0","","Global","FUN_005fc390","005fc390","0"
"","Global","FUN_0012e2f0","0012e2f0","","Global","FUN_005fcba0","005fcba0","0"
"","Global","FUN_0012ecb0","0012ecb0","","Global","FUN_005fd560","005fd560","0"
"","Global","FUN_0012ef70","0012ef70","","Global","FUN_005fd820","005fd820","0"
"","Global","FUN_0012f640","0012f640","","Global","FUN_005fdef0","005fdef0","0"
"","Global","FUN_0012f8a0","0012f8a0","","Global","FUN_005fe150","005fe150","0"
"","Global","FUN_00130580","00130580","","Global","FUN_005fee30","005fee30","0"
"","Global","FUN_00130750","00130750","","Global","FUN_005ff000","005ff000","0"
"","Global","FUN_00130b20","00130b20","","Global","FUN_005ff3d0","005ff3d0","0"
"","Global","FUN_00130c30","00130c30","","Global","FUN_005ff4e0","005ff4e0","0"
"","Global","FUN_00130d80","00130d80","","Global","FUN_0005b910","0005b910","0"
"","Global","FUN_00131310","00131310","","Global","FUN_005ffb70","005ffb70","0"
"","Global","FUN_00131a40","00131a40","","Global","FUN_00083830","00083830","0"
"","Global","FUN_00131ea0","00131ea0","","Global","FUN_006005b0","006005b0","0"
"","Global","FUN_001337d0","001337d0","","Global","FUN_00601b90","00601b90","0"
"","Global","FUN_00134180","00134180","","Global","FUN_006023d0","006023d0","0"
"","Global","FUN_00134360","00134360","","Global","FUN_006025b0","006025b0","0"
"","Global","FUN_00134450","00134450","","Global","FUN_006026a0","006026a0","0"
"","Global","FUN_00134b10","00134b10","","Global","FUN_00602cc0","00602cc0","0"
"","Global","FUN_00134c40","00134c40","","Global","FUN_00602df0","00602df0","0"
"","Global","FUN_00135bf0","00135bf0","","Global","FUN_00603ad0","00603ad0","0"
"","Global","FUN_00135e10","00135e10","","Global","FUN_00603cf0","00603cf0","0"
"","Global","FUN_00136230","00136230","","Global","FUN_00604110","00604110","0"
"","Global","FUN_00139480","00139480","","Global","FUN_00606bf0","00606bf0","0"
"","Global","FUN_00139550","00139550","","Global","FUN_00606cc0","00606cc0","0"
"","Global","FUN_00139600","00139600","","Global","FUN_00480e30","00480e30","0"
"","Global","FUN_00139640","00139640","","Global","FUN_00606d70","00606d70","0"
"","Global","FUN_00139f70","00139f70","","Global","FUN_00607510","00607510","0"
"","Global","FUN_0013a020","0013a020","","Global","FUN_006075c0","006075c0","0"
"","Global","FUN_0013a050","0013a050","","Global","FUN_006075f0","006075f0","0"
"","Global","FUN_0013a070","0013a070","","Global","FUN_00607610","00607610","0"
"","Global","FUN_0013a0e0","0013a0e0","","Global","FUN_00607680","00607680","0"
"","Global","FUN_0013a2e0","0013a2e0","","Global","FUN_00607870","00607870","0"
"","Global","FUN_0013a780","0013a780","","Global","FUN_00607cf0","00607cf0","0"
"","Global","FUN_0013afd0","0013afd0","","Global","FUN_000d9f40","000d9f40","0"
"","Global","FUN_0013b6d0","0013b6d0","","Global","FUN_00608a00","00608a00","0"
"","Global","FUN_0013b730","0013b730","","Global","FUN_00608a60","00608a60","0"
"","Global","FUN_0013b9a0","0013b9a0","","Global","FUN_00608cd0","00608cd0","0"
"","Global","FUN_0013c260","0013c260","","Global","FUN_00609420","00609420","0"
"","Global","FUN_0013cb90","0013cb90","","Global","FUN_00609ba0","00609ba0","0"
"","Global","FUN_0013d100","0013d100","","Global","FUN_0060a0e0","0060a0e0","0"
"","Global","FUN_0013d210","0013d210","","Global","FUN_0060a1f0","0060a1f0","0"
"","Global","FUN_0013e720","0013e720","","Global","FUN_0060b700","0060b700","0"
"","Global","FUN_0013e7b0","0013e7b0","","Global","FUN_0060b790","0060b790","0"
"","Global","FUN_0013e7f0","0013e7f0","","Global","FUN_0060b7d0","0060b7d0","0"
"","Global","FUN_0013e840","0013e840","","Global","FUN_0060b820","0060b820","0"
"","Global","FUN_0013e8e0","0013e8e0","","Global","FUN_0060b8c0","0060b8c0","0"
"","Global","FUN_0013e950","0013e950","","Global","FUN_0060b930","0060b930","0"
"","Global","FUN_0013e970","0013e970","","Global","FUN_0060b950","0060b950","0"
"","Global","FUN_0013e9b0","0013e9b0","","Global","FUN_0060b990","0060b990","0"
"","Global","FUN_0013ebd0","0013ebd0","","Global","FUN_0060bbb0","0060bbb0","0"
"","Global","FUN_0013ec80","0013ec80","","Global","FUN_0060bc60","0060bc60","0"
"","Global","FUN_0013ed70","0013ed70","","Global","FUN_0060bd50","0060bd50","0"
"","Global","FUN_0013ede0","0013ede0","","Global","FUN_0060bdc0","0060bdc0","0"
"","Global","FUN_0013f400","0013f400","","Global","FUN_0060c3e0","0060c3e0","0"
"","Global","FUN_0013f510","0013f510","","Global","FUN_0060c510","0060c510","0"
"","Global","FUN_00140750","00140750","","Global","FUN_0060d750","0060d750","0"
"","Global","FUN_00140b80","00140b80","","Global","FUN_0060db80","0060db80","0"
"","Global","FUN_00140c10","00140c10","","Global","FUN_0060dc10","0060dc10","0"
"","Global","FUN_00141780","00141780","","Global","FUN_0060e780","0060e780","0"
"","Global","FUN_00141c00","00141c00","","Global","FUN_0060ec00","0060ec00","0"
"","Global","FUN_00141da0","00141da0","","Global","FUN_0060eda0","0060eda0","0"
"","Global","FUN_00141ef0","00141ef0","","Global","FUN_0060eef0","0060eef0","0"
"","Global","FUN_00141f70","00141f70","","Global","FUN_0060ef70","0060ef70","0"
"","Global","FUN_00141fe0","00141fe0","","Global","FUN_0060efe0","0060efe0","0"
"","Global","FUN_00142250","00142250","","Global","FUN_0060f250","0060f250","0"
"","Global","FUN_00142330","00142330","","Global","FUN_0060f330","0060f330","0"
"","Global","FUN_00142420","00142420","","Global","FUN_0060f420","0060f420","0"
"","Global","FUN_00142490","00142490","","Global","FUN_0060f490","0060f490","0"
"","Global","FUN_00142500","00142500","","Global","FUN_0060f500","0060f500","0"
"","Global","FUN_00142560","00142560","","Global","FUN_0060f560","0060f560","0"
"","Global","FUN_001425c0","001425c0","","Global","FUN_0060f5c0","0060f5c0","0"
"","Global","FUN_00142c70","00142c70","","Global","FUN_0060fc70","0060fc70","0"
"","Global","FUN_00142ff0","00142ff0","","Global","FUN_0060fff0","0060fff0","0"
"","Global","FUN_00143050","00143050","","Global","FUN_00610050","00610050","0"
"","Global","FUN_001430a0","001430a0","","Global","FUN_006100a0","006100a0","0"
"","Global","FUN_00143150","00143150","","Global","FUN_00610150","00610150","0"
"","Global","FUN_00143330","00143330","","Global","FUN_00610330","00610330","0"
"","Global","FUN_00143500","00143500","","Global","FUN_00610500","00610500","0"
"","Global","FUN_00143570","00143570","","Global","FUN_00610570","00610570","0"
"","Global","FUN_00143910","00143910","","Global","FUN_00610910","00610910","0"
"","Global","FUN_00143ad0","00143ad0","","Global","FUN_00610ad0","00610ad0","0"
"","Global","FUN_00143b60","00143b60","","Global","FUN_00610b60","00610b60","0"
"","Global","FUN_00143c60","00143c60","","Global","FUN_00610c60","00610c60","0"
"","Global","FUN_00143db0","00143db0","","Global","FUN_00610db0","00610db0","0"
"","Global","FUN_00143e50","00143e50","","Global","FUN_00610e50","00610e50","0"
"","Global","FUN_00143ff0","00143ff0","","Global","FUN_00610ff0","00610ff0","0"
"","Global","FUN_00144040","00144040","","Global","FUN_00611040","00611040","0"
"","Global","FUN_001440c0","001440c0","","Global","FUN_006110c0","006110c0","0"
"","Global","FUN_00144110","00144110","","Global","FUN_00611110","00611110","0"
"","Global","FUN_001442e0","001442e0","","Global","FUN_006112e0","006112e0","0"
"","Global","FUN_00144630","00144630","","Global","FUN_00611630","00611630","0"
"","Global","FUN_00145480","00145480","","Global","FUN_00612480","00612480","0"
"","Global","FUN_001472c0","001472c0","","Global","FUN_00614280","00614280","0"
"","Global","FUN_001473e0","001473e0","","Global","FUN_006143a0","006143a0","0"
"","Global","FUN_00147580","00147580","","Global","FUN_00614540","00614540","0"
"","Global","FUN_00147650","00147650","","Global","FUN_00614610","00614610","0"
"","Global","FUN_00147740","00147740","","Global","FUN_00614700","00614700","0"
"","Global","FUN_00147790","00147790","","Global","FUN_00614750","00614750","0"
"","Global","FUN_00147870","00147870","","Global","FUN_00614800","00614800","0"
"","Global","FUN_00147a00","00147a00","","Global","FUN_00614990","00614990","0"
"","Global","FUN_00147ef0","00147ef0","","Global","FUN_00614e70","00614e70","0"
"","Global","FUN_001487d0","001487d0","","Global","FUN_00615750","00615750","0"
"","Global","FUN_00148980","00148980","","Global","FUN_00615900","00615900","0"
"","Global","FUN_00149520","00149520","","Global","FUN_00616470","00616470","0"
"","Global","FUN_001498c0","001498c0","","Global","FUN_006167e0","006167e0","0"
"","Global","FUN_00149920","00149920","","Global","FUN_00616840","00616840","0"
"","Global","FUN_001499a0","001499a0","","Global","FUN_006168c0","006168c0","0"
"","Global","FUN_00149a60","00149a60","","Global","FUN_00616980","00616980","0"
"","Global","FUN_00149cb0","00149cb0","","Global","FUN_00616bd0","00616bd0","0"
"","Global","FUN_00149e50","00149e50","","Global","FUN_00616d70","00616d70","0"
"","Global","FUN_0014a170","0014a170","","Global","FUN_00617090","00617090","0"
"","Global","FUN_0014a8d0","0014a8d0","","Global","FUN_006177f0","006177f0","0"
"","Global","FUN_0014aa00","0014aa00","","Global","FUN_00617920","00617920","0"
"","Global","FUN_0014aca0","0014aca0","","Global","FUN_00617bc0","00617bc0","0"
"","Global","FUN_0014afe0","0014afe0","","Global","FUN_005f8fe0","005f8fe0","0"
"","Global","FUN_0014b300","0014b300","","Global","FUN_00618210","00618210","0"
"","Global","FUN_0014b320","0014b320","","Global","FUN_00618230","00618230","0"
"","Global","FUN_0014b520","0014b520","","Global","FUN_00618430","00618430","0"
"","Global","FUN_0014b550","0014b550","","Global","FUN_00618460","00618460","0"
"","Global","FUN_0014b690","0014b690","","Global","FUN_006185a0","006185a0","0"
"","Global","FUN_0014b860","0014b860","","Global","FUN_00618770","00618770","0"
"","Global","FUN_0014ba40","0014ba40","","Global","FUN_00618950","00618950","0"
"","Global","FUN_0014bad0","0014bad0","","Global","FUN_000d9fd0","000d9fd0","0"
"","Global","FUN_0014bbb0","0014bbb0","","Global","FUN_00618a40","00618a40","0"
"","Global","FUN_0014bc10","0014bc10","","Global","FUN_0006f490","0006f490","0"
"","Global","FUN_0014bd60","0014bd60","","Global","FUN_00503e60","00503e60","0"
"","Global","FUN_0014bdb0","0014bdb0","","Global","FUN_00618b30","00618b30","0"
"","Global","FUN_0014c4d0","0014c4d0","","Global","FUN_00619250","00619250","0"
"","Global","FUN_0014c6d0","0014c6d0","","Global","FUN_00619450","00619450","0"
"","Global","FUN_0014c880","0014c880","","Global","FUN_00619600","00619600","0"
"","Global","FUN_0014c8d0","0014c8d0","","Global","FUN_00619650","00619650","0"
"","Global","FUN_0014c920","0014c920","","Global","FUN_006196a0","006196a0","0"
"","Global","FUN_0014cda0","0014cda0","","Global","FUN_00619b20","00619b20","0"
"","Global","FUN_0014ce30","0014ce30","","Global","FUN_00086300","00086300","0"
"","Global","FUN_0014ce50","0014ce50","","Global","FUN_00048400","00048400","0"
"","Global","FUN_0014ce70","0014ce70","","Global","FUN_00086320","00086320","0"
"","Global","FUN_0014cff0","0014cff0","","Global","FUN_00619d10","00619d10","0"
"","Global","FUN_0014d040","0014d040","","Global","FUN_00619d60","00619d60","0"
"","Global","FUN_0014dcd0","0014dcd0","","Global","FUN_0061a9f0","0061a9f0","0"
"","Global","FUN_0014dff0","0014dff0","","Global","FUN_006aeff0","006aeff0","0"
"","Global","FUN_0014e080","0014e080","","Global","FUN_0061ada0","0061ada0","0"
"","Global","FUN_0014e0f0","0014e0f0","","Global","FUN_0061ae10","0061ae10","0"
"","Global","FUN_0014e160","0014e160","","Global","FUN_0061ae80","0061ae80","0"
"","Global","FUN_0014e270","0014e270","","Global","FUN_0061af90","0061af90","0"
"","Global","FUN_0014e480","0014e480","","Global","FUN_0061b1a0","0061b1a0","0"
"","Global","FUN_0014e7f0","0014e7f0","","Global","FUN_0061b510","0061b510","0"
"","Global","FUN_0014fbe0","0014fbe0","","Global","FUN_0061c920","0061c920","0"
"","Global","FUN_00150230","00150230","","Global","FUN_0061cf70","0061cf70","0"
"","Global","FUN_00150370","00150370","","Global","FUN_0061d0b0","0061d0b0","0"
"","Global","FUN_00150430","00150430","","Global","FUN_0061d170","0061d170","0"
"","Global","FUN_00150d50","00150d50","","Global","FUN_0061da90","0061da90","0"
"","Global","FUN_00150ed0","00150ed0","","Global","FUN_0061dc10","0061dc10","0"
"","Global","FUN_001515d0","001515d0","","Global","FUN_0061e310","0061e310","0"
"","Global","FUN_00151690","00151690","","Global","FUN_0061e3d0","0061e3d0","0"
"","Global","FUN_00151710","00151710","","Global","FUN_0061e450","0061e450","0"
"","Global","FUN_00151750","00151750","","Global","FUN_0061e490","0061e490","0"
"","Global","FUN_00151890","00151890","","Global","FUN_0061e5d0","0061e5d0","0"
"","Global","FUN_00151da0","00151da0","","Global","FUN_0061eae0","0061eae0","0"
"","Global","FUN_00151e20","00151e20","","Global","FUN_0061eb60","0061eb60","0"
"","Global","FUN_00152200","00152200","","Global","FUN_0061ef40","0061ef40","0"
"","Global","FUN_001522c0","001522c0","","Global","FUN_0061f000","0061f000","0"
"","Global","FUN_00152aa0","00152aa0","","Global","FUN_0061f7e0","0061f7e0","0"
"","Global","FUN_00152c00","00152c00","","Global","FUN_0061f940","0061f940","0"
"","Global","FUN_00152c60","00152c60","","Global","FUN_0061f9a0","0061f9a0","0"
"","Global","FUN_00152d30","00152d30","","Global","FUN_0061fa70","0061fa70","0"
"","Global","FUN_001531d0","001531d0","","Global","FUN_0061ff00","0061ff00","0"
"","Global","FUN_00153200","00153200","","Global","FUN_0061ff30","0061ff30","0"
"","Global","FUN_001532a0","001532a0","","Global","FUN_0061ffd0","0061ffd0","0"
"","Global","FUN_00153440","00153440","","Global","FUN_00620170","00620170","0"
"","Global","FUN_00153590","00153590","","Global","FUN_006202c0","006202c0","0"
"","Global","FUN_00153980","00153980","","Global","FUN_006206b0","006206b0","0"
"","Global","FUN_00153a70","00153a70","","Global","FUN_006207a0","006207a0","0"
"","Global","FUN_00153b20","00153b20","","Global","FUN_00620850","00620850","0"
"","Global","FUN_00153b80","00153b80","","Global","FUN_006208b0","006208b0","0"
"","Global","FUN_00153d50","00153d50","","Global","FUN_00620a80","00620a80","0"
"","Global","FUN_00154600","00154600","","Global","FUN_00621330","00621330","0"
"","Global","FUN_00154830","00154830","","Global","FUN_00621560","00621560","0"
"","Global","FUN_00154860","00154860","","Global","FUN_00621590","00621590","0"
"","Global","FUN_00154a70","00154a70","","Global","FUN_006217a0","006217a0","0"
"","Global","FUN_00154b60","00154b60","","Global","FUN_00621890","00621890","0"
"","Global","FUN_001551f0","001551f0","","Global","FUN_00621f20","00621f20","0"
"","Global","FUN_001553e0","001553e0","","Global","FUN_00622110","00622110","0"
"","Global","FUN_00155470","00155470","","Global","FUN_006221a0","006221a0","0"
"","Global","FUN_00155bc0","00155bc0","","Global","FUN_006228f0","006228f0","0"
"","Global","FUN_00155d90","00155d90","","Global","FUN_00622ac0","00622ac0","0"
"","Global","FUN_00155e20","00155e20","","Global","FUN_00622b50","00622b50","0"
"","Global","FUN_00155ef0","00155ef0","","Global","FUN_00622c20","00622c20","0"
"","Global","FUN_00155f20","00155f20","","Global","FUN_00622c50","00622c50","0"
"","Global","FUN_00156220","00156220","","Global","FUN_00622f50","00622f50","0"
"","Global","FUN_001563a0","001563a0","","Global","FUN_006230d0","006230d0","0"
"","Global","FUN_00156470","00156470","","Global","FUN_006231a0","006231a0","0"
"","Global","FUN_00156910","00156910","","Global","FUN_00623640","00623640","0"
"","Global","FUN_00156980","00156980","","Global","FUN_006236b0","006236b0","0"
"","Global","FUN_00156a40","00156a40","","Global","FUN_00623770","00623770","0"
"","Global","FUN_00156b10","00156b10","","Global","FUN_00623840","00623840","0"
"","Global","FUN_001570e0","001570e0","","Global","FUN_00623e10","00623e10","0"
"","Global","FUN_001572e0","001572e0","","Global","FUN_00624010","00624010","0"
"","Global","FUN_00157410","00157410","","Global","FUN_00624140","00624140","0"
"","Global","FUN_001576a0","001576a0","","Global","FUN_006243d0","006243d0","0"
"","Global","FUN_00158400","00158400","","Global","FUN_00625130","00625130","0"
"","Global","FUN_00158860","00158860","","Global","FUN_00625590","00625590","0"
"","Global","FUN_001588f0","001588f0","","Global","FUN_00625620","00625620","0"
"","Global","FUN_001589d0","001589d0","","Global","FUN_00625700","00625700","0"
"","Global","FUN_00158ad0","00158ad0","","Global","FUN_006257f0","006257f0","0"
"","Global","FUN_00158b10","00158b10","","Global","FUN_00625830","00625830","0"
"","Global","FUN_00158bb0","00158bb0","","Global","FUN_006258d0","006258d0","0"
"","Global","FUN_00158cb0","00158cb0","","Global","FUN_006259d0","006259d0","0"
"","Global","FUN_00159460","00159460","","Global","FUN_00626180","00626180","0"
"","Global","FUN_00159530","00159530","","Global","FUN_00626250","00626250","0"
"","Global","FUN_001596c0","001596c0","","Global","FUN_006263e0","006263e0","0"
"","Global","FUN_00159730","00159730","","Global","FUN_00626450","00626450","0"
"","Global","FUN_00159a50","00159a50","","Global","FUN_00626770","00626770","0"
"","Global","FUN_0015a880","0015a880","","Global","FUN_006275a0","006275a0","0"
"","Global","FUN_0015a980","0015a980","","Global","FUN_006276a0","006276a0","0"
"","Global","FUN_0015aaf0","0015aaf0","","Global","FUN_00627810","00627810","0"
"","Global","FUN_0015ab30","0015ab30","","Global","FUN_00627850","00627850","0"
"","Global","FUN_0015af50","0015af50","","Global","FUN_00627c70","00627c70","0"
"","Global","FUN_0015afc0","0015afc0","","Global","FUN_00627ce0","00627ce0","0"
"","Global","FUN_0015b380","0015b380","","Global","FUN_006280b0","006280b0","0"
"","Global","FUN_0015b490","0015b490","","Global","FUN_006281c0","006281c0","0"
"","Global","FUN_0015b670","0015b670","","Global","FUN_006283a0","006283a0","0"
"","Global","FUN_0015b780","0015b780","","Global","FUN_006284b0","006284b0","0"
"","Global","FUN_0015ba30","0015ba30","","Global","FUN_0054a900","0054a900","0"
"","Global","FUN_0015bb40","0015bb40","","Global","FUN_0054aa10","0054aa10","0"
"","Global","FUN_0015bc40","0015bc40","","Global","FUN_0054ab10","0054ab10","0"
"","Global","FUN_0015dc40","0015dc40","","Global","FUN_00496600","00496600","0"
"","Global","FUN_0015dd30","0015dd30","","Global","FUN_00496720","00496720","0"
"","Global","FUN_0015e060","0015e060","","Global","FUN_00496a90","00496a90","0"
"","Global","FUN_0015eca0","0015eca0","","Global","FUN_00497b00","00497b00","0"
"","Global","FUN_00162e00","00162e00","","Global","FUN_0049bd10","0049bd10","0"
"","Global","FUN_001630c0","001630c0","","Global","FUN_0049bfd0","0049bfd0","0"
"","Global","FUN_00163290","00163290","","Global","FUN_0049c1a0","0049c1a0","0"
"","Global","FUN_00163490","00163490","","Global","FUN_0049c3a0","0049c3a0","0"
"","Global","FUN_00163740","00163740","","Global","FUN_0049c650","0049c650","0"
"","Global","FUN_00163900","00163900","","Global","FUN_0049c810","0049c810","0"
"","Global","FUN_00164c20","00164c20","","Global","FUN_0049db70","0049db70","0"
"","Global","FUN_00164cb0","00164cb0","","Global","FUN_0049dc00","0049dc00","0"
"","Global","FUN_00164fc0","00164fc0","","Global","FUN_0049df10","0049df10","0"
"","Global","FUN_00165110","00165110","","Global","FUN_0054ac70","0054ac70","0"
"","Global","FUN_00167210","00167210","","Global","FUN_0054d090","0054d090","0"
"","Global","FUN_00167590","00167590","","Global","FUN_0054d460","0054d460","0"
"","Global","FUN_00167620","00167620","","Global","FUN_0054d4f0","0054d4f0","0"
"","Global","FUN_001676c0","001676c0","","Global","FUN_0054d590","0054d590","0"
"","Global","FUN_001679d0","001679d0","","Global","FUN_0054d8c0","0054d8c0","0"
"","Global","FUN_00167a50","00167a50","","Global","FUN_0054d940","0054d940","0"
"","Global","FUN_00167aa0","00167aa0","","Global","FUN_0054d990","0054d990","0"
"","Global","FUN_00167c90","00167c90","","Global","FUN_0054db80","0054db80","0"
"","Global","FUN_00168440","00168440","","Global","FUN_0054e460","0054e460","0"
"","Global","FUN_001686f0","001686f0","","Global","FUN_0054e760","0054e760","0"
"","Global","FUN_00168ab0","00168ab0","","Global","FUN_0054eb20","0054eb20","0"
"","Global","FUN_00168dc0","00168dc0","","Global","FUN_0054ee30","0054ee30","0"
"","Global","FUN_001691b0","001691b0","","Global","FUN_0054f220","0054f220","0"
"","Global","FUN_0016ba40","0016ba40","","Global","FUN_005521c0","005521c0","0"
"","Global","FUN_0016bab0","0016bab0","","Global","FUN_00552230","00552230","0"
"","Global","FUN_0016baf0","0016baf0","","Global","FUN_00034e00","00034e00","0"
"","Global","FUN_0016c110","0016c110","","Global","FUN_005529e0","005529e0","0"
"","Global","FUN_0016c150","0016c150","","Global","FUN_00552a20","00552a20","0"
"","Global","FUN_0016c230","0016c230","","Global","FUN_00552b00","00552b00","0"
"","Global","FUN_0016c270","0016c270","","Global","FUN_00552b40","00552b40","0"
"","Global","FUN_0016c740","0016c740","","Global","FUN_00553020","00553020","0"
"","Global","FUN_0016c7c0","0016c7c0","","Global","FUN_005530a0","005530a0","0"
"","Global","FUN_0016c8e0","0016c8e0","","Global","FUN_005531e0","005531e0","0"
"","Global","FUN_0016c920","0016c920","","Global","FUN_00553220","00553220","0"
"","Global","FUN_0016c970","0016c970","","Global","FUN_00553270","00553270","0"
"","Global","FUN_0016ca10","0016ca10","","Global","FUN_00553310","00553310","0"
"","Global","FUN_0016cab0","0016cab0","","Global","FUN_005533f0","005533f0","0"
"","Global","FUN_0016cbf0","0016cbf0","","Global","FUN_00037120","00037120","0"
"","Global","FUN_0016d690","0016d690","","Global","FUN_00554030","00554030","0"
"","Global","FUN_0016d810","0016d810","","Global","FUN_00554230","00554230","0"
"","Global","FUN_0016d8c0","0016d8c0","","Global","FUN_005542e0","005542e0","0"
"","Global","FUN_0016d940","0016d940","","Global","FUN_00554360","00554360","0"
"","Global","FUN_0016daf0","0016daf0","","Global","FUN_00554510","00554510","0"
"","Global","FUN_0016db30","0016db30","","Global","FUN_00554550","00554550","0"
"","Global","FUN_0016dc70","0016dc70","","Global","FUN_00554690","00554690","0"
"","Global","FUN_0016dca0","0016dca0","","Global","FUN_005546d0","005546d0","0"
"","Global","FUN_0016df40","0016df40","","Global","FUN_005549b0","005549b0","0"
"","Global","FUN_0016df90","0016df90","","Global","FUN_00554a00","00554a00","0"
"","Global","FUN_0016e070","0016e070","","Global","FUN_00554ae0","00554ae0","0"
"","Global","FUN_0016e410","0016e410","","Global","FUN_00554ef0","00554ef0","0"
"","Global","FUN_0016e4c0","0016e4c0","","Global","FUN_00554fd0","00554fd0","0"
"","Global","FUN_0016e540","0016e540","","Global","FUN_0003a1b0","0003a1b0","0"
"","Global","FUN_0016e600","0016e600","","Global","FUN_000ae5a0","000ae5a0","0"
"","Global","FUN_0016e670","0016e670","","Global","FUN_00083330","00083330","0"
"","Global","FUN_0016e6e0","0016e6e0","","Global","FUN_005550f0","005550f0","0"
"","Global","FUN_0016e730","0016e730","","Global","FUN_00555140","00555140","0"
"","Global","FUN_0016e7b0","0016e7b0","","Global","FUN_005551c0","005551c0","0"
"","Global","FUN_0016ea80","0016ea80","","Global","FUN_005554a0","005554a0","0"
"","Global","FUN_0016ece0","0016ece0","","Global","FUN_00555830","00555830","0"
"","Global","FUN_0016f410","0016f410","","Global","FUN_00555f80","00555f80","0"
"","Global","FUN_0016f990","0016f990","","Global","FUN_00628b70","00628b70","0"
"","Global","FUN_0016fe80","0016fe80","","Global","FUN_00629060","00629060","0"
"","Global","FUN_00170150","00170150","","Global","FUN_00629330","00629330","0"
"","Global","FUN_001701f0","001701f0","","Global","FUN_006293d0","006293d0","0"
"","Global","FUN_00170500","00170500","","Global","FUN_006296a0","006296a0","0"
"","Global","FUN_00170670","00170670","","Global","FUN_00690470","00690470","0"
"","Global","FUN_001709f0","001709f0","","Global","FUN_00656e90","00656e90","0"
"","Global","FUN_00170a80","00170a80","","Global","FUN_0062b180","0062b180","0"
"","Global","FUN_00170b50","00170b50","","Global","FUN_0005b960","0005b960","0"
"","Global","FUN_00170b90","00170b90","","Global","FUN_000defb0","000defb0","0"
"","Global","FUN_00170bb0","00170bb0","","Global","FUN_0062b250","0062b250","0"
"","Global","FUN_00170c00","00170c00","","Global","FUN_0062b280","0062b280","0"
"","Global","FUN_00170d20","00170d20","","Global","FUN_0062b370","0062b370","0"
"","Global","FUN_00170e30","00170e30","","Global","FUN_0062b480","0062b480","0"
"","Global","FUN_001710b0","001710b0","","Global","FUN_0062b700","0062b700","0"
"","Global","FUN_00171200","00171200","","Global","FUN_0062b850","0062b850","0"
"","Global","FUN_001713e0","001713e0","","Global","FUN_0062ba30","0062ba30","0"
"","Global","FUN_00171480","00171480","","Global","FUN_0062bad0","0062bad0","0"
"","Global","FUN_00171540","00171540","","Global","FUN_0062bb90","0062bb90","0"
"","Global","FUN_00171600","00171600","","Global","FUN_0062bc50","0062bc50","0"
"","Global","FUN_00171770","00171770","","Global","FUN_0062bdc0","0062bdc0","0"
"","Global","FUN_00171a60","00171a60","","Global","FUN_0062c0b0","0062c0b0","0"
"","Global","FUN_00171ee0","00171ee0","","Global","FUN_0062c530","0062c530","0"
"","Global","FUN_00171f50","00171f50","","Global","FUN_0062c5a0","0062c5a0","0"
"","Global","FUN_00172010","00172010","","Global","FUN_0062c660","0062c660","0"
"","Global","FUN_00172080","00172080","","Global","FUN_0062c6d0","0062c6d0","0"
"","Global","FUN_001720e0","001720e0","","Global","FUN_0062c730","0062c730","0"
"","Global","FUN_00172150","00172150","","Global","FUN_0062c7a0","0062c7a0","0"
"","Global","FUN_001721b0","001721b0","","Global","FUN_0062c800","0062c800","0"
"","Global","FUN_00172420","00172420","","Global","FUN_0062ca70","0062ca70","0"
"","Global","FUN_00172450","00172450","","Global","FUN_0062caa0","0062caa0","0"
"","Global","FUN_00172690","00172690","","Global","FUN_0062cce0","0062cce0","0"
"","Global","FUN_00172810","00172810","","Global","FUN_0062ce60","0062ce60","0"
"","Global","FUN_00172a40","00172a40","","Global","FUN_0062d090","0062d090","0"
"","Global","FUN_00172b70","00172b70","","Global","FUN_0062d1c0","0062d1c0","0"
"","Global","FUN_00172c80","00172c80","","Global","FUN_0062d2d0","0062d2d0","0"
"","Global","FUN_00173160","00173160","","Global","FUN_0062d7b0","0062d7b0","0"
"","Global","FUN_00173230","00173230","","Global","FUN_0062d880","0062d880","0"
"","Global","FUN_00173300","00173300","","Global","FUN_0062d950","0062d950","0"
"","Global","FUN_001733c0","001733c0","","Global","FUN_0062da10","0062da10","0"
"","Global","FUN_00173480","00173480","","Global","FUN_0062dad0","0062dad0","0"
"","Global","FUN_00173760","00173760","","Global","FUN_0062ddb0","0062ddb0","0"
"","Global","FUN_00173860","00173860","","Global","FUN_0062deb0","0062deb0","0"
"","Global","FUN_00173930","00173930","","Global","FUN_0062df80","0062df80","0"
"","Global","FUN_00173b70","00173b70","","Global","FUN_0062e1c0","0062e1c0","0"
"","Global","FUN_00173c50","00173c50","","Global","FUN_0062e2a0","0062e2a0","0"
"","Global","FUN_00173d00","00173d00","","Global","FUN_00046940","00046940","0"
"","Global","FUN_00174520","00174520","","Global","FUN_00081e80","00081e80","0"
"","Global","FUN_00174680","00174680","","Global","FUN_00047850","00047850","0"
"","Global","FUN_001746b0","001746b0","","Global","FUN_00084bb0","00084bb0","0"
"","Global","FUN_00174740","00174740","","Global","FUN_0048b630","0048b630","0"
"","Global","FUN_00174860","00174860","","Global","FUN_0048b750","0048b750","0"
"","Global","FUN_00174910","00174910","","Global","FUN_0048b800","0048b800","0"
"","Global","FUN_00174970","00174970","","Global","FUN_0048b860","0048b860","0"
"","Global","FUN_00174980","00174980","","Global","FUN_0048b870","0048b870","0"
"","Global","FUN_00174be0","00174be0","","Global","FUN_0048bad0","0048bad0","0"
"","Global","FUN_00175000","00175000","","Global","FUN_0048bef0","0048bef0","0"
"","Global","FUN_001750e0","001750e0","","Global","FUN_0048bfd0","0048bfd0","0"
"","Global","FUN_00175140","00175140","","Global","FUN_0048c030","0048c030","0"
"","Global","FUN_00175270","00175270","","Global","FUN_0062a910","0062a910","0"
"","Global","FUN_001752a0","001752a0","","Global","FUN_0062a940","0062a940","0"
"","Global","FUN_00175370","00175370","","Global","FUN_0062aa10","0062aa10","0"
"","Global","FUN_00175440","00175440","","Global","FUN_0062aae0","0062aae0","0"
"","Global","FUN_00175460","00175460","","Global","FUN_0062ab00","0062ab00","0"
"","Global","FUN_00175470","00175470","","Global","FUN_0062ab10","0062ab10","0"
"","Global","FUN_001754f0","001754f0","","Global","FUN_0062ab90","0062ab90","0"
"","Global","FUN_00175630","00175630","","Global","FUN_0062acd0","0062acd0","0"
"","Global","FUN_00175660","00175660","","Global","FUN_0062ad00","0062ad00","0"
"","Global","FUN_00175690","00175690","","Global","FUN_0062ad30","0062ad30","0"
"","Global","FUN_00175840","00175840","","Global","FUN_0062a250","0062a250","0"
"","Global","FUN_00175920","00175920","","Global","FUN_0062a330","0062a330","0"
"","Global","FUN_001759f0","001759f0","","Global","FUN_0062a400","0062a400","0"
"","Global","FUN_00175b50","00175b50","","Global","FUN_0062a560","0062a560","0"
"","Global","FUN_00175c10","00175c10","","Global","FUN_0062a620","0062a620","0"
"","Global","FUN_00175d40","00175d40","","Global","FUN_0062a750","0062a750","0"
"","Global","FUN_00175ef0","00175ef0","","Global","FUN_0062adf0","0062adf0","0"
"","Global","FUN_00175f30","00175f30","","Global","FUN_0062ae30","0062ae30","0"
"","Global","FUN_00176060","00176060","","Global","FUN_0062af60","0062af60","0"
"","Global","FUN_001760b0","001760b0","","Global","FUN_0062afb0","0062afb0","0"
"","Global","FUN_00176190","00176190","","Global","FUN_006297d0","006297d0","0"
"","Global","FUN_00176200","00176200","","Global","FUN_00629840","00629840","0"
"","Global","FUN_00176270","00176270","","Global","FUN_006298b0","006298b0","0"
"","Global","FUN_00176300","00176300","","Global","FUN_00629940","00629940","0"
"","Global","FUN_00176360","00176360","","Global","FUN_006299a0","006299a0","0"
"","Global","FUN_001763b0","001763b0","","Global","FUN_006299f0","006299f0","0"
"","Global","FUN_00176460","00176460","","Global","FUN_00629aa0","00629aa0","0"
"","Global","FUN_001764a0","001764a0","","Global","FUN_00629ae0","00629ae0","0"
"","Global","FUN_00176530","00176530","","Global","FUN_00629b70","00629b70","0"
"","Global","FUN_001765e0","001765e0","","Global","FUN_00629c20","00629c20","0"
"","Global","FUN_00176640","00176640","","Global","FUN_0048d3f0","0048d3f0","0"
"","Global","FUN_001766d0","001766d0","","Global","FUN_00518350","00518350","0"
"","Global","FUN_00176750","00176750","","Global","FUN_005183d0","005183d0","0"
"","Global","FUN_00176890","00176890","","Global","FUN_00518510","00518510","0"
"","Global","FUN_00176990","00176990","","Global","FUN_005185f0","005185f0","0"
"","Global","FUN_00176af0","00176af0","","Global","FUN_00543ac0","00543ac0","0"
"","Global","FUN_00176c70","00176c70","","Global","FUN_00543c30","00543c30","0"
"","Global","FUN_00176d20","00176d20","","Global","FUN_00543ce0","00543ce0","0"
"","Global","FUN_00176dd0","00176dd0","","Global","FUN_00543d90","00543d90","0"
"","Global","FUN_00176e20","00176e20","","Global","FUN_00543de0","00543de0","0"
"","Global","FUN_00176e70","00176e70","","Global","FUN_00543e30","00543e30","0"
"","Global","FUN_00177130","00177130","","Global","FUN_005440d0","005440d0","0"
"","Global","FUN_00177280","00177280","","Global","FUN_00544240","00544240","0"
"","Global","FUN_00177760","00177760","","Global","FUN_005446f0","005446f0","0"
"","Global","FUN_001777b0","001777b0","","Global","FUN_00544740","00544740","0"
"","Global","FUN_00177900","00177900","","Global","FUN_00544890","00544890","0"
"","Global","FUN_00178030","00178030","","Global","FUN_00544fd0","00544fd0","0"
"","Global","FUN_001781d0","001781d0","","Global","FUN_00133010","00133010","0"
"","Global","FUN_00178220","00178220","","Global","FUN_005451b0","005451b0","0"
"","Global","FUN_00178300","00178300","","Global","FUN_00545290","00545290","0"
"","Global","FUN_00178370","00178370","","Global","FUN_00545300","00545300","0"
"","Global","FUN_00178560","00178560","","Global","FUN_00545550","00545550","0"
"","Global","FUN_00178600","00178600","","Global","FUN_001330f0","001330f0","0"
"","Global","FUN_00178670","00178670","","Global","FUN_005455f0","005455f0","0"
"","Global","FUN_00178830","00178830","","Global","FUN_005457b0","005457b0","0"
"","Global","FUN_001788f0","001788f0","","Global","FUN_00545870","00545870","0"
"","Global","FUN_00178a40","00178a40","","Global","FUN_00545a10","00545a10","0"
"","Global","FUN_00178c40","00178c40","","Global","FUN_00545c10","00545c10","0"
"","Global","FUN_00178d10","00178d10","","Global","FUN_00545d00","00545d00","0"
"","Global","FUN_00178e70","00178e70","","Global","FUN_00545e60","00545e60","0"
"","Global","FUN_00178eb0","00178eb0","","Global","FUN_00545ea0","00545ea0","0"
"","Global","FUN_00179090","00179090","","Global","FUN_00546080","00546080","0"
"","Global","FUN_00179120","00179120","","Global","FUN_00546110","00546110","0"
"","Global","FUN_00179310","00179310","","Global","FUN_00546300","00546300","0"
"","Global","FUN_0017a200","0017a200","","Global","FUN_00547230","00547230","0"
"","Global","FUN_0017a280","0017a280","","Global","FUN_005472b0","005472b0","0"
"","Global","FUN_0017a320","0017a320","","Global","FUN_00547350","00547350","0"
"","Global","FUN_0017a6b0","0017a6b0","","Global","FUN_005476e0","005476e0","0"
"","Global","FUN_0017acd0","0017acd0","","Global","FUN_00547d00","00547d00","0"
"","Global","FUN_0017b160","0017b160","","Global","FUN_005481f0","005481f0","0"
"","Global","FUN_0017b1e0","0017b1e0","","Global","FUN_00548290","00548290","0"
"","Global","FUN_0017b270","0017b270","","Global","FUN_00548350","00548350","0"
"","Global","FUN_0017b3a0","0017b3a0","","Global","FUN_00548480","00548480","0"
"","Global","FUN_0017b610","0017b610","","Global","FUN_005486f0","005486f0","0"
"","Global","FUN_0017b6c0","0017b6c0","","Global","FUN_005487a0","005487a0","0"
"","Global","FUN_0017c130","0017c130","","Global","FUN_00549210","00549210","0"
"","Global","FUN_0017c4a0","0017c4a0","","Global","FUN_00549580","00549580","0"
"","Global","FUN_0017c5d0","0017c5d0","","Global","FUN_005496b0","005496b0","0"
"","Global","FUN_0017c940","0017c940","","Global","FUN_00549a20","00549a20","0"
"","Global","FUN_0017cf50","0017cf50","","Global","FUN_0068ee10","0068ee10","0"
"","Global","FUN_0017cfe0","0017cfe0","","Global","FUN_0068eea0","0068eea0","0"
"","Global","FUN_0017d000","0017d000","","Global","FUN_0068eec0","0068eec0","0"
"","Global","FUN_0017d050","0017d050","","Global","FUN_0068ef10","0068ef10","0"
"","Global","FUN_0017d070","0017d070","","Global","FUN_0068ef30","0068ef30","0"
"","Global","FUN_0017d1f0","0017d1f0","","Global","FUN_0068f050","0068f050","0"
"","Global","FUN_0017d310","0017d310","","Global","FUN_0068f140","0068f140","0"
"","Global","FUN_0017d3e0","0017d3e0","","Global","FUN_0068f200","0068f200","0"
"","Global","FUN_0017d460","0017d460","","Global","FUN_0068f280","0068f280","0"
"","Global","FUN_0017d4d0","0017d4d0","","Global","FUN_00484ce0","00484ce0","0"
"","Global","FUN_0017d4f0","0017d4f0","","Global","FUN_0068f2f0","0068f2f0","0"
"","Global","FUN_0017d740","0017d740","","Global","FUN_0068f520","0068f520","0"
"","Global","FUN_0017d7e0","0017d7e0","","Global","FUN_0068f5b0","0068f5b0","0"
"","Global","FUN_0017d8d0","0017d8d0","","Global","FUN_0068f6a0","0068f6a0","0"
"","Global","FUN_0017d970","0017d970","","Global","FUN_0068f730","0068f730","0"
"","Global","FUN_0017d9d0","0017d9d0","","Global","FUN_0068f790","0068f790","0"
"","Global","FUN_0017da20","0017da20","","Global","FUN_0068f7e0","0068f7e0","0"
"","Global","FUN_0017dcb0","0017dcb0","","Global","FUN_0063f3a0","0063f3a0","0"
"","Global","FUN_0017dce0","0017dce0","","Global","FUN_0063f3d0","0063f3d0","0"
"","Global","FUN_0017dd10","0017dd10","","Global","FUN_0063f400","0063f400","0"
"","Global","FUN_0017dd30","0017dd30","","Global","FUN_0063f420","0063f420","0"
"","Global","FUN_0017dd60","0017dd60","","Global","FUN_0063f450","0063f450","0"
"","Global","FUN_0017df80","0017df80","","Global","FUN_0063f670","0063f670","0"
"","Global","FUN_0017e160","0017e160","","Global","FUN_0063f850","0063f850","0"
"","Global","FUN_0017e190","0017e190","","Global","FUN_004a7250","004a7250","0"
"","Global","FUN_0017e610","0017e610","","Global","FUN_004a7800","004a7800","0"
"","Global","FUN_0017ee70","0017ee70","","Global","FUN_004a8060","004a8060","0"
"","Global","FUN_00181880","00181880","","Global","FUN_004aaff0","004aaff0","0"
"","Global","FUN_00182db0","00182db0","","Global","FUN_004ac680","004ac680","0"
"","Global","FUN_00182f50","00182f50","","Global","FUN_004ac820","004ac820","0"
"","Global","FUN_00183100","00183100","","Global","FUN_004ac9d0","004ac9d0","0"
"","Global","FUN_00183240","00183240","","Global","FUN_004acb10","004acb10","0"
"","Global","FUN_00183320","00183320","","Global","FUN_004acbf0","004acbf0","0"
"","Global","FUN_001833b0","001833b0","","Global","FUN_004acc80","004acc80","0"
"","Global","FUN_00183420","00183420","","Global","FUN_004accf0","004accf0","0"
"","Global","FUN_001839d0","001839d0","","Global","FUN_004ad2b0","004ad2b0","0"
"","Global","FUN_00183b80","00183b80","","Global","FUN_004ad460","004ad460","0"
"","Global","FUN_00183c00","00183c00","","Global","FUN_004ad4e0","004ad4e0","0"
"","Global","FUN_00183e20","00183e20","","Global","FUN_004ad780","004ad780","0"
"","Global","FUN_00183f20","00183f20","","Global","FUN_004ad890","004ad890","0"
"","Global","FUN_00184060","00184060","","Global","FUN_004ad9d0","004ad9d0","0"
"","Global","FUN_001840a0","001840a0","","Global","FUN_004ada10","004ada10","0"
"","Global","FUN_001841a0","001841a0","","Global","FUN_004adb10","004adb10","0"
"","Global","FUN_00184240","00184240","","Global","FUN_004adbb0","004adbb0","0"
"","Global","FUN_001842c0","001842c0","","Global","FUN_004adc30","004adc30","0"
"","Global","FUN_00184400","00184400","","Global","FUN_004add70","004add70","0"
"","Global","FUN_001844a0","001844a0","","Global","FUN_004ade10","004ade10","0"
"","Global","FUN_00184ea0","00184ea0","","Global","FUN_004ae870","004ae870","0"
"","Global","FUN_00184f70","00184f70","","Global","FUN_004ae940","004ae940","0"
"","Global","FUN_00185110","00185110","","Global","FUN_004aeaf0","004aeaf0","0"
"","Global","FUN_00185180","00185180","","Global","FUN_004aeb60","004aeb60","0"
"","Global","FUN_001853c0","001853c0","","Global","FUN_004aeda0","004aeda0","0"
"","Global","FUN_001856b0","001856b0","","Global","FUN_004af090","004af090","0"
"","Global","FUN_00185a90","00185a90","","Global","FUN_004afe00","004afe00","0"
"","Global","FUN_00185ad0","00185ad0","","Global","FUN_000d23e0","000d23e0","0"
"","Global","FUN_00186c70","00186c70","","Global","FUN_004b1390","004b1390","0"
"","Global","FUN_00187170","00187170","","Global","FUN_004b18b0","004b18b0","0"
"","Global","FUN_00187300","00187300","","Global","FUN_004b1ae0","004b1ae0","0"
"","Global","FUN_00187610","00187610","","Global","FUN_004b1df0","004b1df0","0"
"","Global","FUN_00187790","00187790","","Global","FUN_004b1f70","004b1f70","0"
"","Global","FUN_00187980","00187980","","Global","FUN_004b2160","004b2160","0"
"","Global","FUN_00187eb0","00187eb0","","Global","FUN_004b2690","004b2690","0"
"","Global","FUN_00187ed0","00187ed0","","Global","FUN_004b26b0","004b26b0","0"
"","Global","FUN_0018a8a0","0018a8a0","","Global","FUN_004b5a80","004b5a80","0"
"","Global","FUN_0018a8f0","0018a8f0","","Global","FUN_004b5ad0","004b5ad0","0"
"","Global","FUN_0018aa10","0018aa10","","Global","FUN_004b5bf0","004b5bf0","0"
"","Global","FUN_0018ab10","0018ab10","","Global","FUN_004b5cf0","004b5cf0","0"
"","Global","FUN_0018ab60","0018ab60","","Global","FUN_004b5d40","004b5d40","0"
"","Global","FUN_0018b070","0018b070","","Global","FUN_004b6430","004b6430","0"
"","Global","FUN_0018c010","0018c010","","Global","FUN_004b7560","004b7560","0"
"","Global","FUN_0018c0d0","0018c0d0","","Global","FUN_004b7620","004b7620","0"
"","Global","FUN_0018c400","0018c400","","Global","FUN_004b7950","004b7950","0"
"","Global","FUN_0018c480","0018c480","","Global","FUN_004b79d0","004b79d0","0"
"","Global","FUN_0018c540","0018c540","","Global","FUN_004b7c00","004b7c00","0"
"","Global","FUN_0018c590","0018c590","","Global","FUN_004b7c50","004b7c50","0"
"","Global","FUN_0018c6c0","0018c6c0","","Global","FUN_004b7d80","004b7d80","0"
"","Global","FUN_0018c770","0018c770","","Global","FUN_004b7e30","004b7e30","0"
"","Global","FUN_0018c790","0018c790","","Global","FUN_004b7e50","004b7e50","0"
"","Global","FUN_0018c830","0018c830","","Global","FUN_004b7ef0","004b7ef0","0"
"","Global","FUN_0018cf20","0018cf20","","Global","FUN_004b85f0","004b85f0","0"
"","Global","FUN_0018cf80","0018cf80","","Global","FUN_004b8650","004b8650","0"
"","Global","FUN_0018d4e0","0018d4e0","","Global","FUN_004b8bb0","004b8bb0","0"
"","Global","FUN_0018d780","0018d780","","Global","FUN_004b8e50","004b8e50","0"
"","Global","FUN_0018d900","0018d900","","Global","FUN_004b8fd0","004b8fd0","0"
"","Global","FUN_0018dab0","0018dab0","","Global","FUN_004b9180","004b9180","0"
"","Global","FUN_0018dba0","0018dba0","","Global","FUN_004b9310","004b9310","0"
"","Global","FUN_0018dbe0","0018dbe0","","Global","FUN_004b9350","004b9350","0"
"","Global","FUN_0018de30","0018de30","","Global","FUN_004b95a0","004b95a0","0"
"","Global","FUN_0018df00","0018df00","","Global","FUN_004b9670","004b9670","0"
"","Global","FUN_0018e000","0018e000","","Global","FUN_004b9770","004b9770","0"
"","Global","FUN_0018e200","0018e200","","Global","FUN_004b9970","004b9970","0"
"","Global","FUN_0018e3d0","0018e3d0","","Global","FUN_004b9b40","004b9b40","0"
"","Global","FUN_0018e510","0018e510","","Global","FUN_004b9c80","004b9c80","0"
"","Global","FUN_0018e5b0","0018e5b0","","Global","FUN_004b9d20","004b9d20","0"
"","Global","FUN_0018e650","0018e650","","Global","FUN_004b9de0","004b9de0","0"
"","Global","FUN_0018e820","0018e820","","Global","FUN_004b9fb0","004b9fb0","0"
"","Global","FUN_0018ea30","0018ea30","","Global","FUN_004ba1c0","004ba1c0","0"
"","Global","FUN_0018eb10","0018eb10","","Global","FUN_004ba2a0","004ba2a0","0"
"","Global","FUN_0018ebb0","0018ebb0","","Global","FUN_004ba340","004ba340","0"
"","Global","FUN_0018ec50","0018ec50","","Global","FUN_004ba3e0","004ba3e0","0"
"","Global","FUN_0018ee20","0018ee20","","Global","FUN_004ba5b0","004ba5b0","0"
"","Global","FUN_0018f050","0018f050","","Global","FUN_004ba7e0","004ba7e0","0"
"","Global","FUN_0018f2b0","0018f2b0","","Global","FUN_004baa40","004baa40","0"
"","Global","FUN_0018f490","0018f490","","Global","FUN_004bac20","004bac20","0"
"","Global","FUN_0018f5d0","0018f5d0","","Global","FUN_004bad60","004bad60","0"
"","Global","FUN_0018f710","0018f710","","Global","FUN_004baea0","004baea0","0"
"","Global","FUN_0018fc20","0018fc20","","Global","FUN_004bb3b0","004bb3b0","0"
"","Global","FUN_001903a0","001903a0","","Global","FUN_004bbb30","004bbb30","0"
"","Global","FUN_00190800","00190800","","Global","FUN_004bbf90","004bbf90","0"
"","Global","FUN_00190bd0","00190bd0","","Global","FUN_004bc360","004bc360","0"
"","Global","FUN_00190e10","00190e10","","Global","FUN_004bc5a0","004bc5a0","0"
"","Global","FUN_00190e90","00190e90","","Global","FUN_004bc620","004bc620","0"
"","Global","FUN_00191020","00191020","","Global","FUN_004bc7b0","004bc7b0","0"
"","Global","FUN_00191180","00191180","","Global","FUN_004bc910","004bc910","0"
"","Global","FUN_001912f0","001912f0","","Global","FUN_004bca80","004bca80","0"
"","Global","FUN_00191b10","00191b10","","Global","FUN_004bd2a0","004bd2a0","0"
"","Global","FUN_00191dd0","00191dd0","","Global","FUN_004bd560","004bd560","0"
"","Global","FUN_00192060","00192060","","Global","FUN_004bd7f0","004bd7f0","0"
"","Global","FUN_001923b0","001923b0","","Global","FUN_004bdb40","004bdb40","0"
"","Global","FUN_00192780","00192780","","Global","FUN_004bdf50","004bdf50","0"
"","Global","FUN_00192b00","00192b00","","Global","FUN_004be2d0","004be2d0","0"
"","Global","FUN_00192b20","00192b20","","Global","FUN_004be2f0","004be2f0","0"
"","Global","FUN_00192b60","00192b60","","Global","FUN_004be330","004be330","0"
"","Global","FUN_00192bb0","00192bb0","","Global","FUN_004be380","004be380","0"
"","Global","FUN_00192c10","00192c10","","Global","FUN_004be3e0","004be3e0","0"
"","Global","FUN_00192c60","00192c60","","Global","FUN_004be430","004be430","0"
"","Global","FUN_00192d20","00192d20","","Global","FUN_004be4f0","004be4f0","0"
"","Global","FUN_00192de0","00192de0","","Global","FUN_004be5b0","004be5b0","0"
"","Global","FUN_00192e90","00192e90","","Global","FUN_004be660","004be660","0"
"","Global","FUN_00193010","00193010","","Global","FUN_004be7e0","004be7e0","0"
"","Global","FUN_001930e0","001930e0","","Global","FUN_004be8b0","004be8b0","0"
"","Global","FUN_001932b0","001932b0","","Global","FUN_004bea80","004bea80","0"
"","Global","FUN_00193380","00193380","","Global","FUN_004beb50","004beb50","0"
"","Global","FUN_001934c0","001934c0","","Global","FUN_004bec90","004bec90","0"
"","Global","FUN_00193510","00193510","","Global","FUN_004bece0","004bece0","0"
"","Global","FUN_00193760","00193760","","Global","FUN_004bef40","004bef40","0"
"","Global","FUN_001937a0","001937a0","","Global","FUN_004bef80","004bef80","0"
"","Global","FUN_00193930","00193930","","Global","FUN_004bf110","004bf110","0"
"","Global","FUN_00193af0","00193af0","","Global","FUN_004bf4b0","004bf4b0","0"
"","Global","FUN_00193b40","00193b40","","Global","FUN_004bf500","004bf500","0"
"","Global","FUN_00193ca0","00193ca0","","Global","FUN_004bf670","004bf670","0"
"","Global","FUN_00193cf0","00193cf0","","Global","FUN_004bf6c0","004bf6c0","0"
"","Global","FUN_00193e80","00193e80","","Global","FUN_004bf850","004bf850","0"
"","Global","FUN_001940d0","001940d0","","Global","FUN_004bfac0","004bfac0","0"
"","Global","FUN_00194380","00194380","","Global","FUN_004bfd70","004bfd70","0"
"","Global","FUN_00194ca0","00194ca0","","Global","FUN_004c0770","004c0770","0"
"","Global","FUN_00194f40","00194f40","","Global","FUN_004c0a10","004c0a10","0"
"","Global","FUN_00194f70","00194f70","","Global","FUN_004c0a40","004c0a40","0"
"","Global","FUN_00195200","00195200","","Global","FUN_004c0cd0","004c0cd0","0"
"","Global","FUN_001954f0","001954f0","","Global","FUN_004c0fc0","004c0fc0","0"
"","Global","FUN_00195620","00195620","","Global","FUN_004c10f0","004c10f0","0"
"","Global","FUN_00195730","00195730","","Global","FUN_004c1200","004c1200","0"
"","Global","FUN_00195750","00195750","","Global","FUN_004c1220","004c1220","0"
"","Global","FUN_00195800","00195800","","Global","FUN_004c12d0","004c12d0","0"
"","Global","FUN_00195bf0","00195bf0","","Global","FUN_004c16c0","004c16c0","0"
"","Global","FUN_00195e50","00195e50","","Global","FUN_004c1920","004c1920","0"
"","Global","FUN_00195fe0","00195fe0","","Global","FUN_004c1b00","004c1b00","0"
"","Global","FUN_00196020","00196020","","Global","FUN_004c1b40","004c1b40","0"
"","Global","FUN_001960e0","001960e0","","Global","FUN_004c1c00","004c1c00","0"
"","Global","FUN_001962f0","001962f0","","Global","FUN_004c1e10","004c1e10","0"
"","Global","FUN_001966e0","001966e0","","Global","FUN_004c2200","004c2200","0"
"","Global","FUN_00196970","00196970","","Global","FUN_004c2490","004c2490","0"
"","Global","FUN_00196b90","00196b90","","Global","FUN_004c26b0","004c26b0","0"
"","Global","FUN_00197070","00197070","","Global","FUN_004c2b90","004c2b90","0"
"","Global","FUN_001972c0","001972c0","","Global","FUN_004c2de0","004c2de0","0"
"","Global","FUN_00197710","00197710","","Global","FUN_004c3230","004c3230","0"
"","Global","FUN_001978e0","001978e0","","Global","FUN_004c3400","004c3400","0"
"","Global","FUN_00197b60","00197b60","","Global","FUN_004c3680","004c3680","0"
"","Global","FUN_001980c0","001980c0","","Global","FUN_004c3be0","004c3be0","0"
"","Global","FUN_00198980","00198980","","Global","FUN_004c44e0","004c44e0","0"
"","Global","FUN_001989b0","001989b0","","Global","FUN_004c4510","004c4510","0"
"","Global","FUN_00198a30","00198a30","","Global","FUN_004c4590","004c4590","0"
"","Global","FUN_00198a80","00198a80","","Global","FUN_004c45e0","004c45e0","0"
"","Global","FUN_00198ae0","00198ae0","","Global","FUN_004c4640","004c4640","0"
"","Global","FUN_00198b50","00198b50","","Global","FUN_004c46b0","004c46b0","0"
"","Global","FUN_00198c50","00198c50","","Global","FUN_004c47b0","004c47b0","0"
"","Global","FUN_00198d00","00198d00","","Global","FUN_004c4860","004c4860","0"
"","Global","FUN_00198ea0","00198ea0","","Global","FUN_004c4a70","004c4a70","0"
"","Global","FUN_00199000","00199000","","Global","FUN_004c4bd0","004c4bd0","0"
"","Global","FUN_00199210","00199210","","Global","FUN_004c4de0","004c4de0","0"
"","Global","FUN_00199460","00199460","","Global","FUN_004c50a0","004c50a0","0"
"","Global","FUN_001997d0","001997d0","","Global","FUN_00039f20","00039f20","0"
"","Global","FUN_00199820","00199820","","Global","FUN_004c5420","004c5420","0"
"","Global","FUN_001998f0","001998f0","","Global","FUN_004c54f0","004c54f0","0"
"","Global","FUN_00199950","00199950","","Global","FUN_004c5550","004c5550","0"
"","Global","FUN_001999b0","001999b0","","Global","FUN_004c55b0","004c55b0","0"
"","Global","FUN_00199a80","00199a80","","Global","FUN_004c5680","004c5680","0"
"","Global","FUN_00199c50","00199c50","","Global","FUN_004c5850","004c5850","0"
"","Global","FUN_00199cc0","00199cc0","","Global","FUN_004c58c0","004c58c0","0"
"","Global","FUN_00199d50","00199d50","","Global","FUN_004c5950","004c5950","0"
"","Global","FUN_00199d80","00199d80","","Global","FUN_004c5980","004c5980","0"
"","Global","FUN_00199f30","00199f30","","Global","FUN_004c5b30","004c5b30","0"
"","Global","FUN_00199fd0","00199fd0","","Global","FUN_004c5bd0","004c5bd0","0"
"","Global","FUN_00199ff0","00199ff0","","Global","FUN_004c5bf0","004c5bf0","0"
"","Global","FUN_0019a070","0019a070","","Global","FUN_004c5ca0","004c5ca0","0"
"","Global","FUN_0019a0d0","0019a0d0","","Global","FUN_004c5d00","004c5d00","0"
"","Global","FUN_0019a120","0019a120","","Global","FUN_004c5d50","004c5d50","0"
"","Global","FUN_0019a150","0019a150","","Global","FUN_004c5d80","004c5d80","0"
"","Global","FUN_0019a180","0019a180","","Global","FUN_004c5db0","004c5db0","0"
"","Global","FUN_0019a1c0","0019a1c0","","Global","FUN_004c5df0","004c5df0","0"
"","Global","FUN_0019a1e0","0019a1e0","","Global","FUN_004c5e10","004c5e10","0"
"","Global","FUN_0019a200","0019a200","","Global","FUN_004c5e30","004c5e30","0"
"","Global","FUN_0019a390","0019a390","","Global","FUN_004c63c0","004c63c0","0"
"","Global","FUN_0019a650","0019a650","","Global","FUN_004c6680","004c6680","0"
"","Global","FUN_0019a8d0","0019a8d0","","Global","FUN_004c6900","004c6900","0"
"","Global","FUN_0019a8f0","0019a8f0","","Global","FUN_004c6920","004c6920","0"
"","Global","FUN_0019a9e0","0019a9e0","","Global","FUN_004c6a10","004c6a10","0"
"","Global","FUN_0019aaa0","0019aaa0","","Global","FUN_004c6ad0","004c6ad0","0"
"","Global","FUN_0019aad0","0019aad0","","Global","FUN_000ae6a0","000ae6a0","0"
"","Global","FUN_0019aaf0","0019aaf0","","Global","FUN_004c6b00","004c6b00","0"
"","Global","FUN_0019ab50","0019ab50","","Global","FUN_004c6b60","004c6b60","0"
"","Global","FUN_0019ac40","0019ac40","","Global","FUN_004c6c50","004c6c50","0"
"","Global","FUN_0019ad20","0019ad20","","Global","FUN_004c6d30","004c6d30","0"
"","Global","FUN_0019b140","0019b140","","Global","FUN_004c7160","004c7160","0"
"","Global","FUN_0019b3d0","0019b3d0","","Global","FUN_004c73f0","004c73f0","0"
"","Global","FUN_0019bac0","0019bac0","","Global","FUN_004c7bc0","004c7bc0","0"
"","Global","FUN_0019bb60","0019bb60","","Global","FUN_004c7c60","004c7c60","0"
"","Global","FUN_0019bbf0","0019bbf0","","Global","FUN_004c7ce0","004c7ce0","0"
"","Global","FUN_0019bc70","0019bc70","","Global","FUN_004c7d60","004c7d60","0"
"","Global","FUN_0019c190","0019c190","","Global","FUN_004c82b0","004c82b0","0"
"","Global","FUN_0019c230","0019c230","","Global","FUN_004c8350","004c8350","0"
"","Global","FUN_0019c2f0","0019c2f0","","Global","FUN_004c8410","004c8410","0"
"","Global","FUN_0019c330","0019c330","","Global","FUN_004c8450","004c8450","0"
"","Global","FUN_0019c370","0019c370","","Global","FUN_004c8490","004c8490","0"
"","Global","FUN_0019c400","0019c400","","Global","FUN_004c8520","004c8520","0"
"","Global","FUN_0019c540","0019c540","","Global","FUN_004c8660","004c8660","0"
"","Global","FUN_0019c650","0019c650","","Global","FUN_004c8770","004c8770","0"
"","Global","FUN_0019c770","0019c770","","Global","FUN_004c8880","004c8880","0"
"","Global","FUN_0019c950","0019c950","","Global","FUN_004c8a60","004c8a60","0"
"","Global","FUN_0019c9c0","0019c9c0","","Global","FUN_004c8ad0","004c8ad0","0"
"","Global","FUN_0019ca40","0019ca40","","Global","FUN_004c8b50","004c8b50","0"
"","Global","FUN_0019ca60","0019ca60","","Global","FUN_004c8b70","004c8b70","0"
"","Global","FUN_0019cc40","0019cc40","","Global","FUN_004c8d50","004c8d50","0"
"","Global","FUN_0019d2f0","0019d2f0","","Global","FUN_004c9400","004c9400","0"
"","Global","FUN_0019d320","0019d320","","Global","FUN_004c9430","004c9430","0"
"","Global","FUN_0019d3b0","0019d3b0","","Global","FUN_004c94c0","004c94c0","0"
"","Global","FUN_0019d570","0019d570","","Global","FUN_004c9680","004c9680","0"
"","Global","FUN_0019d6f0","0019d6f0","","Global","FUN_004c9800","004c9800","0"
"","Global","FUN_0019d8f0","0019d8f0","","Global","FUN_004c9a00","004c9a00","0"
"","Global","FUN_0019db50","0019db50","","Global","FUN_004c9c60","004c9c60","0"
"","Global","FUN_0019dd20","0019dd20","","Global","FUN_004c9e30","004c9e30","0"
"","Global","FUN_0019e1d0","0019e1d0","","Global","FUN_004ca2e0","004ca2e0","0"
"","Global","FUN_0019e440","0019e440","","Global","FUN_004ca550","004ca550","0"
"","Global","FUN_0019e4d0","0019e4d0","","Global","FUN_004ca5e0","004ca5e0","0"
"","Global","FUN_0019e530","0019e530","","Global","FUN_00690330","00690330","0"
"","Global","FUN_0019ea00","0019ea00","","Global","FUN_00690890","00690890","0"
"","Global","FUN_0019f090","0019f090","","Global","FUN_00690f20","00690f20","0"
"","Global","FUN_0019f100","0019f100","","Global","FUN_00690fa0","00690fa0","0"
"","Global","FUN_0019f1e0","0019f1e0","","Global","FUN_00691080","00691080","0"
"","Global","FUN_0019f200","0019f200","","Global","FUN_006910a0","006910a0","0"
"","Global","FUN_0019f500","0019f500","","Global","FUN_006911e0","006911e0","0"
"","Global","FUN_0019f850","0019f850","","Global","FUN_00691530","00691530","0"
"","Global","FUN_0019f8c0","0019f8c0","","Global","FUN_006915a0","006915a0","0"
"","Global","FUN_0019f900","0019f900","","Global","FUN_006915e0","006915e0","0"
"","Global","FUN_0019f9c0","0019f9c0","","Global","FUN_006916a0","006916a0","0"
"","Global","FUN_0019f9f0","0019f9f0","","Global","FUN_006916d0","006916d0","0"
"","Global","FUN_0019fa20","0019fa20","","Global","FUN_00691700","00691700","0"
"","Global","FUN_0019faf0","0019faf0","","Global","FUN_006917d0","006917d0","0"
"","Global","FUN_0019fb30","0019fb30","","Global","FUN_00691810","00691810","0"
"","Global","FUN_0019fb70","0019fb70","","Global","FUN_00691850","00691850","0"
"","Global","FUN_0019fbb0","0019fbb0","","Global","FUN_00691890","00691890","0"
"","Global","FUN_0019fe50","0019fe50","","Global","FUN_00691b30","00691b30","0"
"","Global","FUN_0019fe90","0019fe90","","Global","FUN_00691b70","00691b70","0"
"","Global","FUN_0019ff00","0019ff00","","Global","FUN_00691be0","00691be0","0"
"","Global","FUN_0019ff40","0019ff40","","Global","FUN_00691c20","00691c20","0"
"","Global","FUN_0019ff60","0019ff60","","Global","FUN_00691c40","00691c40","0"
"","Global","FUN_001a0010","001a0010","","Global","FUN_00691cf0","00691cf0","0"
"","Global","FUN_001a0150","001a0150","","Global","FUN_00691e30","00691e30","0"
"","Global","FUN_001a0200","001a0200","","Global","FUN_0062b050","0062b050","0"
"","Global","FUN_001a0270","001a0270","","Global","FUN_0062b0c0","0062b0c0","0"
"","Global","FUN_001a02a0","001a02a0","","Global","FUN_0062b0f0","0062b0f0","0"
"","Global","FUN_001a0470","001a0470","","Global","FUN_0063f9c0","0063f9c0","0"
"","Global","FUN_001a04d0","001a04d0","","Global","FUN_004f5290","004f5290","0"
"","Global","FUN_001a0510","001a0510","","Global","FUN_0063fa10","0063fa10","0"
"","Global","FUN_001a0560","001a0560","","Global","FUN_004f52c0","004f52c0","0"
"","Global","FUN_001a05a0","001a05a0","","Global","FUN_00034ea0","00034ea0","0"
"","Global","FUN_001a05e0","001a05e0","","Global","FUN_0063fa70","0063fa70","0"
"","Global","FUN_001a0600","001a0600","","Global","FUN_0063fa90","0063fa90","0"
"","Global","FUN_001a0710","001a0710","","Global","FUN_0063fba0","0063fba0","0"
"","Global","FUN_001a0800","001a0800","","Global","FUN_0063fc90","0063fc90","0"
"","Global","FUN_001a0820","001a0820","","Global","FUN_0063fcb0","0063fcb0","0"
"","Global","FUN_001a0880","001a0880","","Global","FUN_0063fd10","0063fd10","0"
"","Global","FUN_001a08b0","001a08b0","","Global","FUN_0063fd50","0063fd50","0"
"","Global","FUN_001a0bf0","001a0bf0","","Global","FUN_00640090","00640090","0"
"","Global","FUN_001a0cf0","001a0cf0","","Global","FUN_00640190","00640190","0"
"","Global","FUN_001a0f80","001a0f80","","Global","FUN_0062e3b0","0062e3b0","0"
"","Global","FUN_001a2520","001a2520","","Global","FUN_0062f950","0062f950","0"
"","Global","FUN_001a25b0","001a25b0","","Global","FUN_0062f9e0","0062f9e0","0"
"","Global","FUN_001a2630","001a2630","","Global","FUN_0062fa60","0062fa60","0"
"","Global","FUN_001a2940","001a2940","","Global","FUN_0062fd60","0062fd60","0"
"","Global","FUN_001a29d0","001a29d0","","Global","FUN_0062fdf0","0062fdf0","0"
"","Global","FUN_001a2cf0","001a2cf0","","Global","FUN_006300f0","006300f0","0"
"","Global","FUN_001a2da0","001a2da0","","Global","FUN_006301a0","006301a0","0"
"","Global","FUN_001a2de0","001a2de0","","Global","FUN_006301e0","006301e0","0"
"","Global","FUN_001a2ec0","001a2ec0","","Global","FUN_00630260","00630260","0"
"","Global","FUN_001a2ef0","001a2ef0","","Global","FUN_00630290","00630290","0"
"","Global","FUN_001a2f20","001a2f20","","Global","FUN_0055ce40","0055ce40","0"
"","Global","FUN_001a3330","001a3330","","Global","FUN_006306a0","006306a0","0"
"","Global","FUN_001a34b0","001a34b0","","Global","FUN_00630820","00630820","0"
"","Global","FUN_001a3910","001a3910","","Global","FUN_00630c80","00630c80","0"
"","Global","FUN_001a3af0","001a3af0","","Global","FUN_00630e60","00630e60","0"
"","Global","FUN_001a3cc0","001a3cc0","","Global","FUN_00631030","00631030","0"
"","Global","FUN_001a4120","001a4120","","Global","FUN_00631490","00631490","0"
"","Global","FUN_001a4180","001a4180","","Global","FUN_006314f0","006314f0","0"
"","Global","FUN_001a4300","001a4300","","Global","FUN_00631670","00631670","0"
"","Global","FUN_001a4440","001a4440","","Global","FUN_006317b0","006317b0","0"
"","Global","FUN_001a4b20","001a4b20","","Global","FUN_00631e80","00631e80","0"
"","Global","FUN_001a4dc0","001a4dc0","","Global","FUN_00632120","00632120","0"
"","Global","FUN_001a5070","001a5070","","Global","FUN_006323d0","006323d0","0"
"","Global","FUN_001a5110","001a5110","","Global","FUN_00632470","00632470","0"
"","Global","FUN_001a5190","001a5190","","Global","FUN_006324f0","006324f0","0"
"","Global","FUN_001a5b10","001a5b10","","Global","FUN_00632e70","00632e70","0"
"","Global","FUN_001a5e80","001a5e80","","Global","FUN_006331e0","006331e0","0"
"","Global","FUN_001a5fe0","001a5fe0","","Global","FUN_00551fe0","00551fe0","0"
"","Global","FUN_001a6280","001a6280","","Global","FUN_006335c0","006335c0","0"
"","Global","FUN_001a6330","001a6330","","Global","FUN_00633670","00633670","0"
"","Global","FUN_001a6980","001a6980","","Global","FUN_00633cc0","00633cc0","0"
"","Global","FUN_001a69f0","001a69f0","","Global","FUN_00633d30","00633d30","0"
"","Global","FUN_001a6a40","001a6a40","","Global","FUN_00633d80","00633d80","0"
"","Global","FUN_001a6e30","001a6e30","","Global","FUN_00634170","00634170","0"
"","Global","FUN_001a6ee0","001a6ee0","","Global","FUN_00634220","00634220","0"
"","Global","FUN_001a7410","001a7410","","Global","FUN_006346a0","006346a0","0"
"","Global","FUN_001a76e0","001a76e0","","Global","FUN_00634950","00634950","0"
"","Global","FUN_001a7730","001a7730","","Global","FUN_006349a0","006349a0","0"
"","Global","FUN_001a77e0","001a77e0","","Global","FUN_00503f90","00503f90","0"
"","Global","FUN_001a7990","001a7990","","Global","FUN_00634b40","00634b40","0"
"","Global","FUN_001a7d10","001a7d10","","Global","FUN_00634ec0","00634ec0","0"
"","Global","FUN_001a8190","001a8190","","Global","FUN_00635320","00635320","0"
"","Global","FUN_001a83a0","001a83a0","","Global","FUN_00635520","00635520","0"
"","Global","FUN_001a8500","001a8500","","Global","FUN_0050d770","0050d770","0"
"","Global","FUN_001a8590","001a8590","","Global","FUN_00635680","00635680","0"
"","Global","FUN_001aa250","001aa250","","Global","FUN_00641e40","00641e40","0"
"","Global","FUN_001aa4b0","001aa4b0","","Global","FUN_00642090","00642090","0"
"","Global","FUN_001aa6f0","001aa6f0","","Global","FUN_00089970","00089970","0"
"","Global","FUN_001aa730","001aa730","","Global","FUN_006422d0","006422d0","0"
"","Global","FUN_001ab0e0","001ab0e0","","Global","FUN_00642c50","00642c50","0"
"","Global","FUN_001ada70","001ada70","","Global","FUN_006455a0","006455a0","0"
"","Global","FUN_001adbb0","001adbb0","","Global","FUN_006456e0","006456e0","0"
"","Global","FUN_001addc0","001addc0","","Global","FUN_006458f0","006458f0","0"
"","Global","FUN_001ae0f0","001ae0f0","","Global","FUN_00645c20","00645c20","0"
"","Global","FUN_001ae1d0","001ae1d0","","Global","FUN_00645d00","00645d00","0"
"","Global","FUN_001ae6d0","001ae6d0","","Global","FUN_00646200","00646200","0"
"","Global","FUN_001ae7d0","001ae7d0","","Global","FUN_006462f0","006462f0","0"
"","Global","FUN_001ae800","001ae800","","Global","FUN_00646320","00646320","0"
"","Global","FUN_001ae8c0","001ae8c0","","Global","FUN_006463e0","006463e0","0"
"","Global","FUN_001aead0","001aead0","","Global","FUN_006465f0","006465f0","0"
"","Global","FUN_001aece0","001aece0","","Global","FUN_006467e0","006467e0","0"
"","Global","FUN_001afca0","001afca0","","Global","FUN_006477a0","006477a0","0"
"","Global","FUN_001b0e40","001b0e40","","Global","FUN_00526c90","00526c90","0"
"","Global","FUN_001b0f30","001b0f30","","Global","FUN_00526df0","00526df0","0"
"","Global","FUN_001b1400","001b1400","","Global","FUN_00527490","00527490","0"
"","Global","FUN_001b2c70","001b2c70","","Global","FUN_005297d0","005297d0","0"
"","Global","FUN_001b2e00","001b2e00","","Global","FUN_005299c0","005299c0","0"
"","Global","FUN_001b3000","001b3000","","Global","FUN_0055b000","0055b000","0"
"","Global","FUN_001b3150","001b3150","","Global","FUN_00529e40","00529e40","0"
"","Global","FUN_001b3680","001b3680","","Global","FUN_0047eca0","0047eca0","0"
"","Global","FUN_001b37d0","001b37d0","","Global","FUN_0047ee10","0047ee10","0"
"","Global","FUN_001b3df0","001b3df0","","Global","FUN_0047f430","0047f430","0"
"","Global","FUN_001b4440","001b4440","","Global","FUN_0047fad0","0047fad0","0"
"","Global","FUN_001b44c0","001b44c0","","Global","FUN_0047fb50","0047fb50","0"
"","Global","FUN_001b4560","001b4560","","Global","FUN_0047fc10","0047fc10","0"
"","Global","FUN_001b45b0","001b45b0","","Global","FUN_0047fcf0","0047fcf0","0"
"","Global","FUN_001b4650","001b4650","","Global","FUN_0047fd90","0047fd90","0"
"","Global","FUN_001b4720","001b4720","","Global","FUN_0047fe60","0047fe60","0"
"","Global","FUN_001b4750","001b4750","","Global","FUN_0047fe90","0047fe90","0"
"","Global","FUN_001b4800","001b4800","","Global","FUN_0047ffd0","0047ffd0","0"
"","Global","FUN_001b4840","001b4840","","Global","FUN_00480010","00480010","0"
"","Global","FUN_001b4870","001b4870","","Global","FUN_00480040","00480040","0"
"","Global","FUN_001b48b0","001b48b0","","Global","FUN_00480080","00480080","0"
"","Global","FUN_001b4930","001b4930","","Global","FUN_00480110","00480110","0"
"","Global","FUN_001b4950","001b4950","","Global","FUN_00480190","00480190","0"
"","Global","FUN_001b4aa0","001b4aa0","","Global","FUN_004802e0","004802e0","0"
"","Global","FUN_001b4b80","001b4b80","","Global","FUN_004803e0","004803e0","0"
"","Global","FUN_001b4c00","001b4c00","","Global","FUN_000c90b0","000c90b0","0"
"","Global","FUN_001b4ef0","001b4ef0","","Global","FUN_00480670","00480670","0"
"","Global","FUN_001b50e0","001b50e0","","Global","FUN_00480890","00480890","0"
"","Global","FUN_001b5150","001b5150","","Global","FUN_00480940","00480940","0"
"","Global","FUN_001b5230","001b5230","","Global","FUN_00480a20","00480a20","0"
"","Global","FUN_001b52b0","001b52b0","","Global","FUN_00480ab0","00480ab0","0"
"","Global","FUN_001b5330","001b5330","","Global","FUN_00480b70","00480b70","0"
"","Global","FUN_001b5370","001b5370","","Global","FUN_00480bb0","00480bb0","0"
"","Global","FUN_001b53f0","001b53f0","","Global","FUN_00480c30","00480c30","0"
"","Global","FUN_001b54e0","001b54e0","","Global","FUN_00480da0","00480da0","0"
"","Global","FUN_001b5570","001b5570","","Global","FUN_00480e70","00480e70","0"
"","Global","FUN_001b5880","001b5880","","Global","FUN_00481180","00481180","0"
"","Global","FUN_001b5940","001b5940","","Global","FUN_00481240","00481240","0"
"","Global","FUN_001b5c90","001b5c90","","Global","FUN_00481590","00481590","0"
"","Global","FUN_001b5d00","001b5d00","","Global","FUN_00481600","00481600","0"
"","Global","FUN_001b5d30","001b5d30","","Global","FUN_00481630","00481630","0"
"","Global","FUN_001b5db0","001b5db0","","Global","FUN_004816b0","004816b0","0"
"","Global","FUN_001b5e00","001b5e00","","Global","FUN_00481700","00481700","0"
"","Global","FUN_001b5e30","001b5e30","","Global","FUN_00481730","00481730","0"
"","Global","FUN_001b5ef0","001b5ef0","","Global","FUN_004817f0","004817f0","0"
"","Global","FUN_001b5fe0","001b5fe0","","Global","FUN_004818e0","004818e0","0"
"","Global","FUN_001b6070","001b6070","","Global","FUN_00481970","00481970","0"
"","Global","FUN_001b6150","001b6150","","Global","FUN_00481a50","00481a50","0"
"","Global","FUN_001b6330","001b6330","","Global","FUN_00481c30","00481c30","0"
"","Global","FUN_001b6820","001b6820","","Global","FUN_00482120","00482120","0"
"","Global","FUN_001b6910","001b6910","","Global","FUN_00482210","00482210","0"
"","Global","FUN_001b6950","001b6950","","Global","FUN_00482250","00482250","0"
"","Global","FUN_001b6a20","001b6a20","","Global","FUN_00482320","00482320","0"
"","Global","FUN_001b6a70","001b6a70","","Global","FUN_00482370","00482370","0"
"","Global","FUN_001b6af0","001b6af0","","Global","FUN_004823f0","004823f0","0"
"","Global","FUN_001b6c50","001b6c50","","Global","FUN_00482550","00482550","0"
"","Global","FUN_001b6ca0","001b6ca0","","Global","FUN_004825a0","004825a0","0"
"","Global","FUN_001b7f30","001b7f30","","Global","FUN_00483830","00483830","0"
"","Global","FUN_001b86d0","001b86d0","","Global","FUN_00483fd0","00483fd0","0"
"","Global","FUN_001b8700","001b8700","","Global","FUN_00484000","00484000","0"
"","Global","FUN_001b8bf0","001b8bf0","","Global","FUN_00484870","00484870","0"
"","Global","FUN_001b8c10","001b8c10","","Global","FUN_00484890","00484890","0"
"","Global","FUN_001b8c30","001b8c30","","Global","FUN_004848c0","004848c0","0"
"","Global","FUN_001b8c70","001b8c70","","Global","FUN_00484900","00484900","0"
"","Global","FUN_001b8d80","001b8d80","","Global","FUN_00484b00","00484b00","0"
"","Global","FUN_001b8da0","001b8da0","","Global","FUN_00484b20","00484b20","0"
"","Global","FUN_001b8e80","001b8e80","","Global","FUN_00484c00","00484c00","0"
"","Global","FUN_001b8f20","001b8f20","","Global","FUN_00484ca0","00484ca0","0"
"","Global","FUN_001b9290","001b9290","","Global","FUN_00485030","00485030","0"
"","Global","FUN_001b94b0","001b94b0","","Global","FUN_00485250","00485250","0"
"","Global","FUN_001b97d0","001b97d0","","Global","FUN_00485570","00485570","0"
"","Global","FUN_001b99a0","001b99a0","","Global","FUN_00485740","00485740","0"
"","Global","FUN_001b9a50","001b9a50","","Global","FUN_0007a6f0","0007a6f0","0"
"","Global","FUN_001b9a70","001b9a70","","Global","FUN_00039890","00039890","0"
"","Global","FUN_001b9a90","001b9a90","","Global","FUN_004857f0","004857f0","0"
"","Global","FUN_001ba380","001ba380","","Global","FUN_004860e0","004860e0","0"
"","Global","FUN_001ba690","001ba690","","Global","FUN_00486470","00486470","0"
"","Global","FUN_001ba760","001ba760","","Global","FUN_00486540","00486540","0"
"","Global","FUN_001ba8d0","001ba8d0","","Global","FUN_004866b0","004866b0","0"
"","Global","FUN_001baa40","001baa40","","Global","FUN_00486820","00486820","0"
"","Global","FUN_001bab00","001bab00","","Global","FUN_004868e0","004868e0","0"
"","Global","FUN_001babd0","001babd0","","Global","FUN_004869c0","004869c0","0"
"","Global","FUN_001bada0","001bada0","","Global","FUN_00486b90","00486b90","0"
"","Global","FUN_001bb070","001bb070","","Global","FUN_00486e60","00486e60","0"
"","Global","FUN_001bb130","001bb130","","Global","FUN_00486f20","00486f20","0"
"","Global","FUN_001bb500","001bb500","","Global","FUN_004872f0","004872f0","0"
"","Global","FUN_001bb5b0","001bb5b0","","Global","FUN_004873a0","004873a0","0"
"","Global","FUN_001bb8c0","001bb8c0","","Global","FUN_004876c0","004876c0","0"
"","Global","FUN_001bbc30","001bbc30","","Global","FUN_00487af0","00487af0","0"
"","Global","FUN_001bbdc0","001bbdc0","","Global","FUN_00487c70","00487c70","0"
"","Global","FUN_001bbe80","001bbe80","","Global","FUN_00487d30","00487d30","0"
"","Global","FUN_001bbf50","001bbf50","","Global","FUN_00487e50","00487e50","0"
"","Global","FUN_001bc1b0","001bc1b0","","Global","FUN_004880c0","004880c0","0"
"","Global","FUN_001bc1e0","001bc1e0","","Global","FUN_004880f0","004880f0","0"
"","Global","FUN_001bc2e0","001bc2e0","","Global","FUN_004881f0","004881f0","0"
"","Global","FUN_001bc400","001bc400","","Global","FUN_00488310","00488310","0"
"","Global","FUN_001bc440","001bc440","","Global","FUN_00488350","00488350","0"
"","Global","FUN_001bc470","001bc470","","Global","FUN_00488380","00488380","0"
"","Global","FUN_001bc4b0","001bc4b0","","Global","FUN_004883d0","004883d0","0"
"","Global","FUN_001bc500","001bc500","","Global","FUN_006477e0","006477e0","0"
"","Global","FUN_001bf290","001bf290","","Global","FUN_0064a570","0064a570","0"
"","Global","FUN_001bf340","001bf340","","Global","FUN_0064a620","0064a620","0"
"","Global","FUN_001bf7d0","001bf7d0","","Global","FUN_0064aab0","0064aab0","0"
"","Global","FUN_001bf8d0","001bf8d0","","Global","FUN_0064abb0","0064abb0","0"
"","Global","FUN_001bfab0","001bfab0","","Global","FUN_0064ad90","0064ad90","0"
"","Global","FUN_001c0510","001c0510","","Global","FUN_0064b7f0","0064b7f0","0"
"","Global","FUN_001c0970","001c0970","","Global","FUN_0064bc50","0064bc50","0"
"","Global","FUN_001c1080","001c1080","","Global","FUN_0064c360","0064c360","0"
"","Global","FUN_001c1560","001c1560","","Global","FUN_0064c840","0064c840","0"
"","Global","FUN_001c18a0","001c18a0","","Global","FUN_0064cb80","0064cb80","0"
"","Global","FUN_001c1ef0","001c1ef0","","Global","FUN_0064d1d0","0064d1d0","0"
"","Global","FUN_001c4650","001c4650","","Global","FUN_0064f920","0064f920","0"
"","Global","FUN_001c5170","001c5170","","Global","FUN_00650440","00650440","0"
"","Global","FUN_001c52c0","001c52c0","","Global","FUN_00650590","00650590","0"
"","Global","FUN_001c5300","001c5300","","Global","FUN_006505d0","006505d0","0"
"","Global","FUN_001c5350","001c5350","","Global","FUN_00650620","00650620","0"
"","Global","FUN_001c5370","001c5370","","Global","FUN_00650640","00650640","0"
"","Global","FUN_001c5390","001c5390","","Global","FUN_00650660","00650660","0"
"","Global","FUN_001c53b0","001c53b0","","Global","FUN_00650680","00650680","0"
"","Global","FUN_001c63d0","001c63d0","","Global","FUN_006516a0","006516a0","0"
"","Global","FUN_001c6410","001c6410","","Global","FUN_006516e0","006516e0","0"
"","Global","FUN_001c6680","001c6680","","Global","FUN_00651950","00651950","0"
"","Global","FUN_001c6b00","001c6b00","","Global","FUN_00651dd0","00651dd0","0"
"","Global","FUN_001c7540","001c7540","","Global","FUN_00652810","00652810","0"
"","Global","FUN_001c7650","001c7650","","Global","FUN_00652920","00652920","0"
"","Global","FUN_001c7790","001c7790","","Global","FUN_00652a60","00652a60","0"
"","Global","FUN_001c7c70","001c7c70","","Global","FUN_00652f40","00652f40","0"
"","Global","FUN_001c8100","001c8100","","Global","FUN_00692060","00692060","0"
"","Global","FUN_001c8180","001c8180","","Global","FUN_006920e0","006920e0","0"
"","Global","FUN_001c82a0","001c82a0","","Global","FUN_00692200","00692200","0"
"","Global","FUN_001c8350","001c8350","","Global","FUN_006922b0","006922b0","0"
"","Global","FUN_001c85b0","001c85b0","","Global","FUN_00692510","00692510","0"
"","Global","FUN_001c8700","001c8700","","Global","FUN_00692660","00692660","0"
"","Global","FUN_001c8830","001c8830","","Global","FUN_00692790","00692790","0"
"","Global","FUN_001c94f0","001c94f0","","Global","FUN_00693450","00693450","0"
"","Global","FUN_001c9c60","001c9c60","","Global","FUN_00693bc0","00693bc0","0"
"","Global","FUN_001c9cf0","001c9cf0","","Global","FUN_00693c50","00693c50","0"
"","Global","FUN_001ca780","001ca780","","Global","FUN_006946e0","006946e0","0"
"","Global","FUN_001ca950","001ca950","","Global","FUN_006948b0","006948b0","0"
"","Global","FUN_001cab40","001cab40","","Global","FUN_00694aa0","00694aa0","0"
"","Global","FUN_001cad30","001cad30","","Global","FUN_00694c90","00694c90","0"
"","Global","FUN_001cb220","001cb220","","Global","FUN_00695180","00695180","0"
"","Global","FUN_001cb750","001cb750","","Global","FUN_006956b0","006956b0","0"
"","Global","FUN_001cb870","001cb870","","Global","FUN_006957d0","006957d0","0"
"","Global","FUN_001cb8d0","001cb8d0","","Global","FUN_00695830","00695830","0"
"","Global","FUN_001cb940","001cb940","","Global","FUN_006958a0","006958a0","0"
"","Global","FUN_001cbb00","001cbb00","","Global","FUN_00695a60","00695a60","0"
"","Global","FUN_001cbb20","001cbb20","","Global","FUN_00695a80","00695a80","0"
"","Global","FUN_001cbbb0","001cbbb0","","Global","FUN_00695b00","00695b00","0"
"","Global","FUN_001cc560","001cc560","","Global","FUN_006964b0","006964b0","0"
"","Global","FUN_001cc5e0","001cc5e0","","Global","FUN_00696530","00696530","0"
"","Global","FUN_001cc670","001cc670","","Global","FUN_006965c0","006965c0","0"
"","Global","FUN_001cc7e0","001cc7e0","","Global","FUN_00696730","00696730","0"
"","Global","FUN_001cc800","001cc800","","Global","FUN_00696750","00696750","0"
"","Global","FUN_001cc870","001cc870","","Global","FUN_006967c0","006967c0","0"
"","Global","FUN_001cca80","001cca80","","Global","FUN_006969d0","006969d0","0"
"","Global","FUN_001cccd0","001cccd0","","Global","FUN_00696c20","00696c20","0"
"","Global","FUN_001ccd70","001ccd70","","Global","FUN_00696cc0","00696cc0","0"
"","Global","FUN_001ccdd0","001ccdd0","","Global","FUN_00696d20","00696d20","0"
"","Global","FUN_001cce50","001cce50","","Global","FUN_00696da0","00696da0","0"
"","Global","FUN_001ccef0","001ccef0","","Global","FUN_00696e40","00696e40","0"
"","Global","FUN_001cd010","001cd010","","Global","FUN_00561590","00561590","0"
"","Global","FUN_001cd0c0","001cd0c0","","Global","FUN_00561640","00561640","0"
"","Global","FUN_001cd0f0","001cd0f0","","Global","FUN_00561670","00561670","0"
"","Global","FUN_001cd110","001cd110","","Global","FUN_00561690","00561690","0"
"","Global","FUN_001cd490","001cd490","","Global","FUN_00696f40","00696f40","0"
"","Global","FUN_001cd5b0","001cd5b0","","Global","FUN_00697060","00697060","0"
"","Global","FUN_001cd6b0","001cd6b0","","Global","FUN_00697160","00697160","0"
"","Global","FUN_001cd750","001cd750","","Global","FUN_00697200","00697200","0"
"","Global","FUN_001cd7a0","001cd7a0","","Global","FUN_00697250","00697250","0"
"","Global","FUN_001cd920","001cd920","","Global","FUN_006973d0","006973d0","0"
"","Global","FUN_001cd9e0","001cd9e0","","Global","FUN_00697490","00697490","0"
"","Global","FUN_001cdad0","001cdad0","","Global","FUN_00697580","00697580","0"
"","Global","FUN_001cdba0","001cdba0","","Global","FUN_00697650","00697650","0"
"","Global","FUN_001cde50","001cde50","","Global","FUN_00697900","00697900","0"
"","Global","FUN_001cdf50","001cdf50","","Global","FUN_00697a00","00697a00","0"
"","Global","FUN_001ce050","001ce050","","Global","FUN_00697b00","00697b00","0"
"","Global","FUN_001ce160","001ce160","","Global","FUN_000d81c0","000d81c0","0"
"","Global","FUN_001ce1a0","001ce1a0","","Global","FUN_00697c10","00697c10","0"
"","Global","FUN_001ce320","001ce320","","Global","FUN_00697d90","00697d90","0"
"","Global","FUN_001ce4b0","001ce4b0","","Global","FUN_00697f20","00697f20","0"
"","Global","FUN_001ce550","001ce550","","Global","FUN_00697fc0","00697fc0","0"
"","Global","FUN_001ce5c0","001ce5c0","","Global","FUN_00698030","00698030","0"
"","Global","FUN_001ce630","001ce630","","Global","FUN_006980a0","006980a0","0"
"","Global","FUN_001ce670","001ce670","","Global","FUN_006980e0","006980e0","0"
"","Global","FUN_001ce6a0","001ce6a0","","Global","FUN_00698110","00698110","0"
"","Global","FUN_001ce6e0","001ce6e0","","Global","FUN_00698150","00698150","0"
"","Global","FUN_001ce930","001ce930","","Global","FUN_006983a0","006983a0","0"
"","Global","FUN_001cea70","001cea70","","Global","FUN_006984e0","006984e0","0"
"","Global","FUN_001cea90","001cea90","","Global","FUN_00698500","00698500","0"
"","Global","FUN_001cf1e0","001cf1e0","","Global","FUN_00698c50","00698c50","0"
"","Global","FUN_001cf350","001cf350","","Global","FUN_00698dc0","00698dc0","0"
"","Global","FUN_001cf3f0","001cf3f0","","Global","FUN_00698e60","00698e60","0"
"","Global","FUN_001cf420","001cf420","","Global","FUN_00698e90","00698e90","0"
"","Global","FUN_001cf700","001cf700","","Global","FUN_00699170","00699170","0"
"","Global","FUN_001cfa10","001cfa10","","Global","FUN_00699480","00699480","0"
"","Global","FUN_001cfa60","001cfa60","","Global","FUN_006994d0","006994d0","0"
"","Global","FUN_001cff20","001cff20","","Global","FUN_00699990","00699990","0"
"","Global","FUN_001d0110","001d0110","","Global","FUN_00699b80","00699b80","0"
"","Global","FUN_001d01a0","001d01a0","","Global","FUN_00699c10","00699c10","0"
"","Global","FUN_001d01d0","001d01d0","","Global","FUN_00699c40","00699c40","0"
"","Global","FUN_001d0260","001d0260","","Global","FUN_00699cd0","00699cd0","0"
"","Global","FUN_001d0280","001d0280","","Global","FUN_00699cf0","00699cf0","0"
"","Global","FUN_001d0350","001d0350","","Global","FUN_00699dc0","00699dc0","0"
"","Global","FUN_001d03a0","001d03a0","","Global","FUN_00699e10","00699e10","0"
"","Global","FUN_001d03f0","001d03f0","","Global","FUN_00699e60","00699e60","0"
"","Global","FUN_001d0440","001d0440","","Global","FUN_00699eb0","00699eb0","0"
"","Global","FUN_001d04c0","001d04c0","","Global","FUN_00699f30","00699f30","0"
"","Global","FUN_001d05e0","001d05e0","","Global","FUN_0069a050","0069a050","0"
"","Global","FUN_001d0670","001d0670","","Global","FUN_0069a0e0","0069a0e0","0"
"","Global","FUN_001d07d0","001d07d0","","Global","FUN_0069a240","0069a240","0"
"","Global","FUN_001d0910","001d0910","","Global","FUN_0069a380","0069a380","0"
"","Global","FUN_001d0a80","001d0a80","","Global","FUN_0069a4f0","0069a4f0","0"
"","Global","FUN_001d0b60","001d0b60","","Global","FUN_0069a5d0","0069a5d0","0"
"","Global","FUN_001d0bf0","001d0bf0","","Global","FUN_0069a660","0069a660","0"
"","Global","FUN_001d0d40","001d0d40","","Global","FUN_0069a7b0","0069a7b0","0"
"","Global","FUN_001d0e20","001d0e20","","Global","FUN_0069a890","0069a890","0"
"","Global","FUN_001d0e90","001d0e90","","Global","FUN_0069a900","0069a900","0"
"","Global","FUN_001d0f00","001d0f00","","Global","FUN_0069a970","0069a970","0"
"","Global","FUN_001d10d0","001d10d0","","Global","FUN_0069ab40","0069ab40","0"
"","Global","FUN_001d1220","001d1220","","Global","FUN_0069ac90","0069ac90","0"
"","Global","FUN_001d12f0","001d12f0","","Global","FUN_0069ad60","0069ad60","0"
"","Global","FUN_001d1370","001d1370","","Global","FUN_0069ade0","0069ade0","0"
"","Global","FUN_001d1670","001d1670","","Global","FUN_0069b0e0","0069b0e0","0"
"","Global","FUN_001d17e0","001d17e0","","Global","FUN_0069b250","0069b250","0"
"","Global","FUN_001d18f0","001d18f0","","Global","FUN_0069b360","0069b360","0"
"","Global","FUN_001d1aa0","001d1aa0","","Global","FUN_0069b510","0069b510","0"
"","Global","FUN_001d1b20","001d1b20","","Global","FUN_0069b590","0069b590","0"
"","Global","FUN_001d1bc0","001d1bc0","","Global","FUN_0069b630","0069b630","0"
"","Global","FUN_001d1be0","001d1be0","","Global","FUN_0069b650","0069b650","0"
"","Global","FUN_001d1c90","001d1c90","","Global","FUN_0069b6d0","0069b6d0","0"
"","Global","FUN_001d1cb0","001d1cb0","","Global","FUN_006536b0","006536b0","0"
"","Global","FUN_001d1ce0","001d1ce0","","Global","FUN_0069b6f0","0069b6f0","0"
"","Global","FUN_001d1e20","001d1e20","","Global","FUN_0069b830","0069b830","0"
"","Global","FUN_001d1ed0","001d1ed0","","Global","FUN_0069b8e0","0069b8e0","0"
"","Global","FUN_001d1fa0","001d1fa0","","Global","FUN_0069b9b0","0069b9b0","0"
"","Global","FUN_001d2010","001d2010","","Global","FUN_0069b9f0","0069b9f0","0"
"","Global","FUN_001d2060","001d2060","","Global","FUN_0069ba40","0069ba40","0"
"","Global","FUN_001d20c0","001d20c0","","Global","FUN_0069baa0","0069baa0","0"
"","Global","FUN_001d2180","001d2180","","Global","FUN_00078b90","00078b90","0"
"","Global","FUN_001d21b0","001d21b0","","Global","FUN_0069bb60","0069bb60","0"
"","Global","FUN_001d2330","001d2330","","Global","FUN_0069bce0","0069bce0","0"
"","Global","FUN_001d3200","001d3200","","Global","FUN_0069cbb0","0069cbb0","0"
"","Global","FUN_001d32e0","001d32e0","","Global","FUN_0069cc90","0069cc90","0"
"","Global","FUN_001d33c0","001d33c0","","Global","FUN_0069cd70","0069cd70","0"
"","Global","FUN_001d3410","001d3410","","Global","FUN_0069cdc0","0069cdc0","0"
"","Global","FUN_001d3460","001d3460","","Global","FUN_0069ce10","0069ce10","0"
"","Global","FUN_001d3860","001d3860","","Global","FUN_0069d200","0069d200","0"
"","Global","FUN_001d3d60","001d3d60","","Global","FUN_0069d700","0069d700","0"
"","Global","FUN_001d3e30","001d3e30","","Global","FUN_0069d7d0","0069d7d0","0"
"","Global","FUN_001d3e90","001d3e90","","Global","FUN_0069d830","0069d830","0"
"","Global","FUN_001d3ee0","001d3ee0","","Global","FUN_0069d880","0069d880","0"
"","Global","FUN_001d3fb0","001d3fb0","","Global","FUN_0069d950","0069d950","0"
"","Global","FUN_001d4090","001d4090","","Global","FUN_0069da30","0069da30","0"
"","Global","FUN_001d4770","001d4770","","Global","FUN_0069e130","0069e130","0"
"","Global","FUN_001d4870","001d4870","","Global","FUN_0069e230","0069e230","0"
"","Global","FUN_001d49d0","001d49d0","","Global","FUN_0069e390","0069e390","0"
"","Global","FUN_001d5330","001d5330","","Global","FUN_0069ece0","0069ece0","0"
"","Global","FUN_001d5350","001d5350","","Global","FUN_0069ed00","0069ed00","0"
"","Global","FUN_001d53b0","001d53b0","","Global","FUN_0069ed60","0069ed60","0"
"","Global","FUN_001d5460","001d5460","","Global","FUN_0069ee10","0069ee10","0"
"","Global","FUN_001d5620","001d5620","","Global","FUN_0069efd0","0069efd0","0"
"","Global","FUN_001d56a0","001d56a0","","Global","FUN_0069f050","0069f050","0"
"","Global","FUN_001d56c0","001d56c0","","Global","FUN_0069f070","0069f070","0"
"","Global","FUN_001d5710","001d5710","","Global","FUN_0069f0c0","0069f0c0","0"
"","Global","FUN_001d5780","001d5780","","Global","FUN_0069f130","0069f130","0"
"","Global","FUN_001d57b0","001d57b0","","Global","FUN_0069f160","0069f160","0"
"","Global","FUN_001d5860","001d5860","","Global","FUN_0069f210","0069f210","0"
"","Global","FUN_001d5a90","001d5a90","","Global","FUN_0069f440","0069f440","0"
"","Global","FUN_001d5b20","001d5b20","","Global","FUN_0069f4d0","0069f4d0","0"
"","Global","FUN_001d5b70","001d5b70","","Global","FUN_0069f520","0069f520","0"
"","Global","FUN_001d5ba0","001d5ba0","","Global","FUN_0069f550","0069f550","0"
"","Global","FUN_001d5c00","001d5c00","","Global","FUN_0069f5b0","0069f5b0","0"
"","Global","FUN_001d6050","001d6050","","Global","FUN_0069fa00","0069fa00","0"
"","Global","FUN_001d6070","001d6070","","Global","FUN_0069fa20","0069fa20","0"
"","Global","FUN_001d60e0","001d60e0","","Global","FUN_0069fa90","0069fa90","0"
"","Global","FUN_001d6120","001d6120","","Global","FUN_0069fad0","0069fad0","0"
"","Global","FUN_001d63a0","001d63a0","","Global","FUN_0069fd50","0069fd50","0"
"","Global","FUN_001d65f0","001d65f0","","Global","FUN_0069ffa0","0069ffa0","0"
"","Global","FUN_001d6650","001d6650","","Global","FUN_006a0000","006a0000","0"
"","Global","FUN_001d6760","001d6760","","Global","FUN_006a0110","006a0110","0"
"","Global","FUN_001d67b0","001d67b0","","Global","FUN_006a0160","006a0160","0"
"","Global","FUN_001d6960","001d6960","","Global","FUN_006a02e0","006a02e0","0"
"","Global","FUN_001d6c80","001d6c80","","Global","FUN_006a0530","006a0530","0"
"","Global","FUN_001d6cc0","001d6cc0","","Global","FUN_00542ee0","00542ee0","0"
"","Global","FUN_001d6d50","001d6d50","","Global","FUN_00542f70","00542f70","0"
"","Global","FUN_001d7190","001d7190","","Global","FUN_005433b0","005433b0","0"
"","Global","FUN_001d72b0","001d72b0","","Global","FUN_005434d0","005434d0","0"
"","Global","FUN_001d7450","001d7450","","Global","FUN_00543670","00543670","0"
"","Global","FUN_001d77a0","001d77a0","","Global","FUN_005439c0","005439c0","0"
"","Global","FUN_001da7a0","001da7a0","","Global","FUN_00661600","00661600","0"
"","Global","FUN_001df9d0","001df9d0","","Global","FUN_00666850","00666850","0"
"","Global","FUN_001dfa40","001dfa40","","Global","FUN_006668c0","006668c0","0"
"","Global","FUN_001dfad0","001dfad0","","Global","FUN_00666950","00666950","0"
"","Global","FUN_001dfb90","001dfb90","","Global","FUN_00666a10","00666a10","0"
"","Global","FUN_001dfc50","001dfc50","","Global","FUN_00666ad0","00666ad0","0"
"","Global","FUN_001dfd90","001dfd90","","Global","FUN_00666c10","00666c10","0"
"","Global","FUN_001dfdd0","001dfdd0","","Global","FUN_00666c50","00666c50","0"
"","Global","FUN_001dfe00","001dfe00","","Global","FUN_00666c80","00666c80","0"
"","Global","FUN_001dfe40","001dfe40","","Global","FUN_00666cc0","00666cc0","0"
"","Global","FUN_001dfe70","001dfe70","","Global","FUN_00666cf0","00666cf0","0"
"","Global","FUN_001dfef0","001dfef0","","Global","FUN_00666d70","00666d70","0"
"","Global","FUN_001dff30","001dff30","","Global","FUN_00666db0","00666db0","0"
"","Global","FUN_001e0050","001e0050","","Global","FUN_00666ed0","00666ed0","0"
"","Global","FUN_001e01c0","001e01c0","","Global","FUN_00667040","00667040","0"
"","Global","FUN_001e0240","001e0240","","Global","FUN_006670c0","006670c0","0"
"","Global","FUN_001e0280","001e0280","","Global","FUN_00667100","00667100","0"
"","Global","FUN_001e0330","001e0330","","Global","FUN_006671b0","006671b0","0"
"","Global","FUN_001e03f0","001e03f0","","Global","FUN_00667270","00667270","0"
"","Global","FUN_001e0430","001e0430","","Global","FUN_006672b0","006672b0","0"
"","Global","FUN_001e0460","001e0460","","Global","FUN_006672e0","006672e0","0"
"","Global","FUN_001e04c0","001e04c0","","Global","FUN_00667340","00667340","0"
"","Global","FUN_001e0500","001e0500","","Global","FUN_00667380","00667380","0"
"","Global","FUN_001e0530","001e0530","","Global","FUN_006673b0","006673b0","0"
"","Global","FUN_001e0590","001e0590","","Global","FUN_00667410","00667410","0"
"","Global","FUN_001e0720","001e0720","","Global","FUN_006675a0","006675a0","0"
"","Global","FUN_001e0740","001e0740","","Global","FUN_006675c0","006675c0","0"
"","Global","FUN_001e07e0","001e07e0","","Global","FUN_00667660","00667660","0"
"","Global","FUN_001e0810","001e0810","","Global","FUN_00667690","00667690","0"
"","Global","FUN_001e0840","001e0840","","Global","FUN_006676c0","006676c0","0"
"","Global","FUN_001e0870","001e0870","","Global","FUN_006676f0","006676f0","0"
"","Global","FUN_001e08b0","001e08b0","","Global","FUN_00667730","00667730","0"
"","Global","FUN_001e0900","001e0900","","Global","FUN_00667780","00667780","0"
"","Global","FUN_001e0970","001e0970","","Global","FUN_006677f0","006677f0","0"
"","Global","FUN_001e0a70","001e0a70","","Global","FUN_006678f0","006678f0","0"
"","Global","FUN_001e0b00","001e0b00","","Global","FUN_000d8200","000d8200","0"
"","Global","FUN_001e0e10","001e0e10","","Global","FUN_006679e0","006679e0","0"
"","Global","FUN_001e0f40","001e0f40","","Global","FUN_00667b10","00667b10","0"
"","Global","FUN_001e10c0","001e10c0","","Global","FUN_00667c90","00667c90","0"
"","Global","FUN_001e1190","001e1190","","Global","FUN_00667d60","00667d60","0"
"","Global","FUN_001e1250","001e1250","","Global","FUN_00667e20","00667e20","0"
"","Global","FUN_001e12c0","001e12c0","","Global","FUN_00667e90","00667e90","0"
"","Global","FUN_001e1300","001e1300","","Global","FUN_00667ed0","00667ed0","0"
"","Global","FUN_001e1340","001e1340","","Global","FUN_00667f10","00667f10","0"
"","Global","FUN_001e1df0","001e1df0","","Global","FUN_00668990","00668990","0"
"","Global","FUN_001e2030","001e2030","","Global","FUN_00668bd0","00668bd0","0"
"","Global","FUN_001e20d0","001e20d0","","Global","FUN_00668c70","00668c70","0"
"","Global","FUN_001e2170","001e2170","","Global","FUN_00668d10","00668d10","0"
"","Global","FUN_001e2360","001e2360","","Global","FUN_00668f00","00668f00","0"
"","Global","FUN_001e23f0","001e23f0","","Global","FUN_00668f90","00668f90","0"
"","Global","FUN_001e2570","001e2570","","Global","FUN_00669110","00669110","0"
"","Global","FUN_001e2660","001e2660","","Global","FUN_00669200","00669200","0"
"","Global","FUN_001e2700","001e2700","","Global","FUN_006692a0","006692a0","0"
"","Global","FUN_001e28d0","001e28d0","","Global","FUN_00669470","00669470","0"
"","Global","FUN_001e2950","001e2950","","Global","FUN_006694f0","006694f0","0"
"","Global","FUN_001e2fe0","001e2fe0","","Global","FUN_00669b80","00669b80","0"
"","Global","FUN_001e30d0","001e30d0","","Global","FUN_00669c70","00669c70","0"
"","Global","FUN_001e3340","001e3340","","Global","FUN_00669ee0","00669ee0","0"
"","Global","FUN_001e35b0","001e35b0","","Global","FUN_0066a150","0066a150","0"
"","Global","FUN_001e3700","001e3700","","Global","FUN_0066a2a0","0066a2a0","0"
"","Global","FUN_001e37b0","001e37b0","","Global","FUN_0066a350","0066a350","0"
"","Global","FUN_001e39c0","001e39c0","","Global","FUN_0066a560","0066a560","0"
"","Global","FUN_001e3aa0","001e3aa0","","Global","FUN_0066a640","0066a640","0"
"","Global","FUN_001e3ba0","001e3ba0","","Global","FUN_0066a740","0066a740","0"
"","Global","FUN_001e3c20","001e3c20","","Global","FUN_0066a7c0","0066a7c0","0"
"","Global","FUN_001e3ef0","001e3ef0","","Global","FUN_0066aa90","0066aa90","0"
"","Global","FUN_001e41e0","001e41e0","","Global","FUN_0066ad60","0066ad60","0"
"","Global","FUN_001e4340","001e4340","","Global","FUN_0066aec0","0066aec0","0"
"","Global","FUN_001e43a0","001e43a0","","Global","FUN_0066af20","0066af20","0"
"","Global","FUN_001e4400","001e4400","","Global","FUN_00041570","00041570","0"
"","Global","FUN_001e4690","001e4690","","Global","FUN_0066b1e0","0066b1e0","0"
"","Global","FUN_001e4750","001e4750","","Global","FUN_0066b2a0","0066b2a0","0"
"","Global","FUN_001e4780","001e4780","","Global","FUN_0066b2d0","0066b2d0","0"
"","Global","FUN_001e47b0","001e47b0","","Global","FUN_0066b300","0066b300","0"
"","Global","FUN_001e4840","001e4840","","Global","FUN_0066b390","0066b390","0"
"","Global","FUN_001e4870","001e4870","","Global","FUN_0066b3c0","0066b3c0","0"
"","Global","FUN_001e48a0","001e48a0","","Global","FUN_00655390","00655390","0"
"","Global","FUN_001e48d0","001e48d0","","Global","FUN_0066b3f0","0066b3f0","0"
"","Global","FUN_001e4950","001e4950","","Global","FUN_0066b470","0066b470","0"
"","Global","FUN_001e49b0","001e49b0","","Global","FUN_006553c0","006553c0","0"
"","Global","FUN_001e4a00","001e4a00","","Global","FUN_0066b4d0","0066b4d0","0"
"","Global","FUN_001e65e0","001e65e0","","Global","FUN_0066d0b0","0066d0b0","0"
"","Global","FUN_001e6920","001e6920","","Global","FUN_0066d3f0","0066d3f0","0"
"","Global","FUN_001e6a00","001e6a00","","Global","FUN_0066d4d0","0066d4d0","0"
"","Global","FUN_001e6ee0","001e6ee0","","Global","FUN_0066d9b0","0066d9b0","0"
"","Global","FUN_001e7680","001e7680","","Global","FUN_0066e100","0066e100","0"
"","Global","FUN_001e7a70","001e7a70","","Global","FUN_0066e4f0","0066e4f0","0"
"","Global","FUN_001e8020","001e8020","","Global","FUN_0066ea90","0066ea90","0"
"","Global","FUN_001e8de0","001e8de0","","Global","FUN_0066f850","0066f850","0"
"","Global","FUN_001e9490","001e9490","","Global","FUN_0066ff10","0066ff10","0"
"","Global","FUN_001eaab0","001eaab0","","Global","FUN_00671540","00671540","0"
"","Global","FUN_001ead30","001ead30","","Global","FUN_006717c0","006717c0","0"
"","Global","FUN_001eaeb0","001eaeb0","","Global","FUN_00671940","00671940","0"
"","Global","FUN_001eb0a0","001eb0a0","","Global","FUN_00671b30","00671b30","0"
"","Global","FUN_001eb3c0","001eb3c0","","Global","FUN_00671e50","00671e50","0"
"","Global","FUN_001f0950","001f0950","","Global","FUN_006775c0","006775c0","0"
"","Global","FUN_001f0ae0","001f0ae0","","Global","FUN_00677740","00677740","0"
"","Global","FUN_001f0ce0","001f0ce0","","Global","FUN_00042420","00042420","0"
"","Global","FUN_001f2f40","001f2f40","","Global","FUN_00679b30","00679b30","0"
"","Global","FUN_001f2fb0","001f2fb0","","Global","FUN_00679ba0","00679ba0","0"
"","Global","FUN_001f31e0","001f31e0","","Global","FUN_00679dd0","00679dd0","0"
"","Global","FUN_001f3220","001f3220","","Global","FUN_00679e10","00679e10","0"
"","Global","FUN_001f32e0","001f32e0","","Global","FUN_00679ed0","00679ed0","0"
"","Global","FUN_001f33c0","001f33c0","","Global","FUN_00679fb0","00679fb0","0"
"","Global","FUN_001f3470","001f3470","","Global","FUN_0067a060","0067a060","0"
"","Global","FUN_001f34c0","001f34c0","","Global","FUN_0067a0b0","0067a0b0","0"
"","Global","FUN_001f3570","001f3570","","Global","FUN_0067a160","0067a160","0"
"","Global","FUN_001f35b0","001f35b0","","Global","FUN_0067a1a0","0067a1a0","0"
"","Global","FUN_001f3600","001f3600","","Global","FUN_0067a1f0","0067a1f0","0"
"","Global","FUN_001f36d0","001f36d0","","Global","FUN_0067a2c0","0067a2c0","0"
"","Global","FUN_001f3780","001f3780","","Global","FUN_0067a370","0067a370","0"
"","Global","FUN_001f37a0","001f37a0","","Global","FUN_0067a390","0067a390","0"
"","Global","FUN_001f3850","001f3850","","Global","FUN_0067a440","0067a440","0"
"","Global","FUN_001f3880","001f3880","","Global","FUN_0067a470","0067a470","0"
"","Global","FUN_001f3930","001f3930","","Global","FUN_0067a520","0067a520","0"
"","Global","FUN_001f3b60","001f3b60","","Global","FUN_0067a750","0067a750","0"
"","Global","FUN_001f3c30","001f3c30","","Global","FUN_0067a820","0067a820","0"
"","Global","FUN_001f3d30","001f3d30","","Global","FUN_0067a920","0067a920","0"
"","Global","FUN_001f3df0","001f3df0","","Global","FUN_0067a9e0","0067a9e0","0"
"","Global","FUN_001f4050","001f4050","","Global","FUN_0067ac40","0067ac40","0"
"","Global","FUN_001f4110","001f4110","","Global","FUN_0067ad00","0067ad00","0"
"","Global","FUN_001f4190","001f4190","","Global","FUN_0067ad80","0067ad80","0"
"","Global","FUN_001f4230","001f4230","","Global","FUN_0067ae20","0067ae20","0"
"","Global","FUN_001f4760","001f4760","","Global","FUN_0067b350","0067b350","0"
"","Global","FUN_001f4830","001f4830","","Global","FUN_0067b420","0067b420","0"
"","Global","FUN_001f4b20","001f4b20","","Global","FUN_0067b710","0067b710","0"
"","Global","FUN_001f4ca0","001f4ca0","","Global","FUN_0067b890","0067b890","0"
"","Global","FUN_001f4db0","001f4db0","","Global","FUN_0067b9a0","0067b9a0","0"
"","Global","FUN_001f5510","001f5510","","Global","FUN_0067c100","0067c100","0"
"","Global","FUN_001f5530","001f5530","","Global","FUN_0067c120","0067c120","0"
"","Global","FUN_001f55f0","001f55f0","","Global","FUN_0067c1e0","0067c1e0","0"
"","Global","FUN_001f56a0","001f56a0","","Global","FUN_0067c290","0067c290","0"
"","Global","FUN_001f59b0","001f59b0","","Global","FUN_0067c5a0","0067c5a0","0"
"","Global","FUN_001f5a50","001f5a50","","Global","FUN_0067c640","0067c640","0"
"","Global","FUN_001f5c20","001f5c20","","Global","FUN_0067c810","0067c810","0"
"","Global","FUN_001f5d80","001f5d80","","Global","FUN_0067c970","0067c970","0"
"","Global","FUN_001f5e60","001f5e60","","Global","FUN_0067ca50","0067ca50","0"
"","Global","FUN_001f5f70","001f5f70","","Global","FUN_0067cb60","0067cb60","0"
"","Global","FUN_001f63f0","001f63f0","","Global","FUN_0067cfe0","0067cfe0","0"
"","Global","FUN_001f64c0","001f64c0","","Global","FUN_0067d0b0","0067d0b0","0"
"","Global","FUN_001f6850","001f6850","","Global","FUN_0067d440","0067d440","0"
"","Global","FUN_001f68d0","001f68d0","","Global","FUN_0067d4c0","0067d4c0","0"
"","Global","FUN_001f6970","001f6970","","Global","FUN_0067d560","0067d560","0"
"","Global","FUN_001f6a10","001f6a10","","Global","FUN_0067d600","0067d600","0"
"","Global","FUN_001f6ad0","001f6ad0","","Global","FUN_0067d6c0","0067d6c0","0"
"","Global","FUN_001f6b70","001f6b70","","Global","FUN_0067d760","0067d760","0"
"","Global","FUN_001f6c30","001f6c30","","Global","FUN_0067d820","0067d820","0"
"","Global","FUN_001f6d10","001f6d10","","Global","FUN_0067d900","0067d900","0"
"","Global","FUN_001f6d50","001f6d50","","Global","FUN_0067d940","0067d940","0"
"","Global","FUN_001f6f40","001f6f40","","Global","FUN_0067db30","0067db30","0"
"","Global","FUN_001f6fe0","001f6fe0","","Global","FUN_0067dbd0","0067dbd0","0"
"","Global","FUN_001f7090","001f7090","","Global","FUN_0067dc80","0067dc80","0"
"","Global","FUN_001f7420","001f7420","","Global","FUN_0067e010","0067e010","0"
"","Global","FUN_001f7560","001f7560","","Global","FUN_0067e150","0067e150","0"
"","Global","FUN_001f76a0","001f76a0","","Global","FUN_0067e290","0067e290","0"
"","Global","FUN_001f76c0","001f76c0","","Global","FUN_0067e2b0","0067e2b0","0"
"","Global","FUN_001f7770","001f7770","","Global","FUN_0067e360","0067e360","0"
"","Global","FUN_001f77e0","001f77e0","","Global","FUN_0067e3d0","0067e3d0","0"
"","Global","FUN_001f7860","001f7860","","Global","FUN_0067e450","0067e450","0"
"","Global","FUN_001f78d0","001f78d0","","Global","FUN_0067e4c0","0067e4c0","0"
"","Global","FUN_001f7a10","001f7a10","","Global","FUN_0067e600","0067e600","0"
"","Global","FUN_001f7a50","001f7a50","","Global","FUN_0067e640","0067e640","0"
"","Global","FUN_001f7a90","001f7a90","","Global","FUN_0067e680","0067e680","0"
"","Global","FUN_001f7ad0","001f7ad0","","Global","FUN_0067e6c0","0067e6c0","0"
"","Global","FUN_001f7b70","001f7b70","","Global","FUN_0067e760","0067e760","0"
"","Global","FUN_001f7cd0","001f7cd0","","Global","FUN_0067e8c0","0067e8c0","0"
"","Global","FUN_001f7d20","001f7d20","","Global","FUN_0067e910","0067e910","0"
"","Global","FUN_001f7db0","001f7db0","","Global","FUN_0067e9a0","0067e9a0","0"
"","Global","FUN_001f7e30","001f7e30","","Global","FUN_0067ea20","0067ea20","0"
"","Global","FUN_001f7e50","001f7e50","","Global","FUN_0067ea40","0067ea40","0"
"","Global","FUN_001f7ea0","001f7ea0","","Global","FUN_0067ea90","0067ea90","0"
"","Global","FUN_001f7ee0","001f7ee0","","Global","FUN_0067ead0","0067ead0","0"
"","Global","FUN_001f7f60","001f7f60","","Global","FUN_0067eb50","0067eb50","0"
"","Global","FUN_001f7fb0","001f7fb0","","Global","FUN_0067eba0","0067eba0","0"
"","Global","FUN_001f7ff0","001f7ff0","","Global","FUN_0067ebe0","0067ebe0","0"
"","Global","FUN_001f8170","001f8170","","Global","FUN_0067ed60","0067ed60","0"
"","Global","FUN_001f81a0","001f81a0","","Global","FUN_0067ed90","0067ed90","0"
"","Global","FUN_001f81d0","001f81d0","","Global","FUN_0067edc0","0067edc0","0"
"","Global","FUN_001f8210","001f8210","","Global","FUN_0067ee00","0067ee00","0"
"","Global","FUN_001f8250","001f8250","","Global","FUN_0067ee40","0067ee40","0"
"","Global","FUN_001f8290","001f8290","","Global","FUN_0067ee80","0067ee80","0"
"","Global","FUN_001f82e0","001f82e0","","Global","FUN_0067eed0","0067eed0","0"
"","Global","FUN_001f8390","001f8390","","Global","FUN_0067ef80","0067ef80","0"
"","Global","FUN_001f83b0","001f83b0","","Global","FUN_0067efa0","0067efa0","0"
"","Global","FUN_001f8420","001f8420","","Global","FUN_0067f010","0067f010","0"
"","Global","FUN_001f8550","001f8550","","Global","FUN_0067f140","0067f140","0"
"","Global","FUN_001f87a0","001f87a0","","Global","FUN_0067f390","0067f390","0"
"","Global","FUN_001f8860","001f8860","","Global","FUN_0067f450","0067f450","0"
"","Global","FUN_001f8ba0","001f8ba0","","Global","FUN_0067f790","0067f790","0"
"","Global","FUN_001f8e60","001f8e60","","Global","FUN_0067fa50","0067fa50","0"
"","Global","FUN_001f8f10","001f8f10","","Global","FUN_0067fb00","0067fb00","0"
"","Global","FUN_001f8f80","001f8f80","","Global","FUN_0067fb70","0067fb70","0"
"","Global","FUN_001f9010","001f9010","","Global","FUN_0067fc00","0067fc00","0"
"","Global","FUN_001f90d0","001f90d0","","Global","FUN_0067fcc0","0067fcc0","0"
"","Global","FUN_001f9110","001f9110","","Global","FUN_0067fd00","0067fd00","0"
"","Global","FUN_001f9150","001f9150","","Global","FUN_0067fd40","0067fd40","0"
"","Global","FUN_001fa800","001fa800","","Global","FUN_006813f0","006813f0","0"
"","Global","FUN_001fa950","001fa950","","Global","FUN_00681540","00681540","0"
"","Global","FUN_001fab50","001fab50","","Global","FUN_00681740","00681740","0"
"","Global","FUN_001fb970","001fb970","","Global","FUN_00682560","00682560","0"
"","Global","FUN_001fb990","001fb990","","Global","FUN_00682580","00682580","0"
"","Global","FUN_001fb9d0","001fb9d0","","Global","FUN_006825c0","006825c0","0"
"","Global","FUN_001fba40","001fba40","","Global","FUN_00682630","00682630","0"
"","Global","FUN_001fba70","001fba70","","Global","FUN_00682660","00682660","0"
"","Global","FUN_001fbaa0","001fbaa0","","Global","FUN_00682690","00682690","0"
"","Global","FUN_001fbd70","001fbd70","","Global","FUN_00682960","00682960","0"
"","Global","FUN_001fbe50","001fbe50","","Global","FUN_00682a40","00682a40","0"
"","Global","FUN_001fc3a0","001fc3a0","","Global","FUN_00682f90","00682f90","0"
"","Global","FUN_001fc440","001fc440","","Global","FUN_00683030","00683030","0"
"","Global","FUN_001fc4e0","001fc4e0","","Global","FUN_006830d0","006830d0","0"
"","Global","FUN_001fc590","001fc590","","Global","FUN_00683180","00683180","0"
"","Global","FUN_001fc620","001fc620","","Global","FUN_00683210","00683210","0"
"","Global","FUN_001fc6d0","001fc6d0","","Global","FUN_006832c0","006832c0","0"
"","Global","FUN_001fcdd0","001fcdd0","","Global","FUN_006839c0","006839c0","0"
"","Global","FUN_001fd290","001fd290","","Global","FUN_00683e80","00683e80","0"
"","Global","FUN_001fd390","001fd390","","Global","FUN_00683f80","00683f80","0"
"","Global","FUN_001fd760","001fd760","","Global","FUN_00684350","00684350","0"
"","Global","FUN_001fd810","001fd810","","Global","FUN_00684400","00684400","0"
"","Global","FUN_001fde60","001fde60","","Global","FUN_00684a50","00684a50","0"
"","Global","FUN_001fe0d0","001fe0d0","","Global","FUN_00684cc0","00684cc0","0"
"","Global","FUN_001fe270","001fe270","","Global","FUN_00684e60","00684e60","0"
"","Global","FUN_001fe2b0","001fe2b0","","Global","FUN_00684ea0","00684ea0","0"
"","Global","FUN_001fede0","001fede0","","Global","FUN_006859d0","006859d0","0"
"","Global","FUN_001fefd0","001fefd0","","Global","FUN_00685bc0","00685bc0","0"
"","Global","FUN_001ff1b0","001ff1b0","","Global","FUN_00685da0","00685da0","0"
"","Global","FUN_001ff320","001ff320","","Global","FUN_00685f10","00685f10","0"
"","Global","FUN_001ff3a0","001ff3a0","","Global","FUN_00685f90","00685f90","0"
"","Global","FUN_001ff4b0","001ff4b0","","Global","FUN_006860a0","006860a0","0"
"","Global","FUN_001ffb40","001ffb40","","Global","FUN_00686730","00686730","0"
"","Global","FUN_001ffc50","001ffc50","","Global","FUN_00686840","00686840","0"
"","Global","FUN_001ffdc0","001ffdc0","","Global","FUN_006869b0","006869b0","0"
"","Global","FUN_001ffe40","001ffe40","","Global","FUN_00686a30","00686a30","0"
"","Global","FUN_00200130","00200130","","Global","FUN_00686d20","00686d20","0"
"","Global","FUN_00200210","00200210","","Global","FUN_00686e00","00686e00","0"
"","Global","FUN_002002e0","002002e0","","Global","FUN_00686ed0","00686ed0","0"
"","Global","FUN_002003b0","002003b0","","Global","FUN_00686fa0","00686fa0","0"
"","Global","FUN_00200470","00200470","","Global","FUN_00687060","00687060","0"
"","Global","FUN_002016c0","002016c0","","Global","FUN_006882b0","006882b0","0"
"","Global","FUN_00201750","00201750","","Global","FUN_00688340","00688340","0"
"","Global","FUN_00201840","00201840","","Global","FUN_00688430","00688430","0"
"","Global","FUN_002018b0","002018b0","","Global","FUN_006884a0","006884a0","0"
"","Global","FUN_002019b0","002019b0","","Global","FUN_006885a0","006885a0","0"
"","Global","FUN_00201a20","00201a20","","Global","FUN_00688610","00688610","0"
"","Global","FUN_00201a60","00201a60","","Global","FUN_00688650","00688650","0"
"","Global","FUN_00201b30","00201b30","","Global","FUN_00688720","00688720","0"
"","Global","FUN_00201d10","00201d10","","Global","FUN_00688900","00688900","0"
"","Global","FUN_00201e90","00201e90","","Global","FUN_00688a80","00688a80","0"
"","Global","FUN_00202340","00202340","","Global","FUN_00688f30","00688f30","0"
"","Global","FUN_00202720","00202720","","Global","FUN_00689310","00689310","0"
"","Global","FUN_00202b90","00202b90","","Global","FUN_000da1d0","000da1d0","0"
"","Global","FUN_00202c70","00202c70","","Global","FUN_00689780","00689780","0"
"","Global","FUN_00202e10","00202e10","","Global","FUN_00689920","00689920","0"
"","Global","FUN_00202ee0","00202ee0","","Global","FUN_006899f0","006899f0","0"
"","Global","FUN_00203030","00203030","","Global","FUN_00689b40","00689b40","0"
"","Global","FUN_002030f0","002030f0","","Global","FUN_00689c00","00689c00","0"
"","Global","FUN_00203160","00203160","","Global","FUN_00689c70","00689c70","0"
"","Global","FUN_002031a0","002031a0","","Global","FUN_00689cb0","00689cb0","0"
"","Global","FUN_002032d0","002032d0","","Global","FUN_00689de0","00689de0","0"
"","Global","FUN_00203400","00203400","","Global","FUN_00689f10","00689f10","0"
"","Global","FUN_00203490","00203490","","Global","FUN_00689fa0","00689fa0","0"
"","Global","FUN_00203520","00203520","","Global","FUN_0068a030","0068a030","0"
"","Global","FUN_00203560","00203560","","Global","FUN_0068a070","0068a070","0"
"","Global","FUN_002035d0","002035d0","","Global","FUN_0068a0e0","0068a0e0","0"
"","Global","FUN_002036b0","002036b0","","Global","FUN_0068a1c0","0068a1c0","0"
"","Global","FUN_002037b0","002037b0","","Global","FUN_0068a2c0","0068a2c0","0"
"","Global","FUN_002037f0","002037f0","","Global","FUN_0068a300","0068a300","0"
"","Global","FUN_00203830","00203830","","Global","FUN_0068a340","0068a340","0"
"","Global","FUN_00203880","00203880","","Global","FUN_0068a390","0068a390","0"
"","Global","FUN_00203a90","00203a90","","Global","FUN_0068a5a0","0068a5a0","0"
"","Global","FUN_00203bd0","00203bd0","","Global","FUN_0068a6e0","0068a6e0","0"
"","Global","FUN_00203cc0","00203cc0","","Global","FUN_0068a7d0","0068a7d0","0"
"","Global","FUN_00203f10","00203f10","","Global","FUN_0068aa20","0068aa20","0"
"","Global","FUN_00203fa0","00203fa0","","Global","FUN_0068aab0","0068aab0","0"
"","Global","FUN_00204020","00204020","","Global","FUN_0068ab30","0068ab30","0"
"","Global","FUN_002041e0","002041e0","","Global","FUN_0068acf0","0068acf0","0"
"","Global","FUN_002042b0","002042b0","","Global","FUN_0068adc0","0068adc0","0"
"","Global","FUN_00204360","00204360","","Global","FUN_0068ae70","0068ae70","0"
"","Global","FUN_00205420","00205420","","Global","FUN_0068bf30","0068bf30","0"
"","Global","FUN_002054a0","002054a0","","Global","FUN_0068bfb0","0068bfb0","0"
"","Global","FUN_002055c0","002055c0","","Global","FUN_0068c0d0","0068c0d0","0"
"","Global","FUN_00205660","00205660","","Global","FUN_0068c170","0068c170","0"
"","Global","FUN_00205730","00205730","","Global","FUN_0068c240","0068c240","0"
"","Global","FUN_00205870","00205870","","Global","FUN_0068c380","0068c380","0"
"","Global","FUN_00205890","00205890","","Global","FUN_0068c3a0","0068c3a0","0"
"","Global","FUN_002058b0","002058b0","","Global","FUN_0068c3c0","0068c3c0","0"
"","Global","FUN_002058e0","002058e0","","Global","FUN_0068c3f0","0068c3f0","0"
"","Global","FUN_002065e0","002065e0","","Global","FUN_0068d0f0","0068d0f0","0"
"","Global","FUN_00206660","00206660","","Global","FUN_0068d170","0068d170","0"
"","Global","FUN_00206900","00206900","","Global","FUN_0068d410","0068d410","0"
"","Global","FUN_00206e50","00206e50","","Global","FUN_0068d960","0068d960","0"
"","Global","FUN_00206ef0","00206ef0","","Global","FUN_0068da00","0068da00","0"
"","Global","FUN_00207440","00207440","","Global","FUN_0068df50","0068df50","0"
"","Global","FUN_00207800","00207800","","Global","FUN_0068e310","0068e310","0"
"","Global","FUN_00207880","00207880","","Global","FUN_0068e390","0068e390","0"
"","Global","FUN_00207900","00207900","","Global","FUN_0068e410","0068e410","0"
"","Global","FUN_00207990","00207990","","Global","FUN_0068e4a0","0068e4a0","0"
"","Global","FUN_00207a00","00207a00","","Global","FUN_0068e510","0068e510","0"
"","Global","FUN_00207a90","00207a90","","Global","FUN_0068e5a0","0068e5a0","0"
"","Global","FUN_00207bc0","00207bc0","","Global","FUN_00490d40","00490d40","0"
"","Global","FUN_00207c20","00207c20","","Global","FUN_00490da0","00490da0","0"
"","Global","FUN_00207c40","00207c40","","Global","FUN_00490dc0","00490dc0","0"
"","Global","FUN_00207d50","00207d50","","Global","FUN_00490fa0","00490fa0","0"
"","Global","FUN_00207d80","00207d80","","Global","FUN_00490fd0","00490fd0","0"
"","Global","FUN_00207dc0","00207dc0","","Global","FUN_00491010","00491010","0"
"","Global","FUN_00207e00","00207e00","","Global","FUN_00491050","00491050","0"
"","Global","FUN_00207f20","00207f20","","Global","FUN_00491170","00491170","0"
"","Global","FUN_00207f40","00207f40","","Global","FUN_004911a0","004911a0","0"
"","Global","FUN_00208090","00208090","","Global","FUN_004912f0","004912f0","0"
"","Global","FUN_002080e0","002080e0","","Global","FUN_00491340","00491340","0"
"","Global","FUN_00208120","00208120","","Global","FUN_00491380","00491380","0"
"","Global","FUN_00208160","00208160","","Global","FUN_004913c0","004913c0","0"
"","Global","FUN_00208220","00208220","","Global","FUN_00658030","00658030","0"
"","Global","FUN_00208270","00208270","","Global","FUN_00658080","00658080","0"
"","Global","FUN_002082e0","002082e0","","Global","FUN_006580f0","006580f0","0"
"","Global","FUN_002090b0","002090b0","","Global","FUN_00658ec0","00658ec0","0"
"","Global","FUN_0020a340","0020a340","","Global","FUN_0065a150","0065a150","0"
"","Global","FUN_0020a750","0020a750","","Global","FUN_0065a560","0065a560","0"
"","Global","FUN_0020ab70","0020ab70","","Global","FUN_0065a980","0065a980","0"
"","Global","FUN_0020aba0","0020aba0","","Global","FUN_0065a9b0","0065a9b0","0"
"","Global","FUN_0020ac00","0020ac00","","Global","FUN_0065aa10","0065aa10","0"
"","Global","FUN_0020ac50","0020ac50","","Global","FUN_0065aa60","0065aa60","0"
"","Global","FUN_0020ad00","0020ad00","","Global","FUN_0065ab10","0065ab10","0"
"","Global","FUN_0020ae50","0020ae50","","Global","FUN_0065ac60","0065ac60","0"
"","Global","FUN_0020ae90","0020ae90","","Global","FUN_0065aca0","0065aca0","0"
"","Global","FUN_0020aeb0","0020aeb0","","Global","FUN_0065acc0","0065acc0","0"
"","Global","FUN_0020afc0","0020afc0","","Global","FUN_0065add0","0065add0","0"
"","Global","FUN_0020b0f0","0020b0f0","","Global","FUN_0065af00","0065af00","0"
"","Global","FUN_0020b1f0","0020b1f0","","Global","FUN_0065b000","0065b000","0"
"","Global","FUN_0020b310","0020b310","","Global","FUN_0065b120","0065b120","0"
"","Global","FUN_0020b420","0020b420","","Global","FUN_0065b230","0065b230","0"
"","Global","FUN_0020b550","0020b550","","Global","FUN_0065b360","0065b360","0"
"","Global","FUN_0020b640","0020b640","","Global","FUN_0065b450","0065b450","0"
"","Global","FUN_0020b6f0","0020b6f0","","Global","FUN_0065b500","0065b500","0"
"","Global","FUN_0020b790","0020b790","","Global","FUN_0065b5a0","0065b5a0","0"
"","Global","FUN_0020b870","0020b870","","Global","FUN_0065b680","0065b680","0"
"","Global","FUN_0020b8b0","0020b8b0","","Global","FUN_0065b6c0","0065b6c0","0"
"","Global","FUN_0020b950","0020b950","","Global","FUN_0065b760","0065b760","0"
"","Global","FUN_0020b9f0","0020b9f0","","Global","FUN_0065b800","0065b800","0"
"","Global","FUN_0020bb80","0020bb80","","Global","FUN_0065b990","0065b990","0"
"","Global","FUN_0020bc00","0020bc00","","Global","FUN_0065ba10","0065ba10","0"
"","Global","FUN_0020bd80","0020bd80","","Global","FUN_0065bb90","0065bb90","0"
"","Global","FUN_0020bed0","0020bed0","","Global","FUN_0065bce0","0065bce0","0"
"","Global","FUN_0020bf60","0020bf60","","Global","FUN_0065bd70","0065bd70","0"
"","Global","FUN_0020c030","0020c030","","Global","FUN_0065be40","0065be40","0"
"","Global","FUN_0020c390","0020c390","","Global","FUN_0065c1a0","0065c1a0","0"
"","Global","FUN_0020c830","0020c830","","Global","FUN_0065c640","0065c640","0"
"","Global","FUN_0020c8b0","0020c8b0","","Global","FUN_0065c6c0","0065c6c0","0"
"","Global","FUN_0020ca10","0020ca10","","Global","FUN_0065c820","0065c820","0"
"","Global","FUN_0020ca70","0020ca70","","Global","FUN_0065c880","0065c880","0"
"","Global","FUN_0020cac0","0020cac0","","Global","FUN_0065c8d0","0065c8d0","0"
"","Global","FUN_0020cb70","0020cb70","","Global","FUN_0065c980","0065c980","0"
"","Global","FUN_0020cc20","0020cc20","","Global","FUN_0065ca30","0065ca30","0"
"","Global","FUN_0020cd50","0020cd50","","Global","FUN_0065cb60","0065cb60","0"
"","Global","FUN_0020ce70","0020ce70","","Global","FUN_0065cc80","0065cc80","0"
"","Global","FUN_0020cf40","0020cf40","","Global","FUN_0065cd50","0065cd50","0"
"","Global","FUN_0020d080","0020d080","","Global","FUN_0065ce90","0065ce90","0"
"","Global","FUN_0020d370","0020d370","","Global","FUN_0065d180","0065d180","0"
"","Global","FUN_0020d5d0","0020d5d0","","Global","FUN_0065d3e0","0065d3e0","0"
"","Global","FUN_0020d710","0020d710","","Global","FUN_0065d520","0065d520","0"
"","Global","FUN_0020d770","0020d770","","Global","FUN_0065d580","0065d580","0"
"","Global","FUN_0020d7b0","0020d7b0","","Global","FUN_0065d5c0","0065d5c0","0"
"","Global","FUN_0020d810","0020d810","","Global","FUN_0065d620","0065d620","0"
"","Global","FUN_0020d960","0020d960","","Global","FUN_0065d770","0065d770","0"
"","Global","FUN_0020dac0","0020dac0","","Global","FUN_0065d8d0","0065d8d0","0"
"","Global","FUN_0020db20","0020db20","","Global","FUN_0065d930","0065d930","0"
"","Global","FUN_0020db70","0020db70","","Global","FUN_0065d980","0065d980","0"
"","Global","FUN_0020dc30","0020dc30","","Global","FUN_0065da40","0065da40","0"
"","Global","FUN_0020dc60","0020dc60","","Global","FUN_0065da70","0065da70","0"
"","Global","FUN_0020dd40","0020dd40","","Global","FUN_0065db50","0065db50","0"
"","Global","FUN_0020dd90","0020dd90","","Global","FUN_0065dba0","0065dba0","0"
"","Global","FUN_0020ddb0","0020ddb0","","Global","FUN_0065dbc0","0065dbc0","0"
"","Global","FUN_0020de00","0020de00","","Global","FUN_0065dc10","0065dc10","0"
"","Global","FUN_0020de30","0020de30","","Global","FUN_0065dc40","0065dc40","0"
"","Global","FUN_0020de70","0020de70","","Global","FUN_0065dc80","0065dc80","0"
"","Global","FUN_0020df30","0020df30","","Global","FUN_0065dd40","0065dd40","0"
"","Global","FUN_0020e040","0020e040","","Global","FUN_0065de50","0065de50","0"
"","Global","FUN_0020e0a0","0020e0a0","","Global","FUN_0065deb0","0065deb0","0"
"","Global","FUN_0020e0e0","0020e0e0","","Global","FUN_0065def0","0065def0","0"
"","Global","FUN_0020e130","0020e130","","Global","FUN_0065df40","0065df40","0"
"","Global","FUN_0020e160","0020e160","","Global","FUN_0065df70","0065df70","0"
"","Global","FUN_0020e220","0020e220","","Global","FUN_0065e030","0065e030","0"
"","Global","FUN_0020e2a0","0020e2a0","","Global","FUN_0065e0b0","0065e0b0","0"
"","Global","FUN_0020e340","0020e340","","Global","FUN_0065e150","0065e150","0"
"","Global","FUN_0020e360","0020e360","","Global","FUN_0065e170","0065e170","0"
"","Global","FUN_0020e390","0020e390","","Global","FUN_0065e1a0","0065e1a0","0"
"","Global","FUN_0020e610","0020e610","","Global","FUN_0065e420","0065e420","0"
"","Global","FUN_0020e670","0020e670","","Global","FUN_0065e480","0065e480","0"
"","Global","FUN_0020e6b0","0020e6b0","","Global","FUN_0065e4c0","0065e4c0","0"
"","Global","FUN_0020e700","0020e700","","Global","FUN_0065e510","0065e510","0"
"","Global","FUN_0020e730","0020e730","","Global","FUN_0065e540","0065e540","0"
"","Global","FUN_0020e7b0","0020e7b0","","Global","FUN_0065e5c0","0065e5c0","0"
"","Global","FUN_0020ecf0","0020ecf0","","Global","FUN_0068fb50","0068fb50","0"
"","Global","FUN_0020ed80","0020ed80","","Global","FUN_0068fbe0","0068fbe0","0"
"","Global","FUN_0020ee20","0020ee20","","Global","FUN_0068fc80","0068fc80","0"
"","Global","FUN_0020ee50","0020ee50","","Global","FUN_0068fcb0","0068fcb0","0"
"","Global","FUN_0020ee60","0020ee60","","Global","FUN_0068fcc0","0068fcc0","0"
"","Global","FUN_0020eef0","0020eef0","","Global","FUN_0068fd50","0068fd50","0"
"","Global","FUN_0020f050","0020f050","","Global","FUN_006a0610","006a0610","0"
"","Global","FUN_0020f0c0","0020f0c0","","Global","FUN_006a0680","006a0680","0"
"","Global","FUN_0020f100","0020f100","","Global","FUN_006a06c0","006a06c0","0"
"","Global","FUN_0020f140","0020f140","","Global","FUN_006a0700","006a0700","0"
"","Global","FUN_0020f440","0020f440","","Global","FUN_006a0a00","006a0a00","0"
"","Global","FUN_0020f510","0020f510","","Global","FUN_006a0ad0","006a0ad0","0"
"","Global","FUN_0020f580","0020f580","","Global","FUN_006a0b40","006a0b40","0"
"","Global","FUN_0020f880","0020f880","","Global","FUN_006a0e40","006a0e40","0"
"","Global","FUN_0020f8a0","0020f8a0","","Global","FUN_006a0e60","006a0e60","0"
"","Global","FUN_0020f8e0","0020f8e0","","Global","FUN_006a0ea0","006a0ea0","0"
"","Global","FUN_0020f9b0","0020f9b0","","Global","FUN_006a0f70","006a0f70","0"
"","Global","FUN_0020f9e0","0020f9e0","","Global","FUN_006a0fa0","006a0fa0","0"
"","Global","FUN_0020fae0","0020fae0","","Global","FUN_006a10a0","006a10a0","0"
"","Global","FUN_0020fb00","0020fb00","","Global","FUN_006a10c0","006a10c0","0"
"","Global","FUN_0020fca0","0020fca0","","Global","FUN_006a1260","006a1260","0"
"","Global","FUN_0020fd50","0020fd50","","Global","FUN_006a1310","006a1310","0"
"","Global","FUN_0020ff00","0020ff00","","Global","FUN_006a5250","006a5250","0"
"","Global","FUN_0020ffb0","0020ffb0","","Global","FUN_006a5300","006a5300","0"
"","Global","Catch_All@00210028","00210028","","Global","Catch_All@006a5378","006a5378","0"
"","Global","FUN_00210190","00210190","","Global","FUN_006a54e0","006a54e0","0"
"","Global","FUN_00210210","00210210","","Global","FUN_006a5560","006a5560","0"
"","Global","FUN_00210380","00210380","","Global","FUN_006a56d0","006a56d0","0"
"","Global","FUN_00210430","00210430","","Global","FUN_006a5780","006a5780","0"
"","Global","FUN_00210630","00210630","","Global","FUN_006a5980","006a5980","0"
"","Global","FUN_00210b00","00210b00","","Global","FUN_006a5e50","006a5e50","0"
"","Global","FUN_00210d50","00210d50","","Global","FUN_006a60a0","006a60a0","0"
"","Global","FUN_00210dc0","00210dc0","","Global","FUN_006a6110","006a6110","0"
"","Global","FUN_00210e50","00210e50","","Global","FUN_006a61a0","006a61a0","0"
"","Global","FUN_00210e90","00210e90","","Global","FUN_006a61e0","006a61e0","0"
"","Global","FUN_002111b0","002111b0","","Global","FUN_006a6500","006a6500","0"
"","Global","FUN_002111f0","002111f0","","Global","FUN_006a6540","006a6540","0"
"","Global","FUN_00211230","00211230","","Global","FUN_006a6580","006a6580","0"
"","Global","FUN_00211260","00211260","","Global","FUN_006a65b0","006a65b0","0"
"","Global","FUN_00211290","00211290","","Global","FUN_006a65e0","006a65e0","0"
"","Global","FUN_00211bc0","00211bc0","","Global","FUN_006a6f10","006a6f10","0"
"","Global","FUN_00211c50","00211c50","","Global","FUN_006a6fa0","006a6fa0","0"
"","Global","FUN_00211dd0","00211dd0","","Global","FUN_006a7120","006a7120","0"
"","Global","FUN_00211ed0","00211ed0","","Global","FUN_006a7220","006a7220","0"
"","Global","FUN_002121b0","002121b0","","Global","FUN_006a7500","006a7500","0"
"","Global","FUN_00212290","00212290","","Global","FUN_006a75e0","006a75e0","0"
"","Global","FUN_002124c0","002124c0","","Global","FUN_006a7810","006a7810","0"
"","Global","FUN_00212650","00212650","","Global","FUN_006a79a0","006a79a0","0"
"","Global","FUN_00212850","00212850","","Global","FUN_006a7ba0","006a7ba0","0"
"","Global","FUN_002129c0","002129c0","","Global","FUN_006a7d10","006a7d10","0"
"","Global","FUN_00212d60","00212d60","","Global","FUN_006a80b0","006a80b0","0"
"","Global","FUN_00212de0","00212de0","","Global","FUN_006a8130","006a8130","0"
"","Global","FUN_00212f10","00212f10","","Global","FUN_006a8260","006a8260","0"
"","Global","FUN_00212f40","00212f40","","Global","FUN_006a8290","006a8290","0"
"","Global","FUN_002130a0","002130a0","","Global","FUN_006a83f0","006a83f0","0"
"","Global","FUN_00213160","00213160","","Global","FUN_006a84b0","006a84b0","0"
"","Global","FUN_00213250","00213250","","Global","FUN_006a85a0","006a85a0","0"
"","Global","FUN_00213290","00213290","","Global","FUN_006a85e0","006a85e0","0"
"","Global","FUN_00213390","00213390","","Global","FUN_006a86e0","006a86e0","0"
"","Global","FUN_00213480","00213480","","Global","FUN_006a87d0","006a87d0","0"
"","Global","FUN_002135a0","002135a0","","Global","FUN_006a88f0","006a88f0","0"
"","Global","FUN_00213700","00213700","","Global","FUN_006a8a50","006a8a50","0"
"","Global","FUN_00213800","00213800","","Global","FUN_006a8b50","006a8b50","0"
"","Global","FUN_00213960","00213960","","Global","FUN_006a8cb0","006a8cb0","0"
"","Global","FUN_00213ab0","00213ab0","","Global","FUN_006a8e00","006a8e00","0"
"","Global","FUN_00213af0","00213af0","","Global","FUN_006a8e40","006a8e40","0"
"","Global","FUN_00213b70","00213b70","","Global","FUN_006a8ec0","006a8ec0","0"
"","Global","FUN_00213c00","00213c00","","Global","FUN_006a8f50","006a8f50","0"
"","Global","FUN_00213c80","00213c80","","Global","FUN_006a8fd0","006a8fd0","0"
"","Global","FUN_00213d90","00213d90","","Global","FUN_0056de90","0056de90","0"
"","Global","FUN_00213e40","00213e40","","Global","FUN_0056df40","0056df40","0"
"","Global","FUN_00213e60","00213e60","","Global","FUN_0056df60","0056df60","0"
"","Global","FUN_00213e80","00213e80","","Global","FUN_0056df80","0056df80","0"
"","Global","FUN_00213eb0","00213eb0","","Global","FUN_0056dfb0","0056dfb0","0"
"","Global","FUN_00213f00","00213f00","","Global","FUN_0056e000","0056e000","0"
"","Global","FUN_00213fc0","00213fc0","","Global","FUN_0056e0c0","0056e0c0","0"
"","Global","FUN_00214010","00214010","","Global","FUN_0056e140","0056e140","0"
"","Global","FUN_00214110","00214110","","Global","FUN_0056e240","0056e240","0"
"","Global","FUN_00214180","00214180","","Global","FUN_0056e2b0","0056e2b0","0"
"","Global","FUN_00214220","00214220","","Global","FUN_0056e360","0056e360","0"
"","Global","FUN_002143a0","002143a0","","Global","FUN_0056e540","0056e540","0"
"","Global","FUN_00214480","00214480","","Global","FUN_0056e630","0056e630","0"
"","Global","FUN_002144f0","002144f0","","Global","FUN_0056e6a0","0056e6a0","0"
"","Global","FUN_00214610","00214610","","Global","FUN_0056e7c0","0056e7c0","0"
"","Global","FUN_00214700","00214700","","Global","FUN_0056e8b0","0056e8b0","0"
"","Global","FUN_00214720","00214720","","Global","FUN_0056e8d0","0056e8d0","0"
"","Global","FUN_00214770","00214770","","Global","FUN_0056e920","0056e920","0"
"","Global","FUN_002147b0","002147b0","","Global","FUN_0056e960","0056e960","0"
"","Global","FUN_00214800","00214800","","Global","FUN_0056e9b0","0056e9b0","0"
"","Global","FUN_002148d0","002148d0","","Global","FUN_0056ea80","0056ea80","0"
"","Global","FUN_00214b00","00214b00","","Global","FUN_0056ecb0","0056ecb0","0"
"","Global","FUN_00214b70","00214b70","","Global","FUN_0056ed20","0056ed20","0"
"","Global","FUN_00214c00","00214c00","","Global","FUN_0056edb0","0056edb0","0"
"","Global","FUN_00215140","00215140","","Global","FUN_0056f2f0","0056f2f0","0"
"","Global","FUN_002151f0","002151f0","","Global","FUN_0056f3a0","0056f3a0","0"
"","Global","FUN_00215210","00215210","","Global","FUN_0056f3c0","0056f3c0","0"
"","Global","FUN_002152a0","002152a0","","Global","FUN_0056f450","0056f450","0"
"","Global","FUN_002152f0","002152f0","","Global","FUN_0056f4a0","0056f4a0","0"
"","Global","FUN_00215500","00215500","","Global","FUN_0056f6b0","0056f6b0","0"
"","Global","FUN_00215550","00215550","","Global","FUN_0056f700","0056f700","0"
"","Global","FUN_00215ac0","00215ac0","","Global","FUN_0056fc70","0056fc70","0"
"","Global","FUN_00215b20","00215b20","","Global","FUN_0056fcd0","0056fcd0","0"
"","Global","FUN_00215c50","00215c50","","Global","FUN_0056fe00","0056fe00","0"
"","Global","FUN_00215d00","00215d00","","Global","FUN_0056feb0","0056feb0","0"
"","Global","FUN_00215de0","00215de0","","Global","FUN_0056ff90","0056ff90","0"
"","Global","FUN_00215ea0","00215ea0","","Global","FUN_00570070","00570070","0"
"","Global","FUN_00215f40","00215f40","","Global","FUN_00570110","00570110","0"
"","Global","FUN_00216010","00216010","","Global","FUN_005701e0","005701e0","0"
"","Global","FUN_00216150","00216150","","Global","FUN_006a90c0","006a90c0","0"
"","Global","FUN_002161a0","002161a0","","Global","FUN_006a9110","006a9110","0"
"","Global","FUN_002161e0","002161e0","","Global","FUN_006a9150","006a9150","0"
"","Global","FUN_00216310","00216310","","Global","FUN_006a9280","006a9280","0"
"","Global","FUN_00216330","00216330","","Global","FUN_006a92a0","006a92a0","0"
"","Global","FUN_002166b0","002166b0","","Global","FUN_006a9620","006a9620","0"
"","Global","FUN_002166f0","002166f0","","Global","FUN_006a9660","006a9660","0"
"","Global","FUN_00216740","00216740","","Global","FUN_006a96b0","006a96b0","0"
"","Global","FUN_002167a0","002167a0","","Global","FUN_006a9710","006a9710","0"
"","Global","FUN_00216870","00216870","","Global","FUN_006a97e0","006a97e0","0"
"","Global","FUN_002168a0","002168a0","","Global","FUN_006a9810","006a9810","0"
"","Global","FUN_00216930","00216930","","Global","FUN_006a98a0","006a98a0","0"
"","Global","FUN_002169e0","002169e0","","Global","FUN_006a9950","006a9950","0"
"","Global","FUN_00216a20","00216a20","","Global","FUN_006a9990","006a9990","0"
"","Global","FUN_00216a40","00216a40","","Global","FUN_006a99b0","006a99b0","0"
"","Global","FUN_00216a70","00216a70","","Global","FUN_006a99e0","006a99e0","0"
"","Global","FUN_00216ab0","00216ab0","","Global","FUN_006a9a20","006a9a20","0"
"","Global","FUN_00216cb0","00216cb0","","Global","FUN_006a9c20","006a9c20","0"
"","Global","FUN_00216d10","00216d10","","Global","FUN_006a9c80","006a9c80","0"
"","Global","FUN_00216d50","00216d50","","Global","FUN_006a9cc0","006a9cc0","0"
"","Global","FUN_00216d60","00216d60","","Global","FUN_006a9cd0","006a9cd0","0"
"","Global","FUN_00216dc0","00216dc0","","Global","FUN_006a9d30","006a9d30","0"
"","Global","FUN_00216ee0","00216ee0","","Global","FUN_005560f0","005560f0","0"
"","Global","FUN_00216fd0","00216fd0","","Global","FUN_005561e0","005561e0","0"
"","Global","FUN_00217170","00217170","","Global","FUN_00556380","00556380","0"
"","Global","FUN_00217210","00217210","","Global","FUN_00556420","00556420","0"
"","Global","FUN_00217260","00217260","","Global","FUN_00556470","00556470","0"
"","Global","FUN_00217320","00217320","","Global","FUN_00556530","00556530","0"
"","Global","FUN_00217350","00217350","","Global","FUN_00556560","00556560","0"
"","Global","FUN_002174b0","002174b0","","Global","FUN_005566e0","005566e0","0"
"","Global","FUN_00217e40","00217e40","","Global","FUN_006aa710","006aa710","0"
"","Global","FUN_00217f30","00217f30","","Global","FUN_006aa800","006aa800","0"
"","Global","FUN_00218130","00218130","","Global","FUN_006aaa00","006aaa00","0"
"","Global","FUN_00218150","00218150","","Global","FUN_006aaa20","006aaa20","0"
"","Global","FUN_00218330","00218330","","Global","FUN_006aac00","006aac00","0"
"","Global","FUN_00218490","00218490","","Global","FUN_006aad60","006aad60","0"
"","Global","FUN_002185a0","002185a0","","Global","FUN_006aae70","006aae70","0"
"","Global","FUN_002185f0","002185f0","","Global","FUN_006aaec0","006aaec0","0"
"","Global","FUN_00218600","00218600","","Global","FUN_006aaed0","006aaed0","0"
"","Global","FUN_00218630","00218630","","Global","FUN_006aaf00","006aaf00","0"
"","Global","FUN_00218670","00218670","","Global","FUN_006aaf40","006aaf40","0"
"","Global","FUN_002186b0","002186b0","","Global","FUN_006aaf80","006aaf80","0"
"","Global","FUN_002186f0","002186f0","","Global","FUN_006aafc0","006aafc0","0"
"","Global","FUN_002187b0","002187b0","","Global","FUN_006ab080","006ab080","0"
"","Global","FUN_00218800","00218800","","Global","FUN_006ab0d0","006ab0d0","0"
"","Global","FUN_00218850","00218850","","Global","FUN_006ab120","006ab120","0"
"","Global","FUN_00218990","00218990","","Global","FUN_006ab260","006ab260","0"
"","Global","FUN_00218c20","00218c20","","Global","FUN_006ab4f0","006ab4f0","0"
"","Global","FUN_00218c70","00218c70","","Global","FUN_006ab540","006ab540","0"
"","Global","FUN_00218cc0","00218cc0","","Global","FUN_006ab590","006ab590","0"
"","Global","FUN_00218da0","00218da0","","Global","FUN_006ab670","006ab670","0"
"","Global","FUN_00218f20","00218f20","","Global","FUN_006ab7f0","006ab7f0","0"
"","Global","FUN_00218f30","00218f30","","Global","FUN_006ab800","006ab800","0"
"","Global","FUN_00219270","00219270","","Global","FUN_006abb20","006abb20","0"
"","Global","FUN_00219400","00219400","","Global","FUN_006abcb0","006abcb0","0"
"","Global","FUN_002196e0","002196e0","","Global","FUN_006abf90","006abf90","0"
"","Global","FUN_002198e0","002198e0","","Global","FUN_006ac190","006ac190","0"
"","Global","FUN_00219980","00219980","","Global","FUN_006ac230","006ac230","0"
"","Global","FUN_00219e90","00219e90","","Global","FUN_006ac740","006ac740","0"
"","Global","FUN_0021a1f0","0021a1f0","","Global","FUN_006acaa0","006acaa0","0"
"","Global","FUN_0021a2a0","0021a2a0","","Global","FUN_006acb50","006acb50","0"
"","Global","FUN_0021a690","0021a690","","Global","FUN_00657de0","00657de0","0"
"","Global","FUN_0021a770","0021a770","","Global","FUN_00657ec0","00657ec0","0"
"","Global","FUN_0021a860","0021a860","","Global","FUN_00629c70","00629c70","0"
"","Global","FUN_0021a960","0021a960","","Global","FUN_00629d70","00629d70","0"
"","Global","FUN_0021a9b0","0021a9b0","","Global","FUN_00629dc0","00629dc0","0"
"","Global","FUN_0021a9d0","0021a9d0","","Global","FUN_00629de0","00629de0","0"
"","Global","FUN_0021aa10","0021aa10","","Global","FUN_00629e20","00629e20","0"
"","Global","FUN_0021aa50","0021aa50","","Global","FUN_00629e60","00629e60","0"
"","Global","FUN_0021aa60","0021aa60","","Global","FUN_00629e70","00629e70","0"
"","Global","FUN_0021aa90","0021aa90","","Global","FUN_00629ea0","00629ea0","0"
"","Global","FUN_0021ac30","0021ac30","","Global","FUN_0062a040","0062a040","0"
"","Global","FUN_0021acb0","0021acb0","","Global","FUN_0062a0c0","0062a0c0","0"
"","Global","FUN_0021acc0","0021acc0","","Global","FUN_0062a0d0","0062a0d0","0"
"","Global","FUN_0021acf0","0021acf0","","Global","FUN_0062a100","0062a100","0"
"","Global","FUN_0021ad70","0021ad70","","Global","FUN_00541900","00541900","0"
"","Global","FUN_0021add0","0021add0","","Global","FUN_00541960","00541960","0"
"","Global","FUN_0021af40","0021af40","","Global","FUN_00541ad0","00541ad0","0"
"","Global","FUN_0021afa0","0021afa0","","Global","FUN_00541b30","00541b30","0"
"","Global","FUN_0021b030","0021b030","","Global","FUN_00541bc0","00541bc0","0"
"","Global","FUN_0021b160","0021b160","","Global","FUN_00541cf0","00541cf0","0"
"","Global","FUN_0021b1d0","0021b1d0","","Global","FUN_00541d60","00541d60","0"
"","Global","FUN_0021b270","0021b270","","Global","FUN_00541e00","00541e00","0"
"2","ATL","AtlGetStringResourceImage","0021b2e0","2","ATL","AtlGetStringResourceImage","00034350","0"
"","Global","FUN_0021b310","0021b310","","Global","FUN_00541e70","00541e70","0"
"","Global","FUN_0021b330","0021b330","","Global","FUN_00541e90","00541e90","0"
"","Global","FUN_0021b380","0021b380","","Global","FUN_00541ee0","00541ee0","0"
"","Global","FUN_0021b3c0","0021b3c0","","Global","FUN_00035780","00035780","0"
"","Global","FUN_0021b430","0021b430","","Global","FUN_00541f20","00541f20","0"
"","Global","FUN_0021b4a0","0021b4a0","","Global","FUN_00541f90","00541f90","0"
"","Global","FUN_0021b500","0021b500","","Global","FUN_00541ff0","00541ff0","0"
"","Global","FUN_0021b530","0021b530","","Global","FUN_00542020","00542020","0"
"","Global","FUN_0021b590","0021b590","","Global","FUN_00542080","00542080","0"
"","Global","FUN_0021b620","0021b620","","Global","FUN_00542110","00542110","0"
"","Global","FUN_0021b690","0021b690","","Global","FUN_00542180","00542180","0"
"","Global","FUN_0021b740","0021b740","","Global","FUN_00542230","00542230","0"
"","Global","FUN_0021b7e0","0021b7e0","","Global","FUN_005422d0","005422d0","0"
"","Global","FUN_0021b8d0","0021b8d0","","Global","FUN_005423c0","005423c0","0"
"","Global","FUN_0021ba10","0021ba10","","Global","FUN_00542500","00542500","0"
"","Global","FUN_0021ba60","0021ba60","","Global","FUN_00542550","00542550","0"
"","Global","FUN_0021ba80","0021ba80","","Global","FUN_00542570","00542570","0"
"","Global","FUN_0021bdc0","0021bdc0","","Global","FUN_005428b0","005428b0","0"
"","Global","FUN_0021bdd0","0021bdd0","","Global","FUN_005428c0","005428c0","0"
"","Global","FUN_0021be40","0021be40","","Global","FUN_00542930","00542930","0"
"","Global","FUN_0021bf10","0021bf10","","Global","FUN_00542a00","00542a00","0"
"","Global","FUN_0021c0a0","0021c0a0","","Global","FUN_00542b90","00542b90","0"
"","Global","FUN_0021c150","0021c150","","Global","FUN_00542c40","00542c40","0"
"","Global","FUN_0021c220","0021c220","","Global","FUN_00542d10","00542d10","0"
"","Global","FUN_0021c270","0021c270","","Global","FUN_00542d60","00542d60","0"
"","Global","FUN_0021c2c0","0021c2c0","","Global","FUN_00542db0","00542db0","0"
"","Global","FUN_0021c3a0","0021c3a0","","Global","FUN_00542e90","00542e90","0"
"","Global","FUN_0021c400","0021c400","","Global","FUN_0068fe20","0068fe20","0"
"","Global","FUN_0021c610","0021c610","","Global","FUN_00690030","00690030","0"
"","Global","FUN_0021c870","0021c870","","Global","FUN_00690290","00690290","0"
"","Global","FUN_0021c890","0021c890","","Global","FUN_006902b0","006902b0","0"
"","Global","FUN_0021ca20","0021ca20","","Global","FUN_006ad050","006ad050","0"
"","Global","FUN_0021cab0","0021cab0","","Global","FUN_006ad0e0","006ad0e0","0"
"","Global","FUN_0021cc60","0021cc60","","Global","FUN_006ad290","006ad290","0"
"","Global","FUN_0021cc80","0021cc80","","Global","FUN_006ad2b0","006ad2b0","0"
"","Global","FUN_0021cce0","0021cce0","","Global","FUN_006ad310","006ad310","0"
"","Global","FUN_0021cd10","0021cd10","","Global","FUN_006ad340","006ad340","0"
"","Global","FUN_0021cd40","0021cd40","","Global","FUN_006ad370","006ad370","0"
"","Global","FUN_0021cdd0","0021cdd0","","Global","FUN_006ad400","006ad400","0"
"","Global","FUN_0021ce40","0021ce40","","Global","FUN_006ad470","006ad470","0"
"","Global","FUN_0021ce60","0021ce60","","Global","FUN_006ad490","006ad490","0"
"","Global","FUN_0021cf20","0021cf20","","Global","FUN_006ad550","006ad550","0"
"","Global","FUN_0021d030","0021d030","","Global","FUN_006ad660","006ad660","0"
"","Global","FUN_0021d0b0","0021d0b0","","Global","FUN_006ad6e0","006ad6e0","0"
"","Global","FUN_0021d140","0021d140","","Global","FUN_00656f70","00656f70","0"
"","Global","FUN_0021d210","0021d210","","Global","FUN_00657040","00657040","0"
"","Global","FUN_0021d3f0","0021d3f0","","Global","FUN_00657220","00657220","0"
"","Global","FUN_0021d430","0021d430","","Global","FUN_00657260","00657260","0"
"","Global","FUN_0021d460","0021d460","","Global","FUN_00657290","00657290","0"
"","Global","FUN_0021d670","0021d670","","Global","FUN_006574a0","006574a0","0"
"","Global","FUN_0021d6e0","0021d6e0","","Global","FUN_00657510","00657510","0"
"","Global","FUN_0021d730","0021d730","","Global","FUN_00657560","00657560","0"
"","Global","FUN_0021d910","0021d910","","Global","FUN_00657740","00657740","0"
"","Global","FUN_0021d9c0","0021d9c0","","Global","FUN_006577f0","006577f0","0"
"","Global","FUN_0021dac0","0021dac0","","Global","FUN_006578f0","006578f0","0"
"","Global","FUN_0021de30","0021de30","","Global","FUN_00657c60","00657c60","0"
"","Global","FUN_0021dec0","0021dec0","","Global","FUN_00657cf0","00657cf0","0"
"","Global","FUN_0021df10","0021df10","","Global","FUN_00657d40","00657d40","0"
"","Global","FUN_0021df70","0021df70","","Global","FUN_00657da0","00657da0","0"
"","Global","FUN_0021f810","0021f810","","Global","FUN_006af170","006af170","0"
"","Global","FUN_0021fac0","0021fac0","","Global","FUN_006af420","006af420","0"
"","Global","FUN_0021fb60","0021fb60","","Global","FUN_006af4c0","006af4c0","0"
"","Global","FUN_0021fba0","0021fba0","","Global","FUN_006af500","006af500","0"
"","Global","FUN_0021fc20","0021fc20","","Global","FUN_006af580","006af580","0"
"","Global","FUN_0021fcf0","0021fcf0","","Global","FUN_006af650","006af650","0"
"","Global","FUN_0021fd50","0021fd50","","Global","FUN_006af6b0","006af6b0","0"
"","Global","FUN_0021fdd0","0021fdd0","","Global","FUN_006af730","006af730","0"
"","Global","FUN_0021ffb0","0021ffb0","","Global","FUN_006af910","006af910","0"
"","Global","FUN_002200d0","002200d0","","Global","FUN_006afa30","006afa30","0"
"","Global","FUN_002201a0","002201a0","","Global","FUN_006afb00","006afb00","0"
"","Global","FUN_00220320","00220320","","Global","FUN_006afc80","006afc80","0"
"","Global","FUN_00220350","00220350","","Global","FUN_006afcb0","006afcb0","0"
"","Global","FUN_002203b0","002203b0","","Global","FUN_006afd10","006afd10","0"
"","Global","FUN_00220590","00220590","","Global","FUN_006afef0","006afef0","0"
"","Global","FUN_00220780","00220780","","Global","FUN_006b00e0","006b00e0","0"
"","Global","FUN_00220990","00220990","","Global","FUN_006b02f0","006b02f0","0"
"","Global","FUN_00220bc0","00220bc0","","Global","FUN_006b0520","006b0520","0"
"","Global","FUN_00220d80","00220d80","","Global","FUN_006b06e0","006b06e0","0"
"","Global","FUN_00220ee0","00220ee0","","Global","FUN_006b0840","006b0840","0"
"","Global","FUN_00220f60","00220f60","","Global","FUN_006b08c0","006b08c0","0"
"","Global","FUN_00221050","00221050","","Global","FUN_006b09b0","006b09b0","0"
"","Global","FUN_00221130","00221130","","Global","FUN_006b0a90","006b0a90","0"
"","Global","FUN_002211b0","002211b0","","Global","FUN_006b0b10","006b0b10","0"
"","Global","FUN_00221230","00221230","","Global","FUN_006b0b90","006b0b90","0"
"","Global","FUN_002212e0","002212e0","","Global","FUN_006b0c40","006b0c40","0"
"","Global","FUN_00221460","00221460","","Global","FUN_006b0dc0","006b0dc0","0"
"","Global","FUN_002215e0","002215e0","","Global","FUN_006b0f40","006b0f40","0"
"","Global","FUN_00221600","00221600","","Global","FUN_006b0f60","006b0f60","0"
"","Global","FUN_00221c00","00221c00","","Global","FUN_006b1560","006b1560","0"
"","Global","FUN_00221cb0","00221cb0","","Global","FUN_006b1610","006b1610","0"
"","Global","FUN_00221dd0","00221dd0","","Global","FUN_006b1730","006b1730","0"
"","Global","FUN_00221ef0","00221ef0","","Global","FUN_006b1850","006b1850","0"
"","Global","FUN_00221f90","00221f90","","Global","FUN_006b18f0","006b18f0","0"
"","Global","FUN_00222030","00222030","","Global","FUN_006b1990","006b1990","0"
"","Global","FUN_00222050","00222050","","Global","FUN_006b19c0","006b19c0","0"
"","Global","FUN_002227b0","002227b0","","Global","FUN_006b2120","006b2120","0"
"","Global","FUN_00222b60","00222b60","","Global","FUN_006b24d0","006b24d0","0"
"","Global","FUN_00223060","00223060","","Global","FUN_006b29d0","006b29d0","0"
"","Global","FUN_002231f0","002231f0","","Global","FUN_006b2b60","006b2b60","0"
"","Global","FUN_00223220","00223220","","Global","FUN_006b2b90","006b2b90","0"
"","Global","FUN_00223310","00223310","","Global","FUN_006b2c70","006b2c70","0"
"","Global","FUN_00223330","00223330","","Global","FUN_006b2c90","006b2c90","0"
"","Global","FUN_002233a0","002233a0","","Global","FUN_006b2d00","006b2d00","0"
"","Global","FUN_00223420","00223420","","Global","FUN_006b2d80","006b2d80","0"
"","Global","FUN_00223470","00223470","","Global","FUN_006b2dd0","006b2dd0","0"
"","Global","FUN_00223510","00223510","","Global","FUN_006b2e70","006b2e70","0"
"","Global","FUN_00223580","00223580","","Global","FUN_006b2ee0","006b2ee0","0"
"","Global","FUN_002235d0","002235d0","","Global","FUN_006b2f30","006b2f30","0"
"","Global","FUN_00223660","00223660","","Global","FUN_006b2fc0","006b2fc0","0"
"","Global","FUN_00223ba0","00223ba0","","Global","FUN_006b3500","006b3500","0"
"","Global","FUN_00223c90","00223c90","","Global","FUN_006b35f0","006b35f0","0"
"","Global","FUN_00223d50","00223d50","","Global","FUN_006b36b0","006b36b0","0"
"","Global","FUN_00223da0","00223da0","","Global","FUN_006b3700","006b3700","0"
"","Global","FUN_00224020","00224020","","Global","FUN_006b3950","006b3950","0"
"","Global","FUN_002240e0","002240e0","","Global","FUN_006b3a10","006b3a10","0"
"","Global","FUN_00224350","00224350","","Global","FUN_006b3c80","006b3c80","0"
"","Global","FUN_00224410","00224410","","Global","FUN_006b3d40","006b3d40","0"
"","Global","FUN_002244a0","002244a0","","Global","FUN_006b3dd0","006b3dd0","0"
"","Global","FUN_002244f0","002244f0","","Global","FUN_006b3e20","006b3e20","0"
"","Global","FUN_00224890","00224890","","Global","FUN_006b41c0","006b41c0","0"
"","Global","FUN_00224910","00224910","","Global","FUN_006b4240","006b4240","0"
"","Global","FUN_00224d30","00224d30","","Global","FUN_006b4660","006b4660","0"
"","Global","FUN_00224d40","00224d40","","Global","FUN_006b4670","006b4670","0"
"","Global","FUN_00224d70","00224d70","","Global","FUN_006b46a0","006b46a0","0"
"","Global","FUN_00224da0","00224da0","","Global","FUN_006b46d0","006b46d0","0"
"","Global","FUN_00225090","00225090","","Global","FUN_006b49c0","006b49c0","0"
"","Global","FUN_002250e0","002250e0","","Global","FUN_006b4a10","006b4a10","0"
"","Global","FUN_00225130","00225130","","Global","FUN_006b4a60","006b4a60","0"
"","Global","FUN_002255d0","002255d0","","Global","FUN_006b4f00","006b4f00","0"
"","Global","FUN_00225680","00225680","","Global","FUN_006b4fb0","006b4fb0","0"
"","Global","FUN_00225720","00225720","","Global","FUN_006b5050","006b5050","0"
"","Global","FUN_00225770","00225770","","Global","FUN_006b50a0","006b50a0","0"
"","Global","FUN_00225820","00225820","","Global","FUN_006b5150","006b5150","0"
"","Global","FUN_00225c70","00225c70","","Global","FUN_006b55a0","006b55a0","0"
"","Global","FUN_00225ca0","00225ca0","","Global","FUN_006b55d0","006b55d0","0"
"","Global","FUN_00225d10","00225d10","","Global","FUN_006b5640","006b5640","0"
"","Global","FUN_00225dd0","00225dd0","","Global","FUN_006b5700","006b5700","0"
"","Global","FUN_00225ee0","00225ee0","","Global","FUN_006b5810","006b5810","0"
"","Global","FUN_00225f00","00225f00","","Global","FUN_006b5830","006b5830","0"
"","Global","FUN_00226070","00226070","","Global","FUN_006b5990","006b5990","0"
"","Global","FUN_002263e0","002263e0","","Global","FUN_006b5d00","006b5d00","0"
"","Global","FUN_002264b0","002264b0","","Global","FUN_006b5dd0","006b5dd0","0"
"","Global","FUN_002264f0","002264f0","","Global","FUN_006b5e10","006b5e10","0"
"","Global","FUN_00226630","00226630","","Global","FUN_006b5f50","006b5f50","0"
"","Global","FUN_002268e0","002268e0","","Global","FUN_006b6200","006b6200","0"
"","Global","FUN_00226960","00226960","","Global","FUN_006b6280","006b6280","0"
"","Global","FUN_002269b0","002269b0","","Global","FUN_006b62d0","006b62d0","0"
"","Global","FUN_00226a00","00226a00","","Global","FUN_006b6320","006b6320","0"
"","Global","FUN_00226a50","00226a50","","Global","FUN_006b6370","006b6370","0"
"","Global","FUN_00226aa0","00226aa0","","Global","FUN_006b63c0","006b63c0","0"
"","Global","FUN_00226c40","00226c40","","Global","FUN_006b6560","006b6560","0"
"","Global","FUN_00226cb0","00226cb0","","Global","FUN_006b65d0","006b65d0","0"
"","Global","FUN_002270a0","002270a0","","Global","FUN_006b69c0","006b69c0","0"
"","Global","FUN_002270d0","002270d0","","Global","FUN_006b69f0","006b69f0","0"
"","Global","FUN_00227480","00227480","","Global","FUN_006b6da0","006b6da0","0"
"","Global","FUN_00227600","00227600","","Global","FUN_006b6f10","006b6f10","0"
"","Global","FUN_00227650","00227650","","Global","FUN_006b6f60","006b6f60","0"
"","Global","FUN_002276c0","002276c0","","Global","FUN_006b6fd0","006b6fd0","0"
"","Global","FUN_002276e0","002276e0","","Global","FUN_006b6ff0","006b6ff0","0"
"","Global","FUN_002277b0","002277b0","","Global","FUN_006b70c0","006b70c0","0"
"","Global","FUN_002277d0","002277d0","","Global","FUN_006b70e0","006b70e0","0"
"","Global","FUN_00227810","00227810","","Global","FUN_006b7120","006b7120","0"
"","Global","FUN_00227850","00227850","","Global","FUN_006b7160","006b7160","0"
"","Global","FUN_002278b0","002278b0","","Global","FUN_006b71c0","006b71c0","0"
"","Global","FUN_00227940","00227940","","Global","FUN_006b7250","006b7250","0"
"","Global","FUN_00227e10","00227e10","","Global","FUN_006b7720","006b7720","0"
"","Global","FUN_00228170","00228170","","Global","FUN_006b7a80","006b7a80","0"
"","Global","FUN_002282c0","002282c0","","Global","FUN_006b7bb0","006b7bb0","0"
"","Global","FUN_00228320","00228320","","Global","FUN_006b7c00","006b7c00","0"
"","Global","FUN_00228460","00228460","","Global","FUN_006b7d40","006b7d40","0"
"","Global","FUN_00228470","00228470","","Global","FUN_006b7d50","006b7d50","0"
"","Global","FUN_002285b0","002285b0","","Global","FUN_006b7e90","006b7e90","0"
"","Global","FUN_00228840","00228840","","Global","FUN_006b8120","006b8120","0"
"","Global","FUN_002289a0","002289a0","","Global","FUN_006b8280","006b8280","0"
"","Global","FUN_00228a40","00228a40","","Global","FUN_006b8320","006b8320","0"
"","Global","FUN_00228ad0","00228ad0","","Global","FUN_006b83b0","006b83b0","0"
"","Global","FUN_00228cd0","00228cd0","","Global","FUN_006b85b0","006b85b0","0"
"","Global","FUN_00228df0","00228df0","","Global","FUN_006b86d0","006b86d0","0"
"","Global","FUN_00228e40","00228e40","","Global","FUN_006b8720","006b8720","0"
"","Global","FUN_00229620","00229620","","Global","FUN_006b8f00","006b8f00","0"
"","Global","FUN_00229870","00229870","","Global","FUN_006b9140","006b9140","0"
"","Global","FUN_002299b0","002299b0","","Global","FUN_006b9280","006b9280","0"
"","Global","FUN_002299e0","002299e0","","Global","FUN_006b92b0","006b92b0","0"
"","Global","FUN_00229a40","00229a40","","Global","FUN_006b9310","006b9310","0"
"","Global","FUN_00229ab0","00229ab0","","Global","FUN_006b9380","006b9380","0"
"","Global","FUN_00229ca0","00229ca0","","Global","FUN_006b9570","006b9570","0"
"","Global","FUN_00229ce0","00229ce0","","Global","FUN_006b95b0","006b95b0","0"
"","Global","FUN_00229d20","00229d20","","Global","FUN_006b95f0","006b95f0","0"
"","Global","FUN_00229d50","00229d50","","Global","FUN_006b9620","006b9620","0"
"","Global","FUN_00229d90","00229d90","","Global","FUN_006b9660","006b9660","0"
"","Global","FUN_00229dd0","00229dd0","","Global","FUN_006b96a0","006b96a0","0"
"","Global","FUN_00229e10","00229e10","","Global","FUN_006b96e0","006b96e0","0"
"","Global","FUN_00229e40","00229e40","","Global","FUN_006b9710","006b9710","0"
"","Global","FUN_0022a0d0","0022a0d0","","Global","FUN_006b99a0","006b99a0","0"
"","Global","FUN_0022a130","0022a130","","Global","FUN_006b9a00","006b9a00","0"
"","Global","FUN_0022a460","0022a460","","Global","FUN_006b9d30","006b9d30","0"
"","Global","FUN_0022a600","0022a600","","Global","FUN_006b9ee0","006b9ee0","0"
"","Global","FUN_0022abd0","0022abd0","","Global","FUN_006ba4b0","006ba4b0","0"
"","Global","FUN_0022ac90","0022ac90","","Global","FUN_006ba570","006ba570","0"
"","Global","FUN_0022b150","0022b150","","Global","FUN_006baa30","006baa30","0"
"","Global","FUN_0022b5f0","0022b5f0","","Global","FUN_006baed0","006baed0","0"
"","Global","FUN_0022bab0","0022bab0","","Global","FUN_006bb390","006bb390","0"
"","Global","FUN_0022bb60","0022bb60","","Global","FUN_006bb440","006bb440","0"
"","Global","FUN_0022bce0","0022bce0","","Global","FUN_006bb5c0","006bb5c0","0"
"","Global","FUN_0022bd10","0022bd10","","Global","FUN_006bb5f0","006bb5f0","0"
"","Global","FUN_0022be00","0022be00","","Global","FUN_006bb6e0","006bb6e0","0"
"","Global","FUN_0022be50","0022be50","","Global","FUN_006bb730","006bb730","0"
"","Global","FUN_0022be70","0022be70","","Global","FUN_006bb750","006bb750","0"
"","Global","FUN_0022bea0","0022bea0","","Global","FUN_006bb780","006bb780","0"
"","Global","FUN_0022c260","0022c260","","Global","FUN_006bbb40","006bbb40","0"
"","Global","FUN_0022c480","0022c480","","Global","FUN_006bbd60","006bbd60","0"
"","Global","FUN_0022c6f0","0022c6f0","","Global","FUN_006bbfd0","006bbfd0","0"
"","Global","FUN_0022c730","0022c730","","Global","FUN_006bc010","006bc010","0"
"","Global","FUN_0022c8e0","0022c8e0","","Global","FUN_006bc1c0","006bc1c0","0"
"","Global","FUN_0022c930","0022c930","","Global","FUN_006bc210","006bc210","0"
"","Global","FUN_0022c960","0022c960","","Global","FUN_006bc240","006bc240","0"
"","Global","FUN_0022c990","0022c990","","Global","FUN_006bc270","006bc270","0"
"","Global","FUN_0022c9d0","0022c9d0","","Global","FUN_006bc2b0","006bc2b0","0"
"","Global","FUN_0022ca00","0022ca00","","Global","FUN_006bc2e0","006bc2e0","0"
"","Global","FUN_0022cad0","0022cad0","","Global","FUN_006bc3b0","006bc3b0","0"
"","Global","FUN_0022cb70","0022cb70","","Global","FUN_006bc450","006bc450","0"
"","Global","FUN_0022cba0","0022cba0","","Global","FUN_006bc480","006bc480","0"
"","Global","FUN_0022cd10","0022cd10","","Global","FUN_006bc5f0","006bc5f0","0"
"","Global","FUN_0022cf60","0022cf60","","Global","FUN_006bc840","006bc840","0"
"","Global","FUN_0022d170","0022d170","","Global","FUN_006bca50","006bca50","0"
"","Global","FUN_0022d3d0","0022d3d0","","Global","FUN_006bccb0","006bccb0","0"
"","Global","FUN_0022d460","0022d460","","Global","FUN_006bcd40","006bcd40","0"
"","Global","FUN_0022d4c0","0022d4c0","","Global","FUN_006bcda0","006bcda0","0"
"","Global","FUN_0022d510","0022d510","","Global","FUN_006bcdf0","006bcdf0","0"
"","Global","FUN_0022d550","0022d550","","Global","FUN_006bce30","006bce30","0"
"","Global","FUN_0022d5c0","0022d5c0","","Global","FUN_006bcea0","006bcea0","0"
"","Global","FUN_0022d6f0","0022d6f0","","Global","FUN_006bcfd0","006bcfd0","0"
"","Global","FUN_0022d9d0","0022d9d0","","Global","FUN_006bd2b0","006bd2b0","0"
"","Global","FUN_0022dba0","0022dba0","","Global","FUN_006bd480","006bd480","0"
"","Global","FUN_0022de50","0022de50","","Global","FUN_006bd730","006bd730","0"
"","Global","FUN_0022e340","0022e340","","Global","FUN_006bdc20","006bdc20","0"
"","Global","FUN_0022e3a0","0022e3a0","","Global","FUN_006bdc80","006bdc80","0"
"","Global","FUN_0022ea30","0022ea30","","Global","FUN_006be310","006be310","0"
"","Global","FUN_0022eb70","0022eb70","","Global","FUN_006be450","006be450","0"
"","Global","FUN_0022ebd0","0022ebd0","","Global","FUN_006be4b0","006be4b0","0"
"","Global","FUN_0022ec30","0022ec30","","Global","FUN_006be510","006be510","0"
"","Global","FUN_0022ede0","0022ede0","","Global","FUN_006be6c0","006be6c0","0"
"","Global","_IsEqualGUID","0022ee20","","Global","_IsEqualGUID","006be700","0"
"","Global","FUN_0022ee50","0022ee50","","Global","FUN_006be730","006be730","0"
"","Global","FUN_0022fd10","0022fd10","","Global","FUN_0009b7e0","0009b7e0","0"
"","Global","FUN_0022fd70","0022fd70","","Global","FUN_0009b840","0009b840","0"
"","Global","FUN_0022fdc0","0022fdc0","","Global","FUN_0009b890","0009b890","0"
"","Global","FUN_002300a0","002300a0","","Global","FUN_0002fc80","0002fc80","0"
"","Global","FUN_002300e0","002300e0","","Global","FUN_0002fcc0","0002fcc0","0"
"","Global","FUN_002302e0","002302e0","","Global","FUN_0002ff50","0002ff50","0"
"","Global","FUN_00230390","00230390","","Global","FUN_00030020","00030020","0"
"","Global","FUN_00230460","00230460","","Global","FUN_00030150","00030150","0"
"","Global","FUN_002305c0","002305c0","","Global","FUN_000302b0","000302b0","0"
"","Global","FUN_00230630","00230630","","Global","FUN_00030320","00030320","0"
"","Global","FUN_00230730","00230730","","Global","FUN_00030440","00030440","0"
"","Global","FUN_00230870","00230870","","Global","FUN_00030670","00030670","0"
"","Global","FUN_002309b0","002309b0","","Global","FUN_000307b0","000307b0","0"
"","Global","FUN_00230a60","00230a60","","Global","FUN_00030880","00030880","0"
"","Global","FUN_00230b10","00230b10","","Global","FUN_000309d0","000309d0","0"
"","Global","FUN_00230b30","00230b30","","Global","FUN_00030a00","00030a00","0"
"","Global","FUN_00230c30","00230c30","","Global","FUN_0003ae30","0003ae30","0"
"","Global","FUN_00230df0","00230df0","","Global","FUN_0003b100","0003b100","0"
"","Global","FUN_00231110","00231110","","Global","FUN_0003b3d0","0003b3d0","0"
"","Global","FUN_00231340","00231340","","Global","FUN_0003b5c0","0003b5c0","0"
"","Global","FUN_00231360","00231360","","Global","FUN_0003b5e0","0003b5e0","0"
"","Global","FUN_00231380","00231380","","Global","FUN_0003b600","0003b600","0"
"","Global","FUN_00231530","00231530","","Global","FUN_0003b750","0003b750","0"
"","Global","FUN_00233240","00233240","","Global","FUN_0003e420","0003e420","0"
"","Global","FUN_00233a80","00233a80","","Global","FUN_0003f7e0","0003f7e0","0"
"","Global","FUN_00234190","00234190","","Global","FUN_000401f0","000401f0","0"
"","Global","FUN_00234610","00234610","","Global","FUN_000407f0","000407f0","0"
"","Global","FUN_00234700","00234700","","Global","FUN_000408e0","000408e0","0"
"","Global","FUN_002353f0","002353f0","","Global","FUN_00041b10","00041b10","0"
"","Global","FUN_00235c40","00235c40","","Global","FUN_00042600","00042600","0"
"","Global","FUN_00236410","00236410","","Global","FUN_00043580","00043580","0"
"","Global","FUN_00236970","00236970","","Global","FUN_00043ea0","00043ea0","0"
"","Global","FUN_002376e0","002376e0","","Global","FUN_00045860","00045860","0"
"","Global","FUN_00237860","00237860","","Global","FUN_00045b90","00045b90","0"
"","Global","FUN_00237880","00237880","","Global","FUN_00045bb0","00045bb0","0"
"","Global","FUN_00237b30","00237b30","","Global","FUN_00045be0","00045be0","0"
"","Global","FUN_00237c10","00237c10","","Global","FUN_00046460","00046460","0"
"","Global","FUN_00237db0","00237db0","","Global","FUN_000464c0","000464c0","0"
"","Global","FUN_00237f50","00237f50","","Global","FUN_0034a470","0034a470","0"
"","Global","FUN_00238120","00238120","","Global","FUN_000472f0","000472f0","0"
"","Global","FUN_00238180","00238180","","Global","FUN_00047350","00047350","0"
"","Global","FUN_002381d0","002381d0","","Global","FUN_000473a0","000473a0","0"
"","Global","FUN_00238340","00238340","","Global","FUN_00047610","00047610","0"
"","Global","FUN_00238490","00238490","","Global","FUN_000478d0","000478d0","0"
"","Global","FUN_00238530","00238530","","Global","FUN_000479e0","000479e0","0"
"","Global","FUN_002387f0","002387f0","","Global","FUN_00047db0","00047db0","0"
"","Global","FUN_00238a80","00238a80","","Global","FUN_00048420","00048420","0"
"","Global","FUN_00239150","00239150","","Global","FUN_00049150","00049150","0"
"","Global","FUN_00239590","00239590","","Global","FUN_00049680","00049680","0"
"","Global","FUN_00239d60","00239d60","","Global","FUN_00049c00","00049c00","0"
"","Global","FUN_00239ea0","00239ea0","","Global","FUN_00049d60","00049d60","0"
"","Global","FUN_0023b1b0","0023b1b0","","Global","FUN_0004abb0","0004abb0","0"
"","Global","FUN_0023b200","0023b200","","Global","FUN_0004ac00","0004ac00","0"
"","Global","FUN_0023b290","0023b290","","Global","FUN_0004acf0","0004acf0","0"
"","Global","FUN_0023b740","0023b740","","Global","FUN_0004b130","0004b130","0"
"","Global","FUN_0023b7f0","0023b7f0","","Global","FUN_0004b220","0004b220","0"
"","Global","FUN_0023b9e0","0023b9e0","","Global","FUN_0004b410","0004b410","0"
"","Global","FUN_0023bb30","0023bb30","","Global","FUN_0004b560","0004b560","0"
"","Global","FUN_0023bdf0","0023bdf0","","Global","FUN_0004b930","0004b930","0"
"","Global","FUN_0023c390","0023c390","","Global","FUN_0004bb00","0004bb00","0"
"","Global","FUN_0023c3e0","0023c3e0","","Global","FUN_0004bb50","0004bb50","0"
"","Global","FUN_0023c430","0023c430","","Global","FUN_0004bbd0","0004bbd0","0"
"","Global","FUN_0023cb50","0023cb50","","Global","FUN_0004c330","0004c330","0"
"","Global","FUN_0023cb80","0023cb80","","Global","FUN_0004c360","0004c360","0"
"","Global","FUN_0023cda0","0023cda0","","Global","FUN_0004c560","0004c560","0"
"","Global","FUN_0023d050","0023d050","","Global","FUN_0004c690","0004c690","0"
"","Global","FUN_0023d110","0023d110","","Global","FUN_0004c750","0004c750","0"
"","Global","FUN_0023d710","0023d710","","Global","FUN_0004b030","0004b030","0"
"","Global","FUN_0023da80","0023da80","","Global","FUN_0004cd70","0004cd70","0"
"","Global","FUN_0023dd50","0023dd50","","Global","FUN_0004ce80","0004ce80","0"
"","Global","FUN_0023de60","0023de60","","Global","FUN_0004d0a0","0004d0a0","0"
"","Global","FUN_00240100","00240100","","Global","FUN_000516a0","000516a0","0"
"","Global","FUN_002401c0","002401c0","","Global","FUN_00051790","00051790","0"
"","Global","FUN_00240e20","00240e20","","Global","FUN_00051ca0","00051ca0","0"
"","Global","FUN_00241100","00241100","","Global","FUN_00051f30","00051f30","0"
"","Global","FUN_002411e0","002411e0","","Global","FUN_00052220","00052220","0"
"","Global","FUN_00241420","00241420","","Global","FUN_00052550","00052550","0"
"","Global","FUN_00241680","00241680","","Global","FUN_0004d270","0004d270","0"
"","Global","FUN_00241bc0","00241bc0","","Global","FUN_00052bc0","00052bc0","0"
"","Global","FUN_00241bd0","00241bd0","","Global","FUN_00052bf0","00052bf0","0"
"","Global","FUN_00241c40","00241c40","","Global","FUN_00052c60","00052c60","0"
"","Global","FUN_00241d00","00241d00","","Global","FUN_00052d00","00052d00","0"
"","Global","FUN_00242110","00242110","","Global","FUN_00046290","00046290","0"
"","Global","FUN_002423f0","002423f0","","Global","FUN_00049c30","00049c30","0"
"","Global","FUN_00242730","00242730","","Global","FUN_00053450","00053450","0"
"","Global","FUN_002427f0","002427f0","","Global","FUN_000534e0","000534e0","0"
"","Global","FUN_00242860","00242860","","Global","FUN_00053550","00053550","0"
"","Global","FUN_00242980","00242980","","Global","FUN_00053630","00053630","0"
"","Global","FUN_00242a10","00242a10","","Global","FUN_000536c0","000536c0","0"
"","Global","FUN_00242b70","00242b70","","Global","FUN_00053760","00053760","0"
"","Global","FUN_00242be0","00242be0","","Global","FUN_00053800","00053800","0"
"","Global","FUN_00242c30","00242c30","","Global","FUN_00053850","00053850","0"
"","Global","FUN_00242c80","00242c80","","Global","FUN_00053890","00053890","0"
"","Global","FUN_00242d10","00242d10","","Global","FUN_00053a40","00053a40","0"
"","Global","FUN_00242f50","00242f50","","Global","FUN_00053ca0","00053ca0","0"
"","Global","FUN_00243200","00243200","","Global","FUN_000541d0","000541d0","0"
"","Global","FUN_00243270","00243270","","Global","FUN_00054200","00054200","0"
"","Global","FUN_00243340","00243340","","Global","FUN_000542b0","000542b0","0"
"","Global","FUN_00243500","00243500","","Global","FUN_00054470","00054470","0"
"","Global","FUN_00243770","00243770","","Global","FUN_00054750","00054750","0"
"","Global","FUN_00243810","00243810","","Global","FUN_000547d0","000547d0","0"
"","Global","FUN_00243890","00243890","","Global","FUN_00054850","00054850","0"
"","Global","FUN_00243980","00243980","","Global","FUN_000549c0","000549c0","0"
"","Global","FUN_00243a40","00243a40","","Global","FUN_00054b90","00054b90","0"
"","Global","FUN_00243cc0","00243cc0","","Global","FUN_00054d30","00054d30","0"
"","Global","FUN_00243e80","00243e80","","Global","FUN_00054fc0","00054fc0","0"
"","Global","FUN_00244120","00244120","","Global","FUN_000552e0","000552e0","0"
"","Global","FUN_00244280","00244280","","Global","FUN_00055460","00055460","0"
"","Global","FUN_00244320","00244320","","Global","FUN_00055510","00055510","0"
"","Global","FUN_00244850","00244850","","Global","FUN_00055a00","00055a00","0"
"","Global","FUN_002448f0","002448f0","","Global","FUN_00055a90","00055a90","0"
"","Global","FUN_00244940","00244940","","Global","FUN_00055ae0","00055ae0","0"
"","Global","FUN_00244990","00244990","","Global","FUN_00055bd0","00055bd0","0"
"","Global","FUN_00244a00","00244a00","","Global","FUN_00055c00","00055c00","0"
"","Global","FUN_00244ac0","00244ac0","","Global","FUN_00055cc0","00055cc0","0"
"","Global","FUN_002453b0","002453b0","","Global","FUN_000563b0","000563b0","0"
"","Global","FUN_00245400","00245400","","Global","FUN_00056500","00056500","0"
"","Global","FUN_00245450","00245450","","Global","FUN_00056550","00056550","0"
"","Global","FUN_002461f0","002461f0","","Global","FUN_001109f0","001109f0","0"
"","Global","FUN_00246920","00246920","","Global","FUN_00111120","00111120","0"
"","Global","FUN_00246b30","00246b30","","Global","FUN_00086a00","00086a00","0"
"","Global","FUN_00246df0","00246df0","","Global","FUN_00086cc0","00086cc0","0"
"","Global","FUN_00246fd0","00246fd0","","Global","FUN_00086ea0","00086ea0","0"
"","Global","FUN_00247220","00247220","","Global","FUN_00087240","00087240","0"
"","Global","FUN_00247490","00247490","","Global","FUN_00087550","00087550","0"
"","Global","FUN_00247520","00247520","","Global","FUN_000875e0","000875e0","0"
"","Global","FUN_00247760","00247760","","Global","FUN_00087930","00087930","0"
"","Global","FUN_002477b0","002477b0","","Global","FUN_00087980","00087980","0"
"","Global","FUN_00247d70","00247d70","","Global","FUN_00087b80","00087b80","0"
"","Global","FUN_00247e10","00247e10","","Global","FUN_00087c00","00087c00","0"
"","Global","FUN_00247e80","00247e80","","Global","FUN_00087c50","00087c50","0"
"","Global","FUN_00248100","00248100","","Global","FUN_00087eb0","00087eb0","0"
"","Global","FUN_00248150","00248150","","Global","FUN_00087f00","00087f00","0"
"","Global","FUN_00248270","00248270","","Global","FUN_00087f70","00087f70","0"
"","Global","FUN_002486e0","002486e0","","Global","FUN_00088490","00088490","0"
"","Global","FUN_00248760","00248760","","Global","FUN_00088510","00088510","0"
"","Global","FUN_00248820","00248820","","Global","FUN_000885a0","000885a0","0"
"","Global","FUN_00248850","00248850","","Global","FUN_000885d0","000885d0","0"
"","Global","FUN_00248e40","00248e40","","Global","FUN_00088950","00088950","0"
"","Global","FUN_00248f20","00248f20","","Global","FUN_00088a30","00088a30","0"
"","Global","FUN_00248fa0","00248fa0","","Global","FUN_00088ab0","00088ab0","0"
"","Global","FUN_00248fd0","00248fd0","","Global","FUN_00088ae0","00088ae0","0"
"","Global","FUN_00249020","00249020","","Global","FUN_00088b20","00088b20","0"
"","Global","FUN_00249330","00249330","","Global","FUN_00089020","00089020","0"
"","Global","FUN_002495b0","002495b0","","Global","FUN_00057600","00057600","0"
"","Global","FUN_002496a0","002496a0","","Global","FUN_000576f0","000576f0","0"
"","Global","FUN_002496d0","002496d0","","Global","FUN_00030d80","00030d80","0"
"","Global","FUN_00249770","00249770","","Global","FUN_00030e20","00030e20","0"
"","Global","FUN_00249a60","00249a60","","Global","FUN_00057a20","00057a20","0"
"","Global","FUN_00249bd0","00249bd0","","Global","FUN_00057b90","00057b90","0"
"","Global","FUN_00249cb0","00249cb0","","Global","FUN_00057c10","00057c10","0"
"","Global","FUN_00249d70","00249d70","","Global","FUN_00057cd0","00057cd0","0"
"","Global","FUN_0024a8b0","0024a8b0","","Global","FUN_00058be0","00058be0","0"
"","Global","Catch_All@0024a932","0024a932","","Global","Catch_All@00058c62","00058c62","0"
"","Global","FUN_0024a9a0","0024a9a0","","Global","FUN_00058ca0","00058ca0","0"
"","Global","FUN_0024aa10","0024aa10","","Global","FUN_00058ce0","00058ce0","0"
"","Global","FUN_0024adb0","0024adb0","","Global","FUN_00059070","00059070","0"
"","Global","FUN_0024adf0","0024adf0","","Global","FUN_00059130","00059130","0"
"","Global","FUN_0024b750","0024b750","","Global","FUN_000598f0","000598f0","0"
"","Global","FUN_0024b8c0","0024b8c0","","Global","FUN_00059a20","00059a20","0"
"","Global","FUN_0024bce0","0024bce0","","Global","FUN_00031a50","00031a50","0"
"","Global","FUN_0024be70","0024be70","","Global","FUN_0005a040","0005a040","0"
"","Global","FUN_0024c380","0024c380","","Global","FUN_0005a4b0","0005a4b0","0"
"","Global","FUN_0024c440","0024c440","","Global","FUN_00031b20","00031b20","0"
"","Global","FUN_0024c460","0024c460","","Global","FUN_00031b40","00031b40","0"
"","Global","FUN_0024cb00","0024cb00","","Global","FUN_0005ab00","0005ab00","0"
"","Global","FUN_0024cba0","0024cba0","","Global","FUN_0005abc0","0005abc0","0"
"","Global","FUN_0024d050","0024d050","","Global","FUN_0005aea0","0005aea0","0"
"","Global","FUN_0024d4f0","0024d4f0","","Global","FUN_0005b3c0","0005b3c0","0"
"","Global","FUN_0024d730","0024d730","","Global","FUN_0005b600","0005b600","0"
"","Global","FUN_0024d9e0","0024d9e0","","Global","FUN_0005b840","0005b840","0"
"","Global","FUN_0024e9a0","0024e9a0","","Global","FUN_00032d30","00032d30","0"
"","Global","FUN_0024e9e0","0024e9e0","","Global","FUN_00032d70","00032d70","0"
"","Global","FUN_0024ea60","0024ea60","","Global","FUN_0005cd60","0005cd60","0"
"","Global","FUN_0024ede0","0024ede0","","Global","FUN_0005d5e0","0005d5e0","0"
"","Global","FUN_0024ee20","0024ee20","","Global","FUN_0005d610","0005d610","0"
"","Global","FUN_0024f3e0","0024f3e0","","Global","FUN_0005e350","0005e350","0"
"","Global","FUN_0024f440","0024f440","","Global","FUN_0005e3d0","0005e3d0","0"
"","Global","FUN_0024f550","0024f550","","Global","FUN_0005e460","0005e460","0"
"","Global","FUN_0024f6b0","0024f6b0","","Global","FUN_0005e580","0005e580","0"
"","Global","FUN_0024f8d0","0024f8d0","","Global","FUN_00034240","00034240","0"
"","Global","FUN_0024f970","0024f970","","Global","FUN_000342e0","000342e0","0"
"","Global","FUN_0024f9e0","0024f9e0","","Global","FUN_00034380","00034380","0"
"","Global","FUN_0024fa50","0024fa50","","Global","FUN_000343f0","000343f0","0"
"","Global","FUN_0024fa70","0024fa70","","Global","FUN_00034410","00034410","0"
"","Global","FUN_0024fa90","0024fa90","","Global","FUN_00034430","00034430","0"
"","Global","FUN_0024faf0","0024faf0","","Global","FUN_00133120","00133120","0"
"","Global","FUN_0024fb40","0024fb40","","Global","FUN_00034480","00034480","0"
"","Global","FUN_0024fb90","0024fb90","","Global","FUN_000344d0","000344d0","0"
"","Global","FUN_00251460","00251460","","Global","FUN_00034950","00034950","0"
"","Global","FUN_00251800","00251800","","Global","FUN_00034be0","00034be0","0"
"","Global","FUN_002518c0","002518c0","","Global","FUN_00060510","00060510","0"
"","Global","FUN_00251be0","00251be0","","Global","FUN_000608b0","000608b0","0"
"","Global","FUN_00251de0","00251de0","","Global","FUN_00060ab0","00060ab0","0"
"","Global","FUN_002522e0","002522e0","","Global","FUN_00034ee0","00034ee0","0"
"","Global","FUN_00252310","00252310","","Global","FUN_00034f10","00034f10","0"
"","Global","FUN_00252410","00252410","","Global","FUN_000611b0","000611b0","0"
"","Global","FUN_00252470","00252470","","Global","FUN_00061210","00061210","0"
"","Global","FUN_00252600","00252600","","Global","FUN_000350e0","000350e0","0"
"2","ATL::CSimpleStringT<wchar_t\,0>","Reallocate","002528d0","2","ATL::CSimpleStringT<wchar_t\,0>","Reallocate","00035180","0"
"","Global","FUN_00252910","00252910","","Global","FUN_000614b0","000614b0","0"
"2","ATL::CStringData","Release","002529c0","2","ATL::CStringData","Release","000351c0","0"
"","Global","FUN_002535b0","002535b0","","Global","FUN_00063770","00063770","0"
"","Global","FUN_00254070","00254070","","Global","FUN_00035330","00035330","0"
"","Global","FUN_002542b0","002542b0","","Global","FUN_00064200","00064200","0"
"","Global","FUN_002544e0","002544e0","","Global","FUN_00035570","00035570","0"
"","Global","FUN_00254950","00254950","","Global","FUN_000355f0","000355f0","0"
"","Global","FUN_00254960","00254960","","Global","FUN_00064c70","00064c70","0"
"","Global","FUN_00254cc0","00254cc0","","Global","FUN_00065030","00065030","0"
"","Global","FUN_00254e20","00254e20","","Global","FUN_00065140","00065140","0"
"","Global","FUN_00255b20","00255b20","","Global","FUN_00065a60","00065a60","0"
"","Global","FUN_002562f0","002562f0","","Global","FUN_000660c0","000660c0","0"
"","Global","FUN_002566c0","002566c0","","Global","FUN_00066550","00066550","0"
"","Global","FUN_00256b90","00256b90","","Global","FUN_000668a0","000668a0","0"
"","Global","FUN_002575a0","002575a0","","Global","FUN_000673b0","000673b0","0"
"","Global","FUN_002576d0","002576d0","","Global","FUN_000674e0","000674e0","0"
"","Global","FUN_00257820","00257820","","Global","FUN_00067600","00067600","0"
"","Global","FUN_00257850","00257850","","Global","FUN_00067630","00067630","0"
"","Global","FUN_00257920","00257920","","Global","FUN_00067720","00067720","0"
"","Global","FUN_002582a0","002582a0","","Global","FUN_00067fa0","00067fa0","0"
"","Global","FUN_00258350","00258350","","Global","FUN_000680a0","000680a0","0"
"","Global","FUN_00258570","00258570","","Global","FUN_000682c0","000682c0","0"
"","Global","FUN_002589e0","002589e0","","Global","FUN_00068920","00068920","0"
"","Global","FUN_00259090","00259090","","Global","FUN_00068f00","00068f00","0"
"","Global","FUN_002590a0","002590a0","","Global","FUN_00068f10","00068f10","0"
"","Global","FUN_002590d0","002590d0","","Global","FUN_00068f40","00068f40","0"
"","Global","FUN_002594c0","002594c0","","Global","FUN_00069500","00069500","0"
"","Global","FUN_002595d0","002595d0","","Global","FUN_00069610","00069610","0"
"","Global","FUN_00259710","00259710","","Global","FUN_00069750","00069750","0"
"","Global","FUN_00259860","00259860","","Global","FUN_000698a0","000698a0","0"
"","Global","FUN_00259910","00259910","","Global","FUN_00069950","00069950","0"
"","Global","FUN_002599c0","002599c0","","Global","FUN_00069a00","00069a00","0"
"","Global","FUN_00259c30","00259c30","","Global","FUN_00069d20","00069d20","0"
"","Global","FUN_0025a2c0","0025a2c0","","Global","FUN_0006a970","0006a970","0"
"","Global","FUN_0025a590","0025a590","","Global","FUN_0006aca0","0006aca0","0"
"","Global","FUN_0025a5f0","0025a5f0","","Global","FUN_0006ad00","0006ad00","0"
"","Global","FUN_0025ae40","0025ae40","","Global","FUN_0006b5a0","0006b5a0","0"
"","Global","FUN_0025b750","0025b750","","Global","FUN_0006bca0","0006bca0","0"
"","Global","FUN_0025d6d0","0025d6d0","","Global","FUN_0006d500","0006d500","0"
"","Global","FUN_0025da80","0025da80","","Global","FUN_0006d930","0006d930","0"
"","Global","FUN_0025e200","0025e200","","Global","FUN_0006e280","0006e280","0"
"","Global","FUN_0025fdd0","0025fdd0","","Global","FUN_00070310","00070310","0"
"","Global","FUN_0025ff30","0025ff30","","Global","FUN_000703f0","000703f0","0"
"","Global","FUN_00260350","00260350","","Global","FUN_000707a0","000707a0","0"
"","Global","FUN_00260420","00260420","","Global","FUN_00070a20","00070a20","0"
"","Global","FUN_00263a30","00263a30","","Global","FUN_000769a0","000769a0","0"
"","Global","FUN_00265660","00265660","","Global","FUN_00077960","00077960","0"
"","Global","FUN_00266610","00266610","","Global","FUN_000792a0","000792a0","0"
"","Global","FUN_00266630","00266630","","Global","FUN_000792c0","000792c0","0"
"","Global","FUN_00266880","00266880","","Global","FUN_00079450","00079450","0"
"","Global","FUN_00266c20","00266c20","","Global","FUN_00079730","00079730","0"
"","Global","FUN_002675d0","002675d0","","Global","FUN_00079960","00079960","0"
"","Global","FUN_00267770","00267770","","Global","FUN_0011a5a0","0011a5a0","0"
"","Global","FUN_00267a50","00267a50","","Global","FUN_00079d90","00079d90","0"
"","Global","FUN_00268200","00268200","","Global","FUN_0007a3e0","0007a3e0","0"
"","Global","FUN_00268380","00268380","","Global","FUN_0007a4e0","0007a4e0","0"
"","Global","FUN_00268550","00268550","","Global","FUN_0007a670","0007a670","0"
"2","MREF","NoteActualClassChange","00268640","2","MREF","NoteActualClassChange","0007a710","0"
"","Global","FUN_0026b130","0026b130","","Global","FUN_0007ef90","0007ef90","0"
"","Global","FUN_0026b2e0","0026b2e0","","Global","FUN_000808d0","000808d0","0"
"2","std::basic_string<char\,std::char_traits<char>\,std::allocator<char>_>","reserve","0026bda0","2","std::basic_string<char\,std::char_traits<char>\,std::allocator<char>_>","reserve","00081470","0"
"","Global","FUN_0026c670","0026c670","","Global","FUN_00081c80","00081c80","0"
"","Global","FUN_0026c770","0026c770","","Global","FUN_00081d80","00081d80","0"
"","Global","FUN_0026c8a0","0026c8a0","","Global","FUN_000cca20","000cca20","0"
"","Global","FUN_0026c920","0026c920","","Global","FUN_00081e00","00081e00","0"
"","Global","FUN_0026cb70","0026cb70","","Global","FUN_00082200","00082200","0"
"","Global","FUN_0026cb80","0026cb80","","Global","FUN_00039f50","00039f50","0"
"","Global","FUN_0026d5c0","0026d5c0","","Global","FUN_00082980","00082980","0"
"","Global","FUN_0026d810","0026d810","","Global","FUN_00082b50","00082b50","0"
"","Global","FUN_0026d910","0026d910","","Global","FUN_00082c50","00082c50","0"
"","Global","FUN_0026d940","0026d940","","Global","FUN_00082c80","00082c80","0"
"","Global","FUN_0026e4f0","0026e4f0","","Global","FUN_0003a360","0003a360","0"
"","Global","FUN_0026e5e0","0026e5e0","","Global","FUN_000833a0","000833a0","0"
"","Global","FUN_0026e800","0026e800","","Global","FUN_00083660","00083660","0"
"","Global","FUN_0026ea30","0026ea30","","Global","FUN_000838c0","000838c0","0"
"","Global","FUN_0026efd0","0026efd0","","Global","FUN_00083d60","00083d60","0"
"","Global","FUN_0026f010","0026f010","","Global","FUN_00083da0","00083da0","0"
"","Global","FUN_00270960","00270960","","Global","FUN_00084c40","00084c40","0"
"","Global","FUN_00271f60","00271f60","","Global","FUN_00085e60","00085e60","0"
"","Global","FUN_00271f80","00271f80","","Global","FUN_00085e80","00085e80","0"
"","Global","FUN_00272070","00272070","","Global","FUN_00085fe0","00085fe0","0"
"","Global","FUN_002720c0","002720c0","","Global","FUN_0003ab90","0003ab90","0"
"","Global","FUN_00272190","00272190","","Global","FUN_00086090","00086090","0"
"","Global","FUN_002722d0","002722d0","","Global","FUN_0003ac90","0003ac90","0"
"","Global","FUN_002722f0","002722f0","","Global","FUN_00086340","00086340","0"
"","Global","FUN_00272330","00272330","","Global","FUN_0003ad10","0003ad10","0"
"","Global","FUN_00272b30","00272b30","","Global","FUN_0008a480","0008a480","0"
"","Global","FUN_00273030","00273030","","Global","FUN_0008ad00","0008ad00","0"
"","Global","FUN_00278310","00278310","","Global","FUN_000939e0","000939e0","0"
"","Global","FUN_002789f0","002789f0","","Global","FUN_000940c0","000940c0","0"
"","Global","FUN_00278bd0","00278bd0","","Global","FUN_000942a0","000942a0","0"
"","Global","FUN_002790c0","002790c0","","Global","FUN_00094790","00094790","0"
"","Global","FUN_00279330","00279330","","Global","FUN_00094a00","00094a00","0"
"","Global","FUN_002793e0","002793e0","","Global","FUN_00094ad0","00094ad0","0"
"","Global","FUN_00279510","00279510","","Global","FUN_00094c00","00094c00","0"
"","Global","FUN_00279570","00279570","","Global","FUN_00094c60","00094c60","0"
"","Global","FUN_002795b0","002795b0","","Global","FUN_00094ca0","00094ca0","0"
"","Global","FUN_002796f0","002796f0","","Global","FUN_00094de0","00094de0","0"
"","Global","FUN_00279710","00279710","","Global","FUN_00094e00","00094e00","0"
"","Global","FUN_00279730","00279730","","Global","FUN_00094e20","00094e20","0"
"","Global","FUN_00279800","00279800","","Global","FUN_00094ef0","00094ef0","0"
"","Global","FUN_002799e0","002799e0","","Global","FUN_00095090","00095090","0"
"","Global","FUN_00279a10","00279a10","","Global","FUN_000950c0","000950c0","0"
"","Global","FUN_00279ab0","00279ab0","","Global","FUN_00095160","00095160","0"
"","Global","FUN_00279b70","00279b70","","Global","FUN_00095220","00095220","0"
"","Global","FUN_00279c00","00279c00","","Global","FUN_000952b0","000952b0","0"
"","Global","FUN_00279c60","00279c60","","Global","FUN_00095310","00095310","0"
"","Global","FUN_00279cb0","00279cb0","","Global","FUN_00095360","00095360","0"
"","Global","FUN_00279db0","00279db0","","Global","FUN_00095460","00095460","0"
"","Global","FUN_00279de0","00279de0","","Global","FUN_00095490","00095490","0"
"","Global","FUN_00279e10","00279e10","","Global","FUN_000954c0","000954c0","0"
"","Global","FUN_00279e60","00279e60","","Global","FUN_00095510","00095510","0"
"","Global","FUN_00279f20","00279f20","","Global","FUN_000955d0","000955d0","0"
"","Global","FUN_00279f80","00279f80","","Global","FUN_00095630","00095630","0"
"","Global","FUN_0027a1e0","0027a1e0","","Global","FUN_00095890","00095890","0"
"","Global","FUN_0027a290","0027a290","","Global","FUN_00095940","00095940","0"
"","Global","FUN_0027a4e0","0027a4e0","","Global","FUN_00095ba0","00095ba0","0"
"","Global","FUN_0027a600","0027a600","","Global","FUN_00095cb0","00095cb0","0"
"","Global","FUN_0027a6a0","0027a6a0","","Global","FUN_00095d50","00095d50","0"
"","Global","FUN_0027a770","0027a770","","Global","FUN_00095e20","00095e20","0"
"","Global","FUN_0027a7b0","0027a7b0","","Global","FUN_00095e60","00095e60","0"
"","Global","FUN_0027a900","0027a900","","Global","FUN_00095fb0","00095fb0","0"
"","Global","FUN_0027a960","0027a960","","Global","FUN_00096010","00096010","0"
"","Global","FUN_0027b770","0027b770","","Global","FUN_000bf420","000bf420","0"
"","Global","FUN_0027b800","0027b800","","Global","FUN_000bf500","000bf500","0"
"","Global","FUN_0027b850","0027b850","","Global","FUN_000bf550","000bf550","0"
"","Global","FUN_0027b970","0027b970","","Global","FUN_000bf670","000bf670","0"
"","Global","FUN_0027d740","0027d740","","Global","FUN_000c11d0","000c11d0","0"
"","Global","FUN_0027e4a0","0027e4a0","","Global","FUN_000c23a0","000c23a0","0"
"","Global","FUN_0027e4f0","0027e4f0","","Global","FUN_000c2400","000c2400","0"
"","Global","FUN_0027fe70","0027fe70","","Global","FUN_00096170","00096170","0"
"","Global","FUN_0027ff10","0027ff10","","Global","FUN_00096210","00096210","0"
"","Global","FUN_00280030","00280030","","Global","FUN_00096330","00096330","0"
"","Global","FUN_00280320","00280320","","Global","FUN_00096620","00096620","0"
"","Global","FUN_002803a0","002803a0","","Global","FUN_000966a0","000966a0","0"
"","Global","FUN_00280410","00280410","","Global","FUN_00096710","00096710","0"
"","Global","FUN_00280490","00280490","","Global","FUN_000c3480","000c3480","0"
"","Global","FUN_00281830","00281830","","Global","FUN_000c4b50","000c4b50","0"
"","Global","FUN_00284a60","00284a60","","Global","FUN_00116940","00116940","0"
"","Global","FUN_00286da0","00286da0","","Global","FUN_000c6510","000c6510","0"
"","Global","FUN_00286e00","00286e00","","Global","FUN_00119d10","00119d10","0"
"","Global","FUN_00287070","00287070","","Global","FUN_000967e0","000967e0","0"
"","Global","FUN_00287090","00287090","","Global","FUN_00096800","00096800","0"
"","Global","FUN_002870b0","002870b0","","Global","FUN_00096820","00096820","0"
"","Global","FUN_00287130","00287130","","Global","FUN_000968a0","000968a0","0"
"","Global","FUN_00287190","00287190","","Global","FUN_00096900","00096900","0"
"","Global","FUN_00287210","00287210","","Global","FUN_00096980","00096980","0"
"","Global","FUN_00287290","00287290","","Global","FUN_00096a00","00096a00","0"
"","Global","FUN_00287310","00287310","","Global","FUN_00096a80","00096a80","0"
"","Global","FUN_00287370","00287370","","Global","FUN_00096ae0","00096ae0","0"
"","Global","FUN_002874b0","002874b0","","Global","FUN_00096c20","00096c20","0"
"","Global","FUN_00287690","00287690","","Global","FUN_00096e00","00096e00","0"
"","Global","FUN_00287850","00287850","","Global","FUN_00096fc0","00096fc0","0"
"","Global","FUN_00287c10","00287c10","","Global","FUN_00097380","00097380","0"
"","Global","FUN_00288220","00288220","","Global","FUN_00097990","00097990","0"
"","Global","FUN_00288250","00288250","","Global","FUN_000979c0","000979c0","0"
"","Global","FUN_002882a0","002882a0","","Global","FUN_00097a10","00097a10","0"
"","Global","FUN_00288470","00288470","","Global","FUN_00097be0","00097be0","0"
"","Global","FUN_002884e0","002884e0","","Global","FUN_00097c50","00097c50","0"
"","Global","FUN_002885f0","002885f0","","Global","FUN_00097d60","00097d60","0"
"","Global","FUN_002886d0","002886d0","","Global","FUN_00097e40","00097e40","0"
"","Global","FUN_00288ed0","00288ed0","","Global","FUN_00098640","00098640","0"
"","Global","FUN_00289370","00289370","","Global","FUN_00098ae0","00098ae0","0"
"","Global","FUN_00289510","00289510","","Global","FUN_000a27d0","000a27d0","0"
"","Global","FUN_00289580","00289580","","Global","FUN_000a2840","000a2840","0"
"","Global","FUN_00289620","00289620","","Global","FUN_000a28e0","000a28e0","0"
"","Global","FUN_002897d0","002897d0","","Global","FUN_000a2a90","000a2a90","0"
"","Global","FUN_002898d0","002898d0","","Global","FUN_000a2b90","000a2b90","0"
"","Global","FUN_00289a10","00289a10","","Global","FUN_000a2cd0","000a2cd0","0"
"","Global","FUN_0028a3a0","0028a3a0","","Global","FUN_000a3720","000a3720","0"
"","Global","FUN_0028a660","0028a660","","Global","FUN_000a39a0","000a39a0","0"
"","Global","FUN_0028a7d0","0028a7d0","","Global","FUN_000a3b10","000a3b10","0"
"","Global","FUN_0028b3d0","0028b3d0","","Global","FUN_000a4600","000a4600","0"
"","Global","FUN_0028b6d0","0028b6d0","","Global","FUN_000a4910","000a4910","0"
"","Global","FUN_0028dd40","0028dd40","","Global","FUN_000a4a60","000a4a60","0"
"","Global","FUN_0028dd80","0028dd80","","Global","FUN_000a4aa0","000a4aa0","0"
"","Global","FUN_0028ddd0","0028ddd0","","Global","FUN_000a4af0","000a4af0","0"
"","Global","FUN_0028de50","0028de50","","Global","FUN_000a4b70","000a4b70","0"
"","Global","FUN_0028def0","0028def0","","Global","FUN_000a4c10","000a4c10","0"
"","Global","FUN_0028dfa0","0028dfa0","","Global","FUN_000a4cc0","000a4cc0","0"
"","Global","FUN_0028dfb0","0028dfb0","","Global","FUN_000a4cd0","000a4cd0","0"
"","Global","FUN_0028e180","0028e180","","Global","FUN_000a4e80","000a4e80","0"
"","Global","FUN_0028e1f0","0028e1f0","","Global","FUN_000a4ef0","000a4ef0","0"
"","Global","FUN_0028e270","0028e270","","Global","FUN_000a4f70","000a4f70","0"
"","Global","FUN_0028e2b0","0028e2b0","","Global","FUN_000a4fb0","000a4fb0","0"
"","Global","FUN_0028e360","0028e360","","Global","FUN_000a5070","000a5070","0"
"","Global","FUN_0028e380","0028e380","","Global","FUN_000a5090","000a5090","0"
"","Global","FUN_0028e400","0028e400","","Global","FUN_000a5110","000a5110","0"
"","Global","FUN_0028e4a0","0028e4a0","","Global","FUN_000a51b0","000a51b0","0"
"","Global","FUN_0028e530","0028e530","","Global","FUN_000a5240","000a5240","0"
"","Global","FUN_0028e560","0028e560","","Global","FUN_000a5270","000a5270","0"
"","Global","FUN_0028e6f0","0028e6f0","","Global","FUN_000a5430","000a5430","0"
"","Global","FUN_0028f3c0","0028f3c0","","Global","FUN_000a6100","000a6100","0"
"","Global","FUN_0028f610","0028f610","","Global","FUN_000a6350","000a6350","0"
"","Global","FUN_0028f6b0","0028f6b0","","Global","FUN_000a63f0","000a63f0","0"
"","Global","FUN_0028f6d0","0028f6d0","","Global","FUN_000a6410","000a6410","0"
"","Global","FUN_0028f710","0028f710","","Global","FUN_000a6450","000a6450","0"
"","Global","FUN_0028f8f0","0028f8f0","","Global","FUN_000a6630","000a6630","0"
"","Global","FUN_0028f9b0","0028f9b0","","Global","FUN_000a6700","000a6700","0"
"","Global","FUN_0028f9e0","0028f9e0","","Global","FUN_000a6730","000a6730","0"
"","Global","FUN_0028fb00","0028fb00","","Global","FUN_000a6850","000a6850","0"
"","Global","FUN_0028fb20","0028fb20","","Global","FUN_000a6870","000a6870","0"
"","Global","FUN_0028fcf0","0028fcf0","","Global","FUN_000a6a40","000a6a40","0"
"","Global","FUN_0028fd40","0028fd40","","Global","FUN_000a6a90","000a6a90","0"
"","Global","FUN_0028ff30","0028ff30","","Global","FUN_000a6c30","000a6c30","0"
"","Global","FUN_002904c0","002904c0","","Global","FUN_00118d40","00118d40","0"
"","Global","FUN_00290590","00290590","","Global","FUN_00118e10","00118e10","0"
"","Global","FUN_002906d0","002906d0","","Global","FUN_00098c10","00098c10","0"
"","Global","FUN_00290760","00290760","","Global","FUN_00098ca0","00098ca0","0"
"","Global","FUN_002909a0","002909a0","","Global","FUN_00098f80","00098f80","0"
"","Global","FUN_00290f70","00290f70","","Global","FUN_00099760","00099760","0"
"","Global","FUN_002910c0","002910c0","","Global","FUN_000998b0","000998b0","0"
"","Global","FUN_002911f0","002911f0","","Global","FUN_000999f0","000999f0","0"
"","Global","FUN_00291260","00291260","","Global","FUN_00099a60","00099a60","0"
"","Global","FUN_002912c0","002912c0","","Global","FUN_00099ad0","00099ad0","0"
"","Global","FUN_002912d0","002912d0","","Global","FUN_00099af0","00099af0","0"
"","Global","FUN_00291350","00291350","","Global","FUN_00099cf0","00099cf0","0"
"","Global","FUN_00291550","00291550","","Global","FUN_0009a0c0","0009a0c0","0"
"","Global","FUN_002915e0","002915e0","","Global","FUN_0009a1a0","0009a1a0","0"
"","Global","FUN_00291660","00291660","","Global","FUN_0009a2c0","0009a2c0","0"
"","Global","FUN_00291b00","00291b00","","Global","FUN_0009a9a0","0009a9a0","0"
"","Global","FUN_00291d40","00291d40","","Global","FUN_0009add0","0009add0","0"
"","Global","FUN_00292410","00292410","","Global","FUN_000a7810","000a7810","0"
"","Global","FUN_00292820","00292820","","Global","FUN_000a7c40","000a7c40","0"
"","Global","FUN_00292950","00292950","","Global","FUN_000a7d70","000a7d70","0"
"","Global","FUN_00292a60","00292a60","","Global","FUN_000a7ea0","000a7ea0","0"
"","Global","FUN_002931a0","002931a0","","Global","FUN_000a8c10","000a8c10","0"
"","Global","FUN_00293690","00293690","","Global","FUN_000a90c0","000a90c0","0"
"","Global","FUN_002936b0","002936b0","","Global","FUN_000a90e0","000a90e0","0"
"","Global","FUN_00293720","00293720","","Global","FUN_000a9170","000a9170","0"
"","Global","FUN_00294c60","00294c60","","Global","FUN_000aa750","000aa750","0"
"","Global","FUN_002956d0","002956d0","","Global","FUN_000ab1c0","000ab1c0","0"
"","Global","FUN_002980a0","002980a0","","Global","FUN_000add40","000add40","0"
"","Global","FUN_00298110","00298110","","Global","FUN_000addb0","000addb0","0"
"","Global","FUN_00298370","00298370","","Global","FUN_000ae010","000ae010","0"
"","Global","FUN_00298400","00298400","","Global","FUN_000ae0b0","000ae0b0","0"
"","Global","FUN_002984f0","002984f0","","Global","FUN_000ae1a0","000ae1a0","0"
"","Global","FUN_002985d0","002985d0","","Global","FUN_000ae250","000ae250","0"
"","Global","FUN_002989c0","002989c0","","Global","FUN_000ae670","000ae670","0"
"","Global","FUN_00298a10","00298a10","","Global","FUN_000ae6f0","000ae6f0","0"
"","Global","FUN_00298ab0","00298ab0","","Global","FUN_000ae7a0","000ae7a0","0"
"","Global","FUN_00298f10","00298f10","","Global","FUN_000aec00","000aec00","0"
"","Global","FUN_00298fa0","00298fa0","","Global","FUN_000aec90","000aec90","0"
"","Global","FUN_0029a950","0029a950","","Global","FUN_0009d880","0009d880","0"
"","Global","FUN_0029aba0","0029aba0","","Global","FUN_0009daf0","0009daf0","0"
"","Global","FUN_0029b830","0029b830","","Global","FUN_0009e800","0009e800","0"
"","Global","FUN_0029bd30","0029bd30","","Global","FUN_0009ed00","0009ed00","0"
"","Global","FUN_0029c010","0029c010","","Global","FUN_0009f090","0009f090","0"
"","Global","FUN_0029c0a0","0029c0a0","","Global","FUN_0009f130","0009f130","0"
"","Global","FUN_0029c360","0029c360","","Global","FUN_000af1f0","000af1f0","0"
"","Global","FUN_0029c580","0029c580","","Global","FUN_000af440","000af440","0"
"","Global","FUN_0029caf0","0029caf0","","Global","FUN_000afbe0","000afbe0","0"
"","Global","FUN_0029d990","0029d990","","Global","FUN_000b0e90","000b0e90","0"
"","Global","FUN_0029e080","0029e080","","Global","FUN_000b1810","000b1810","0"
"","Global","FUN_0029e8a0","0029e8a0","","Global","FUN_000b2180","000b2180","0"
"","Global","FUN_0029e900","0029e900","","Global","FUN_000b21e0","000b21e0","0"
"","Global","FUN_0029ed60","0029ed60","","Global","FUN_000b2800","000b2800","0"
"","Global","FUN_0029eda0","0029eda0","","Global","FUN_00041a20","00041a20","0"
"","Global","FUN_0029eec0","0029eec0","","Global","FUN_000b2930","000b2930","0"
"","Global","FUN_0029ef30","0029ef30","","Global","FUN_000b29a0","000b29a0","0"
"","Global","FUN_0029f3a0","0029f3a0","","Global","FUN_000b2e90","000b2e90","0"
"","Global","FUN_0029f440","0029f440","","Global","FUN_000b2f30","000b2f30","0"
"","Global","FUN_0029f540","0029f540","","Global","FUN_000b3030","000b3030","0"
"","Global","FUN_0029f580","0029f580","","Global","FUN_000b3070","000b3070","0"
"","Global","FUN_0029f620","0029f620","","Global","FUN_000b30f0","000b30f0","0"
"","Global","FUN_0029f6e0","0029f6e0","","Global","FUN_000b31d0","000b31d0","0"
"","Global","FUN_0029f890","0029f890","","Global","FUN_000b3250","000b3250","0"
"","Global","FUN_0029f900","0029f900","","Global","FUN_000b32c0","000b32c0","0"
"","Global","FUN_0029fcb0","0029fcb0","","Global","FUN_000b3600","000b3600","0"
"","Global","FUN_0029fdc0","0029fdc0","","Global","FUN_000b3710","000b3710","0"
"","Global","FUN_002a0070","002a0070","","Global","FUN_000b3910","000b3910","0"
"","Global","FUN_002a07d0","002a07d0","","Global","FUN_000b4390","000b4390","0"
"","Global","FUN_002a0d00","002a0d00","","Global","FUN_000b4a30","000b4a30","0"
"","Global","FUN_002a1200","002a1200","","Global","FUN_000b5510","000b5510","0"
"","Global","FUN_002a1230","002a1230","","Global","FUN_000b5600","000b5600","0"
"","Global","FUN_002a1320","002a1320","","Global","FUN_000b57c0","000b57c0","0"
"","Global","FUN_002a1590","002a1590","","Global","FUN_000b5a70","000b5a70","0"
"","Global","FUN_002a15e0","002a15e0","","Global","FUN_000b5ac0","000b5ac0","0"
"","Global","FUN_002a1cd0","002a1cd0","","Global","FUN_000b6520","000b6520","0"
"","Global","FUN_002a1d10","002a1d10","","Global","FUN_000b6560","000b6560","0"
"","Global","FUN_002a1d90","002a1d90","","Global","FUN_000b65e0","000b65e0","0"
"","Global","FUN_002a1e80","002a1e80","","Global","FUN_000b66d0","000b66d0","0"
"","Global","FUN_002a1f60","002a1f60","","Global","FUN_000b6820","000b6820","0"
"","Global","FUN_002a2110","002a2110","","Global","FUN_000b69f0","000b69f0","0"
"","Global","FUN_002a2790","002a2790","","Global","FUN_000466f0","000466f0","0"
"","Global","FUN_002a28b0","002a28b0","","Global","FUN_000b7340","000b7340","0"
"","Global","FUN_002a29a0","002a29a0","","Global","FUN_000b7430","000b7430","0"
"","Global","FUN_002a2a10","002a2a10","","Global","FUN_000b7560","000b7560","0"
"","Global","FUN_002a2b90","002a2b90","","Global","FUN_000b7730","000b7730","0"
"","Global","FUN_002a2c60","002a2c60","","Global","FUN_000b7860","000b7860","0"
"","Global","FUN_002a44d0","002a44d0","","Global","FUN_000b97d0","000b97d0","0"
"","Global","FUN_002a46c0","002a46c0","","Global","FUN_000b99c0","000b99c0","0"
"","Global","FUN_002a59d0","002a59d0","","Global","FUN_000badb0","000badb0","0"
"","Global","FUN_002a6610","002a6610","","Global","FUN_000c8b30","000c8b30","0"
"","Global","FUN_002a69b0","002a69b0","","Global","FUN_000c8f20","000c8f20","0"
"","Global","FUN_002a6bb0","002a6bb0","","Global","FUN_000c9490","000c9490","0"
"","Global","FUN_002a7280","002a7280","","Global","FUN_000c98c0","000c98c0","0"
"","Global","FUN_002a77a0","002a77a0","","Global","FUN_000c9db0","000c9db0","0"
"","Global","FUN_002a77b0","002a77b0","","Global","FUN_00104540","00104540","0"
"","Global","FUN_002a8440","002a8440","","Global","FUN_000caa50","000caa50","0"
"","Global","FUN_002a84d0","002a84d0","","Global","FUN_000caae0","000caae0","0"
"","Global","FUN_002a8aa0","002a8aa0","","Global","FUN_000cb140","000cb140","0"
"","Global","FUN_002a8b00","002a8b00","","Global","FUN_000cb1a0","000cb1a0","0"
"","Global","FUN_002a8b40","002a8b40","","Global","FUN_000cb1e0","000cb1e0","0"
"","Global","FUN_002a8bc0","002a8bc0","","Global","FUN_000cb260","000cb260","0"
"","Global","FUN_002a8e40","002a8e40","","Global","FUN_000cb430","000cb430","0"
"","Global","FUN_002a91e0","002a91e0","","Global","FUN_000cb7d0","000cb7d0","0"
"","Global","FUN_002a9650","002a9650","","Global","FUN_000cbc30","000cbc30","0"
"","Global","FUN_002a96b0","002a96b0","","Global","FUN_000cbc90","000cbc90","0"
"","Global","FUN_002a9ae0","002a9ae0","","Global","FUN_000cc0c0","000cc0c0","0"
"","Global","FUN_002a9ea0","002a9ea0","","Global","FUN_000cc4c0","000cc4c0","0"
"","Global","FUN_002a9f00","002a9f00","","Global","FUN_000cc520","000cc520","0"
"","Global","FUN_002aa260","002aa260","","Global","FUN_000cc870","000cc870","0"
"","Global","FUN_002aa410","002aa410","","Global","FUN_000ccaa0","000ccaa0","0"
"","Global","FUN_002aa580","002aa580","","Global","FUN_000ccc10","000ccc10","0"
"","Global","FUN_002aa8c0","002aa8c0","","Global","FUN_000cce70","000cce70","0"
"","Global","FUN_002aa920","002aa920","","Global","FUN_000cced0","000cced0","0"
"","Global","FUN_002aa940","002aa940","","Global","FUN_000ccef0","000ccef0","0"
"","Global","FUN_002aab40","002aab40","","Global","FUN_000cd110","000cd110","0"
"","Global","FUN_002aabf0","002aabf0","","Global","FUN_000cd1c0","000cd1c0","0"
"","Global","FUN_002aad20","002aad20","","Global","FUN_000cd3a0","000cd3a0","0"
"","Global","FUN_002aad90","002aad90","","Global","FUN_000cd410","000cd410","0"
"","Global","FUN_002aae40","002aae40","","Global","FUN_000cd4c0","000cd4c0","0"
"","Global","FUN_002aaea0","002aaea0","","Global","FUN_000cd540","000cd540","0"
"","Global","FUN_002aafc0","002aafc0","","Global","FUN_000cd790","000cd790","0"
"","Global","FUN_002ab010","002ab010","","Global","FUN_000cd7e0","000cd7e0","0"
"","Global","FUN_002ab180","002ab180","","Global","FUN_000cd8a0","000cd8a0","0"
"","Global","FUN_002ab520","002ab520","","Global","FUN_001053b0","001053b0","0"
"","Global","FUN_002ab540","002ab540","","Global","FUN_000cdc40","000cdc40","0"
"","Global","FUN_002ab5c0","002ab5c0","","Global","FUN_000cdcc0","000cdcc0","0"
"","Global","FUN_002ab7a0","002ab7a0","","Global","FUN_000cddb0","000cddb0","0"
"","Global","FUN_002ab810","002ab810","","Global","FUN_000cde20","000cde20","0"
"","Global","FUN_002ab8c0","002ab8c0","","Global","FUN_000cdf10","000cdf10","0"
"","Global","FUN_002ab950","002ab950","","Global","FUN_000cdfa0","000cdfa0","0"
"","Global","FUN_002abae0","002abae0","","Global","FUN_000ce130","000ce130","0"
"","Global","FUN_002abc20","002abc20","","Global","FUN_000ce270","000ce270","0"
"","Global","FUN_002abdb0","002abdb0","","Global","FUN_000ce400","000ce400","0"
"","Global","FUN_002abe40","002abe40","","Global","FUN_000ce490","000ce490","0"
"","Global","FUN_002abf50","002abf50","","Global","FUN_000ce5a0","000ce5a0","0"
"","Global","FUN_002abf80","002abf80","","Global","FUN_000ce5d0","000ce5d0","0"
"","Global","FUN_002abfc0","002abfc0","","Global","FUN_000ce610","000ce610","0"
"","Global","FUN_002ac1b0","002ac1b0","","Global","FUN_000ce7c0","000ce7c0","0"
"","Global","FUN_002ac4a0","002ac4a0","","Global","FUN_000ceab0","000ceab0","0"
"","Global","FUN_002ac530","002ac530","","Global","FUN_000ceb40","000ceb40","0"
"","Global","FUN_002ac870","002ac870","","Global","FUN_000cee80","000cee80","0"
"","Global","FUN_002ac900","002ac900","","Global","FUN_000cef10","000cef10","0"
"","Global","FUN_002aca10","002aca10","","Global","FUN_000cf020","000cf020","0"
"","Global","FUN_002acbd0","002acbd0","","Global","FUN_000cf1e0","000cf1e0","0"
"","Global","FUN_002acd20","002acd20","","Global","FUN_000cf330","000cf330","0"
"","Global","FUN_002ad1c0","002ad1c0","","Global","FUN_000cf820","000cf820","0"
"","Global","FUN_002ad590","002ad590","","Global","FUN_000cfbf0","000cfbf0","0"
"","Global","FUN_002adc40","002adc40","","Global","FUN_000d01f0","000d01f0","0"
"","Global","FUN_002adc90","002adc90","","Global","FUN_000d0240","000d0240","0"
"","Global","FUN_002ade20","002ade20","","Global","FUN_000d03d0","000d03d0","0"
"","Global","FUN_002ae1a0","002ae1a0","","Global","FUN_000d0940","000d0940","0"
"","Global","FUN_002ae240","002ae240","","Global","FUN_000d09e0","000d09e0","0"
"","Global","FUN_002ae340","002ae340","","Global","FUN_000d0ae0","000d0ae0","0"
"","Global","FUN_002ae530","002ae530","","Global","FUN_000d0cd0","000d0cd0","0"
"","Global","FUN_002ae650","002ae650","","Global","FUN_000d0e10","000d0e10","0"
"","Global","FUN_002ae9c0","002ae9c0","","Global","FUN_000d1160","000d1160","0"
"","Global","FUN_002aeb20","002aeb20","","Global","FUN_000d12c0","000d12c0","0"
"","Global","FUN_002af0d0","002af0d0","","Global","FUN_000d1850","000d1850","0"
"","Global","FUN_002af1c0","002af1c0","","Global","FUN_000d1940","000d1940","0"
"","Global","FUN_002af270","002af270","","Global","FUN_000d19f0","000d19f0","0"
"","Global","FUN_002af340","002af340","","Global","FUN_000d1ac0","000d1ac0","0"
"","Global","FUN_002af420","002af420","","Global","FUN_000d1ba0","000d1ba0","0"
"","Global","FUN_002af760","002af760","","Global","FUN_000d1f40","000d1f40","0"
"","Global","FUN_002af9a0","002af9a0","","Global","FUN_000d2180","000d2180","0"
"","Global","FUN_002afd60","002afd60","","Global","FUN_000d2630","000d2630","0"
"","Global","FUN_002afe60","002afe60","","Global","FUN_000d2730","000d2730","0"
"","Global","FUN_002b00a0","002b00a0","","Global","FUN_000d29e0","000d29e0","0"
"","Global","FUN_002b0120","002b0120","","Global","FUN_000d2a60","000d2a60","0"
"","Global","FUN_002b03a0","002b03a0","","Global","FUN_000d2d40","000d2d40","0"
"","Global","FUN_002b1a70","002b1a70","","Global","FUN_000d44e0","000d44e0","0"
"","Global","FUN_002b1b60","002b1b60","","Global","FUN_000d45d0","000d45d0","0"
"","Global","FUN_002b1c40","002b1c40","","Global","FUN_000d46b0","000d46b0","0"
"","Global","FUN_002b21a0","002b21a0","","Global","FUN_000d4c40","000d4c40","0"
"","Global","FUN_002b21d0","002b21d0","","Global","FUN_000d4c70","000d4c70","0"
"","Global","FUN_002b22a0","002b22a0","","Global","FUN_000d4d50","000d4d50","0"
"","Global","FUN_002b22c0","002b22c0","","Global","FUN_000d4d70","000d4d70","0"
"","Global","FUN_002b2380","002b2380","","Global","FUN_000d4e30","000d4e30","0"
"","Global","FUN_002b23a0","002b23a0","","Global","FUN_000d4e50","000d4e50","0"
"","Global","FUN_002b2400","002b2400","","Global","FUN_000d4eb0","000d4eb0","0"
"","Global","FUN_002b2d50","002b2d50","","Global","FUN_000d58a0","000d58a0","0"
"","Global","FUN_002b3f40","002b3f40","","Global","FUN_000d73c0","000d73c0","0"
"","Global","FUN_002b4250","002b4250","","Global","FUN_000d7720","000d7720","0"
"","Global","FUN_002b4950","002b4950","","Global","FUN_000c8060","000c8060","0"
"","Global","FUN_002b4a90","002b4a90","","Global","FUN_000c80e0","000c80e0","0"
"","Global","FUN_002b53b0","002b53b0","","Global","FUN_000ebe90","000ebe90","0"
"","Global","FUN_002b57d0","002b57d0","","Global","FUN_000ec2d0","000ec2d0","0"
"","Global","FUN_002b5930","002b5930","","Global","FUN_000ec440","000ec440","0"
"","Global","FUN_002b5a10","002b5a10","","Global","FUN_000ec520","000ec520","0"
"","Global","FUN_002b5a70","002b5a70","","Global","FUN_000ec580","000ec580","0"
"","Global","FUN_002b5b20","002b5b20","","Global","FUN_000ec630","000ec630","0"
"","Global","FUN_002b5c40","002b5c40","","Global","FUN_000ec750","000ec750","0"
"","Global","FUN_002b60f0","002b60f0","","Global","FUN_000ecbf0","000ecbf0","0"
"","Global","FUN_002b61b0","002b61b0","","Global","FUN_000eccb0","000eccb0","0"
"","Global","FUN_002b6410","002b6410","","Global","FUN_000ecf10","000ecf10","0"
"","Global","FUN_002b68c0","002b68c0","","Global","FUN_000ed350","000ed350","0"
"","Global","FUN_002b8820","002b8820","","Global","FUN_000ef390","000ef390","0"
"","Global","FUN_002b9160","002b9160","","Global","FUN_000efea0","000efea0","0"
"","Global","FUN_002b94a0","002b94a0","","Global","FUN_000f01f0","000f01f0","0"
"","Global","FUN_002b97f0","002b97f0","","Global","FUN_000f0580","000f0580","0"
"","Global","FUN_002b9cd0","002b9cd0","","Global","FUN_000f00a0","000f00a0","0"
"","Global","FUN_002ba2e0","002ba2e0","","Global","FUN_000f1120","000f1120","0"
"","Global","FUN_002ba610","002ba610","","Global","FUN_000f1450","000f1450","0"
"","Global","FUN_002ba740","002ba740","","Global","FUN_000f1580","000f1580","0"
"","Global","FUN_002baaa0","002baaa0","","Global","FUN_000f18e0","000f18e0","0"
"","Global","FUN_002bab90","002bab90","","Global","FUN_000f19d0","000f19d0","0"
"","Global","FUN_002bac60","002bac60","","Global","FUN_000f1aa0","000f1aa0","0"
"","Global","FUN_002bad30","002bad30","","Global","FUN_000f1b70","000f1b70","0"
"","Global","FUN_002baef0","002baef0","","Global","FUN_000f1d30","000f1d30","0"
"","Global","FUN_002bb3b0","002bb3b0","","Global","FUN_000f21f0","000f21f0","0"
"","Global","FUN_002bb5f0","002bb5f0","","Global","FUN_000f2420","000f2420","0"
"","Global","FUN_002bb6d0","002bb6d0","","Global","FUN_000f2500","000f2500","0"
"","Global","FUN_002bb970","002bb970","","Global","FUN_000f27a0","000f27a0","0"
"","Global","FUN_002bba90","002bba90","","Global","FUN_000f28c0","000f28c0","0"
"","Global","FUN_002bbb30","002bbb30","","Global","FUN_000f2960","000f2960","0"
"","Global","FUN_002bbdf0","002bbdf0","","Global","FUN_000f2c10","000f2c10","0"
"","Global","FUN_002bc0f0","002bc0f0","","Global","FUN_000f2f00","000f2f00","0"
"","Global","FUN_002bc130","002bc130","","Global","FUN_000f2f40","000f2f40","0"
"","Global","FUN_002bc340","002bc340","","Global","FUN_000f3120","000f3120","0"
"","Global","FUN_002bc4f0","002bc4f0","","Global","FUN_000f32d0","000f32d0","0"
"","Global","FUN_002bc5c0","002bc5c0","","Global","FUN_000f33a0","000f33a0","0"
"","Global","FUN_002bc6f0","002bc6f0","","Global","FUN_000f34d0","000f34d0","0"
"","Global","FUN_002bc750","002bc750","","Global","FUN_000f3530","000f3530","0"
"","Global","FUN_002bc990","002bc990","","Global","FUN_0010c210","0010c210","0"
"","Global","FUN_002bca90","002bca90","","Global","FUN_0010c2f0","0010c2f0","0"
"","Global","FUN_002bcb50","002bcb50","","Global","FUN_0010c3b0","0010c3b0","0"
"","Global","FUN_002bcbd0","002bcbd0","","Global","FUN_0010c430","0010c430","0"
"","Global","FUN_002bccb0","002bccb0","","Global","FUN_0010c520","0010c520","0"
"","Global","FUN_002bcdc0","002bcdc0","","Global","FUN_0010c630","0010c630","0"
"","Global","FUN_002bd160","002bd160","","Global","FUN_00079b00","00079b00","0"
"","Global","FUN_002bd1e0","002bd1e0","","Global","FUN_0010c9e0","0010c9e0","0"
"","Global","FUN_002bd330","002bd330","","Global","FUN_000d8190","000d8190","0"
"","Global","FUN_002bd370","002bd370","","Global","FUN_000d8660","000d8660","0"
"","Global","FUN_002bd460","002bd460","","Global","FUN_000d8750","000d8750","0"
"","Global","FUN_002bd4d0","002bd4d0","","Global","FUN_000d87c0","000d87c0","0"
"","Global","FUN_002bd6f0","002bd6f0","","Global","FUN_000d89e0","000d89e0","0"
"","Global","FUN_002bd780","002bd780","","Global","FUN_000d8af0","000d8af0","0"
"","Global","FUN_002bd8a0","002bd8a0","","Global","FUN_000d8c10","000d8c10","0"
"","Global","FUN_002bd9a0","002bd9a0","","Global","FUN_000d8d10","000d8d10","0"
"","Global","FUN_002bde30","002bde30","","Global","FUN_000d91a0","000d91a0","0"
"","Global","FUN_002be3a0","002be3a0","","Global","FUN_000d9710","000d9710","0"
"","Global","FUN_002be3f0","002be3f0","","Global","FUN_000d9760","000d9760","0"
"","Global","FUN_002be4f2","002be4f2","","Global","FUN_000d9862","000d9862","0"
"","Global","FUN_002bee80","002bee80","","Global","FUN_000dac60","000dac60","0"
"","Global","FUN_002bf170","002bf170","","Global","FUN_000daf50","000daf50","0"
"","Global","FUN_002bf360","002bf360","","Global","FUN_000db2f0","000db2f0","0"
"","Global","FUN_002bfa30","002bfa30","","Global","FUN_000dba50","000dba50","0"
"","Global","FUN_002bfd90","002bfd90","","Global","FUN_000dbe50","000dbe50","0"
"","Global","FUN_002c1280","002c1280","","Global","FUN_000dd530","000dd530","0"
"","Global","FUN_002c1320","002c1320","","Global","FUN_000dd5d0","000dd5d0","0"
"","Global","FUN_002c13e0","002c13e0","","Global","FUN_000dd690","000dd690","0"
"","Global","FUN_002c14a0","002c14a0","","Global","FUN_000dd770","000dd770","0"
"","Global","FUN_002c14d0","002c14d0","","Global","FUN_000dd7e0","000dd7e0","0"
"","Global","FUN_002c1f20","002c1f20","","Global","FUN_000dde50","000dde50","0"
"","Global","FUN_002c2010","002c2010","","Global","FUN_000f38c0","000f38c0","0"
"","Global","FUN_002c2210","002c2210","","Global","FUN_000f3ac0","000f3ac0","0"
"","Global","FUN_002c22b0","002c22b0","","Global","FUN_000f3b60","000f3b60","0"
"","Global","FUN_002c2350","002c2350","","Global","FUN_000f3c00","000f3c00","0"
"","Global","FUN_002c24b0","002c24b0","","Global","FUN_000f3d60","000f3d60","0"
"","Global","FUN_002c28e0","002c28e0","","Global","FUN_000f41a0","000f41a0","0"
"","Global","FUN_002c2990","002c2990","","Global","FUN_000f4250","000f4250","0"
"","Global","FUN_002c2bb0","002c2bb0","","Global","FUN_000f4470","000f4470","0"
"","Global","FUN_002c2ca0","002c2ca0","","Global","FUN_000f4560","000f4560","0"
"","Global","FUN_002c2ff0","002c2ff0","","Global","FUN_000f4880","000f4880","0"
"","Global","FUN_002c31c0","002c31c0","","Global","FUN_000f4a50","000f4a50","0"
"","Global","FUN_002c3230","002c3230","","Global","FUN_000f4ac0","000f4ac0","0"
"","Global","FUN_002c3240","002c3240","","Global","FUN_000f4ad0","000f4ad0","0"
"","Global","FUN_002c32d0","002c32d0","","Global","FUN_000f5700","000f5700","0"
"","Global","FUN_002c4020","002c4020","","Global","FUN_000f6680","000f6680","0"
"","Global","FUN_002c4620","002c4620","","Global","FUN_000f6d00","000f6d00","0"
"","Global","FUN_002c46e0","002c46e0","","Global","FUN_000f6dc0","000f6dc0","0"
"","Global","FUN_002c47a0","002c47a0","","Global","FUN_000f6ea0","000f6ea0","0"
"","Global","FUN_002c49a0","002c49a0","","Global","FUN_000f7140","000f7140","0"
"","Global","FUN_002c4a90","002c4a90","","Global","FUN_000f7250","000f7250","0"
"","Global","FUN_002c4b00","002c4b00","","Global","FUN_000f72c0","000f72c0","0"
"","Global","FUN_002c4e00","002c4e00","","Global","FUN_000f7650","000f7650","0"
"","Global","FUN_002c4f40","002c4f40","","Global","FUN_000f7790","000f7790","0"
"","Global","FUN_002c4fb0","002c4fb0","","Global","FUN_000f7800","000f7800","0"
"","Global","FUN_002c50b0","002c50b0","","Global","FUN_000f7900","000f7900","0"
"","Global","FUN_002c5360","002c5360","","Global","FUN_000f7c20","000f7c20","0"
"","Global","FUN_002c53e0","002c53e0","","Global","FUN_000f7ca0","000f7ca0","0"
"","Global","FUN_002c5570","002c5570","","Global","FUN_000f7e40","000f7e40","0"
"","Global","FUN_002c5760","002c5760","","Global","FUN_000f8b60","000f8b60","0"
"","Global","FUN_002c5820","002c5820","","Global","FUN_000f8c30","000f8c30","0"
"","Global","FUN_002c71d0","002c71d0","","Global","FUN_000de240","000de240","0"
"","Global","FUN_002c7250","002c7250","","Global","FUN_000de360","000de360","0"
"","Global","FUN_002c7320","002c7320","","Global","FUN_000de430","000de430","0"
"","Global","FUN_002c7410","002c7410","","Global","FUN_000de520","000de520","0"
"","Global","FUN_002c74d0","002c74d0","","Global","FUN_000de5e0","000de5e0","0"
"","Global","FUN_002c7560","002c7560","","Global","FUN_000de670","000de670","0"
"","Global","FUN_002c7670","002c7670","","Global","FUN_000de780","000de780","0"
"","Global","FUN_002c7730","002c7730","","Global","FUN_000de840","000de840","0"
"","Global","FUN_002c7890","002c7890","","Global","FUN_000de9a0","000de9a0","0"
"","Global","FUN_002c7900","002c7900","","Global","FUN_000dea10","000dea10","0"
"","Global","FUN_002c7cc0","002c7cc0","","Global","FUN_000dedb0","000dedb0","0"
"","Global","FUN_002c7ee0","002c7ee0","","Global","FUN_000df050","000df050","0"
"","Global","FUN_002c7f80","002c7f80","","Global","FUN_000df110","000df110","0"
"","Global","FUN_002c8040","002c8040","","Global","FUN_000df2f0","000df2f0","0"
"","Global","FUN_002c8f20","002c8f20","","Global","FUN_000e0540","000e0540","0"
"","Global","FUN_002c8f50","002c8f50","","Global","FUN_000e0570","000e0570","0"
"","Global","FUN_002c94e0","002c94e0","","Global","FUN_000e0890","000e0890","0"
"","Global","FUN_002c9580","002c9580","","Global","FUN_000e0930","000e0930","0"
"","Global","FUN_002c9780","002c9780","","Global","FUN_000e0b30","000e0b30","0"
"","Global","FUN_002cc980","002cc980","","Global","FUN_000e3e90","000e3e90","0"
"","Global","FUN_002cca00","002cca00","","Global","FUN_000e3f30","000e3f30","0"
"","Global","FUN_002cccc0","002cccc0","","Global","FUN_000e41b0","000e41b0","0"
"","Global","FUN_002ce0c0","002ce0c0","","Global","FUN_000e5d50","000e5d50","0"
"","Global","FUN_002ce130","002ce130","","Global","FUN_000e6570","000e6570","0"
"","Global","FUN_002ce3e0","002ce3e0","","Global","FUN_000e6860","000e6860","0"
"","Global","FUN_002ce4f0","002ce4f0","","Global","FUN_000e6970","000e6970","0"
"","Global","FUN_002ce5d0","002ce5d0","","Global","FUN_000e6a70","000e6a70","0"
"","Global","FUN_002ce690","002ce690","","Global","FUN_000e6ad0","000e6ad0","0"
"","Global","FUN_002ce980","002ce980","","Global","FUN_000e6d10","000e6d10","0"
"","Global","FUN_002ce9d0","002ce9d0","","Global","FUN_000e6da0","000e6da0","0"
"","Global","FUN_002ceaa0","002ceaa0","","Global","FUN_000e6e70","000e6e70","0"
"","Global","FUN_002d12f0","002d12f0","","Global","FUN_000e9800","000e9800","0"
"","Global","FUN_002d1530","002d1530","","Global","FUN_000e9a40","000e9a40","0"
"","Global","FUN_002d1800","002d1800","","Global","FUN_000e9d40","000e9d40","0"
"","Global","FUN_002d18b0","002d18b0","","Global","FUN_000e9df0","000e9df0","0"
"","Global","FUN_002d2310","002d2310","","Global","FUN_000ea040","000ea040","0"
"","Global","FUN_002d23a0","002d23a0","","Global","FUN_000ea100","000ea100","0"
"","Global","FUN_002d23d0","002d23d0","","Global","FUN_000ea130","000ea130","0"
"","Global","FUN_002d2530","002d2530","","Global","FUN_000ea2a0","000ea2a0","0"
"","Global","FUN_002d27e0","002d27e0","","Global","FUN_000ea550","000ea550","0"
"","Global","FUN_002d2b50","002d2b50","","Global","FUN_000ea8d0","000ea8d0","0"
"","Global","FUN_002d2df0","002d2df0","","Global","FUN_000eadf0","000eadf0","0"
"","Global","FUN_002d2fd0","002d2fd0","","Global","FUN_000eafe0","000eafe0","0"
"","Global","FUN_002d44c0","002d44c0","","Global","FUN_000fb030","000fb030","0"
"","Global","FUN_002d5c60","002d5c60","","Global","FUN_00030f40","00030f40","0"
"","Global","FUN_002d5ca0","002d5ca0","","Global","FUN_001160f0","001160f0","0"
"","Global","FUN_002d5ff0","002d5ff0","","Global","FUN_000312d0","000312d0","0"
"","Global","FUN_002d6530","002d6530","","Global","FUN_000318e0","000318e0","0"
"","Global","FUN_002d6ca0","002d6ca0","","Global","FUN_00033040","00033040","0"
"","Global","FUN_002d6cd0","002d6cd0","","Global","FUN_000332f0","000332f0","0"
"","Global","FUN_002d6d00","002d6d00","","Global","FUN_00033320","00033320","0"
"","Global","FUN_002d70c0","002d70c0","","Global","FUN_00033fb0","00033fb0","0"
"","Global","FUN_002d7d90","002d7d90","","Global","FUN_00035d20","00035d20","0"
"","Global","FUN_002d7fb0","002d7fb0","","Global","FUN_00036120","00036120","0"
"","Global","FUN_002d82f0","002d82f0","","Global","FUN_00036460","00036460","0"
"","Global","FUN_002d86e0","002d86e0","","Global","FUN_000368a0","000368a0","0"
"","Global","FUN_002d8f30","002d8f30","","Global","FUN_000371f0","000371f0","0"
"","Global","FUN_002d8f80","002d8f80","","Global","FUN_00037240","00037240","0"
"","Global","FUN_002d9180","002d9180","","Global","FUN_00037410","00037410","0"
"","Global","FUN_002d93a0","002d93a0","","Global","FUN_00037af0","00037af0","0"
"","Global","FUN_002d93e0","002d93e0","","Global","FUN_00037b90","00037b90","0"
"","Global","FUN_002d9460","002d9460","","Global","FUN_00037dc0","00037dc0","0"
"","Global","FUN_002da1a0","002da1a0","","Global","FUN_00038ff0","00038ff0","0"
"","Global","FUN_002da1d0","002da1d0","","Global","FUN_000390b0","000390b0","0"
"","Global","FUN_002da1f0","002da1f0","","Global","FUN_000390d0","000390d0","0"
"","Global","FUN_002da240","002da240","","Global","FUN_00039150","00039150","0"
"","Global","FUN_002da300","002da300","","Global","FUN_00039210","00039210","0"
"","Global","FUN_002da460","002da460","","Global","FUN_00039430","00039430","0"
"","Global","FUN_002da4b0","002da4b0","","Global","FUN_00039490","00039490","0"
"","Global","FUN_002da8b0","002da8b0","","Global","FUN_000399e0","000399e0","0"
"","Global","FUN_002da900","002da900","","Global","FUN_00039c60","00039c60","0"
"","Global","FUN_002dabf0","002dabf0","","Global","FUN_0003a600","0003a600","0"
"","Global","FUN_002dad30","002dad30","","Global","FUN_0003a9c0","0003a9c0","0"
"","Global","FUN_002daee0","002daee0","","Global","FUN_000a00b0","000a00b0","0"
"","Global","FUN_002daf30","002daf30","","Global","FUN_000a0160","000a0160","0"
"","Global","FUN_002db180","002db180","","Global","FUN_000a06e0","000a06e0","0"
"","Global","FUN_002db4f0","002db4f0","","Global","FUN_000fd240","000fd240","0"
"","Global","FUN_002db560","002db560","","Global","FUN_000fd2b0","000fd2b0","0"
"","Global","FUN_002db670","002db670","","Global","FUN_000fd3c0","000fd3c0","0"
"","Global","FUN_002db730","002db730","","Global","FUN_000fd480","000fd480","0"
"","Global","FUN_002db7a0","002db7a0","","Global","FUN_000fd4f0","000fd4f0","0"
"","Global","FUN_002db800","002db800","","Global","FUN_000fd550","000fd550","0"
"","Global","FUN_002db870","002db870","","Global","FUN_000fd5c0","000fd5c0","0"
"","Global","FUN_002db8a0","002db8a0","","Global","FUN_000fd5f0","000fd5f0","0"
"","Global","FUN_002db900","002db900","","Global","FUN_000fd650","000fd650","0"
"","Global","FUN_002dba20","002dba20","","Global","FUN_000fd770","000fd770","0"
"","Global","FUN_002dbb50","002dbb50","","Global","FUN_000fd8a0","000fd8a0","0"
"","Global","FUN_002dbc30","002dbc30","","Global","FUN_000fd980","000fd980","0"
"","Global","FUN_002dbd10","002dbd10","","Global","FUN_000fda60","000fda60","0"
"","Global","FUN_002dbe00","002dbe00","","Global","FUN_000fdb50","000fdb50","0"
"","Global","FUN_002dbe80","002dbe80","","Global","FUN_000fdbd0","000fdbd0","0"
"","Global","FUN_002dbf30","002dbf30","","Global","FUN_000fdc80","000fdc80","0"
"","Global","FUN_002dbf50","002dbf50","","Global","FUN_000fdca0","000fdca0","0"
"","Global","FUN_002dc370","002dc370","","Global","FUN_000fe0c0","000fe0c0","0"
"","Global","FUN_002dc3a0","002dc3a0","","Global","FUN_000fe0f0","000fe0f0","0"
"","Global","FUN_002dc420","002dc420","","Global","FUN_000fe170","000fe170","0"
"","Global","FUN_002dc450","002dc450","","Global","FUN_000fe1a0","000fe1a0","0"
"","Global","FUN_002dc6d0","002dc6d0","","Global","FUN_000fe420","000fe420","0"
"","Global","FUN_002dc800","002dc800","","Global","FUN_000fe560","000fe560","0"
"","Global","FUN_002dc870","002dc870","","Global","FUN_000fe5d0","000fe5d0","0"
"","Global","FUN_002dcab0","002dcab0","","Global","FUN_000fe810","000fe810","0"
"","Global","FUN_002dcb90","002dcb90","","Global","FUN_000fe8f0","000fe8f0","0"
"","Global","FUN_002dcc90","002dcc90","","Global","FUN_000fe9f0","000fe9f0","0"
"","Global","FUN_002dcd50","002dcd50","","Global","FUN_000feab0","000feab0","0"
"","Global","FUN_002dcdc0","002dcdc0","","Global","FUN_000feb20","000feb20","0"
"","Global","FUN_002dce50","002dce50","","Global","FUN_000febb0","000febb0","0"
"","Global","FUN_002dd200","002dd200","","Global","FUN_000fef60","000fef60","0"
"","Global","FUN_002dd3b0","002dd3b0","","Global","FUN_000ff110","000ff110","0"
"","Global","FUN_002dd4b0","002dd4b0","","Global","FUN_000ff210","000ff210","0"
"","Global","FUN_002dd5a0","002dd5a0","","Global","FUN_000ff300","000ff300","0"
"","Global","FUN_002dd860","002dd860","","Global","FUN_000ff5c0","000ff5c0","0"
"","Global","FUN_002dd8a0","002dd8a0","","Global","FUN_000ff600","000ff600","0"
"","Global","FUN_002dd920","002dd920","","Global","FUN_000ff680","000ff680","0"
"","Global","FUN_002ddb80","002ddb80","","Global","FUN_000ff8c0","000ff8c0","0"
"","Global","FUN_002ddbf0","002ddbf0","","Global","FUN_000ff930","000ff930","0"
"","Global","FUN_002ddc80","002ddc80","","Global","FUN_000ff9c0","000ff9c0","0"
"","Global","FUN_002ddd60","002ddd60","","Global","FUN_000ffaa0","000ffaa0","0"
"","Global","FUN_002dde80","002dde80","","Global","FUN_000ffbc0","000ffbc0","0"
"","Global","FUN_002ddeb0","002ddeb0","","Global","FUN_000ffbf0","000ffbf0","0"
"","Global","FUN_002dded0","002dded0","","Global","FUN_000ffc10","000ffc10","0"
"","Global","FUN_002ddf20","002ddf20","","Global","FUN_000ffc60","000ffc60","0"
"","Global","FUN_002ddf40","002ddf40","","Global","FUN_000ffc80","000ffc80","0"
"","Global","FUN_002ddfa0","002ddfa0","","Global","FUN_000ffce0","000ffce0","0"
"","Global","FUN_002de010","002de010","","Global","FUN_000ffd50","000ffd50","0"
"","Global","FUN_002de1d0","002de1d0","","Global","FUN_0009f2c0","0009f2c0","0"
"","Global","FUN_002de3a0","002de3a0","","Global","FUN_0009f490","0009f490","0"
"","Global","FUN_002de3d0","002de3d0","","Global","FUN_0009f4c0","0009f4c0","0"
"","Global","FUN_002de420","002de420","","Global","FUN_0009f510","0009f510","0"
"","Global","FUN_002de4e0","002de4e0","","Global","FUN_0009f5d0","0009f5d0","0"
"","Global","FUN_002de530","002de530","","Global","FUN_0009f620","0009f620","0"
"","Global","FUN_002de910","002de910","","Global","FUN_0009f9d0","0009f9d0","0"
"","Global","FUN_002deaf0","002deaf0","","Global","FUN_0009fc50","0009fc50","0"
"","Global","FUN_002dec20","002dec20","","Global","FUN_0009fd70","0009fd70","0"
"","Global","FUN_002df620","002df620","","Global","FUN_00103da0","00103da0","0"
"","Global","FUN_002e0830","002e0830","","Global","FUN_00100810","00100810","0"
"","Global","FUN_002e0860","002e0860","","Global","FUN_00100840","00100840","0"
"","Global","FUN_002e0ab0","002e0ab0","","Global","FUN_00100a90","00100a90","0"
"","Global","FUN_002e0b50","002e0b50","","Global","FUN_00100b30","00100b30","0"
"","Global","FUN_002e0ea0","002e0ea0","","Global","FUN_00100eb0","00100eb0","0"
"","Global","FUN_002e17f0","002e17f0","","Global","FUN_00101800","00101800","0"
"","Global","FUN_002e1d40","002e1d40","","Global","FUN_00101d50","00101d50","0"
"","Global","FUN_002e1d70","002e1d70","","Global","FUN_00101d80","00101d80","0"
"","Global","FUN_002e1e40","002e1e40","","Global","FUN_00101e50","00101e50","0"
"","Global","FUN_002e2150","002e2150","","Global","FUN_00102160","00102160","0"
"","Global","FUN_002e2190","002e2190","","Global","FUN_001021a0","001021a0","0"
"","Global","FUN_002e21c0","002e21c0","","Global","FUN_001021d0","001021d0","0"
"","Global","FUN_002e2270","002e2270","","Global","FUN_00102280","00102280","0"
"","Global","FUN_002e2300","002e2300","","Global","FUN_00102310","00102310","0"
"","Global","FUN_002e23d0","002e23d0","","Global","FUN_001023e0","001023e0","0"
"","Global","FUN_002e2500","002e2500","","Global","FUN_00102530","00102530","0"
"","Global","FUN_002e25e0","002e25e0","","Global","FUN_00102610","00102610","0"
"","Global","FUN_002e2600","002e2600","","Global","FUN_00102650","00102650","0"
"","Global","FUN_002e2860","002e2860","","Global","FUN_001028b0","001028b0","0"
"","Global","FUN_002e28f0","002e28f0","","Global","FUN_00102940","00102940","0"
"","Global","FUN_002e2ac0","002e2ac0","","Global","FUN_00102b10","00102b10","0"
"","Global","FUN_002e2b10","002e2b10","","Global","FUN_00102b60","00102b60","0"
"","Global","FUN_002e2b30","002e2b30","","Global","FUN_00102b80","00102b80","0"
"","Global","FUN_002e2df0","002e2df0","","Global","FUN_00102e40","00102e40","0"
"","Global","FUN_002e2e20","002e2e20","","Global","FUN_00102e70","00102e70","0"
"","Global","FUN_002e2e40","002e2e40","","Global","FUN_00102e90","00102e90","0"
"","Global","FUN_002e32d0","002e32d0","","Global","FUN_001044f0","001044f0","0"
"","Global","FUN_002e3320","002e3320","","Global","FUN_00104570","00104570","0"
"","Global","FUN_002e3400","002e3400","","Global","FUN_00104680","00104680","0"
"","Global","FUN_002e3480","002e3480","","Global","FUN_00104700","00104700","0"
"","Global","FUN_002e34f0","002e34f0","","Global","FUN_001047f0","001047f0","0"
"","Global","FUN_002e35c0","002e35c0","","Global","FUN_001048c0","001048c0","0"
"","Global","FUN_002e36f0","002e36f0","","Global","FUN_001049c0","001049c0","0"
"","Global","FUN_002e37d0","002e37d0","","Global","FUN_00104aa0","00104aa0","0"
"","Global","FUN_002e3b80","002e3b80","","Global","FUN_00104e50","00104e50","0"
"","Global","FUN_002e3f10","002e3f10","","Global","FUN_001053d0","001053d0","0"
"","Global","FUN_002e4020","002e4020","","Global","FUN_000664f0","000664f0","0"
"","Global","FUN_002e40b0","002e40b0","","Global","FUN_00107e60","00107e60","0"
"","Global","FUN_002e4fd0","002e4fd0","","Global","FUN_00109160","00109160","0"
"","Global","FUN_002e4ff0","002e4ff0","","Global","FUN_00109180","00109180","0"
"","Global","FUN_002e53c0","002e53c0","","Global","FUN_000eb6d0","000eb6d0","0"
"","Global","FUN_002e5490","002e5490","","Global","FUN_000eb7a0","000eb7a0","0"
"","Global","FUN_002e54c0","002e54c0","","Global","FUN_000eb7d0","000eb7d0","0"
"","Global","FUN_002e5610","002e5610","","Global","FUN_000eb920","000eb920","0"
"","Global","FUN_002e56a0","002e56a0","","Global","FUN_0009f150","0009f150","0"
"","Global","FUN_002e5860","002e5860","","Global","FUN_00103900","00103900","0"
"","Global","FUN_002e5880","002e5880","","Global","FUN_00103920","00103920","0"
"","Global","FUN_002e58c0","002e58c0","","Global","FUN_00103960","00103960","0"
"","Global","FUN_002e59c0","002e59c0","","Global","FUN_00103ad0","00103ad0","0"
"","Global","FUN_002e6160","002e6160","","Global","FUN_001040e0","001040e0","0"
"","Global","FUN_002e63f0","002e63f0","","Global","FUN_0010cb40","0010cb40","0"
"","Global","FUN_002e69e0","002e69e0","","Global","FUN_0010d360","0010d360","0"
"","Global","FUN_002e6a20","002e6a20","","Global","FUN_0010d3a0","0010d3a0","0"
"","Global","FUN_002e76b0","002e76b0","","Global","FUN_0010e110","0010e110","0"
"","Global","FUN_002e7740","002e7740","","Global","FUN_0010e1a0","0010e1a0","0"
"","Global","FUN_002e77d0","002e77d0","","Global","FUN_000a1850","000a1850","0"
"","Global","FUN_002e78a0","002e78a0","","Global","FUN_000a1920","000a1920","0"
"","Global","FUN_002e78c0","002e78c0","","Global","FUN_000a1940","000a1940","0"
"","Global","FUN_002e78e0","002e78e0","","Global","FUN_000a1980","000a1980","0"
"","Global","FUN_002e7940","002e7940","","Global","FUN_000a19e0","000a19e0","0"
"","Global","FUN_002e7d30","002e7d30","","Global","FUN_000a1dd0","000a1dd0","0"
"","Global","FUN_002e8020","002e8020","","Global","FUN_000a20c0","000a20c0","0"
"","Global","FUN_002e8140","002e8140","","Global","FUN_000a21e0","000a21e0","0"
"","Global","FUN_002e81f0","002e81f0","","Global","FUN_000a2290","000a2290","0"
"","Global","FUN_002e8390","002e8390","","Global","FUN_000a2430","000a2430","0"
"","Global","FUN_002e8540","002e8540","","Global","FUN_000a25e0","000a25e0","0"
"","Global","FUN_002e85f0","002e85f0","","Global","FUN_0010f0c0","0010f0c0","0"
"","Global","FUN_002e8700","002e8700","","Global","FUN_0010f1d0","0010f1d0","0"
"","Global","FUN_002e8810","002e8810","","Global","FUN_0010f2f0","0010f2f0","0"
"","Global","FUN_002e8890","002e8890","","Global","FUN_0010f4a0","0010f4a0","0"
"","Global","FUN_002e88b0","002e88b0","","Global","FUN_0010f4c0","0010f4c0","0"
"","Global","FUN_002e8970","002e8970","","Global","FUN_0010f580","0010f580","0"
"","Global","FUN_002e9050","002e9050","","Global","FUN_0010fc60","0010fc60","0"
"","Global","FUN_002e9180","002e9180","","Global","FUN_0010fd90","0010fd90","0"
"","Global","FUN_002e9250","002e9250","","Global","FUN_0010feb0","0010feb0","0"
"","Global","FUN_002e93f0","002e93f0","","Global","FUN_00110050","00110050","0"
"","Global","FUN_002e9510","002e9510","","Global","FUN_00110170","00110170","0"
"","Global","FUN_002e9570","002e9570","","Global","FUN_001101d0","001101d0","0"
"","Global","FUN_002e9590","002e9590","","Global","FUN_001101f0","001101f0","0"
"","Global","FUN_002e96c0","002e96c0","","Global","FUN_00110320","00110320","0"
"","Global","FUN_002e9700","002e9700","","Global","FUN_00110360","00110360","0"
"","Global","FUN_002e97b0","002e97b0","","Global","FUN_00110410","00110410","0"
"","Global","FUN_002e9ae0","002e9ae0","","Global","FUN_001112e0","001112e0","0"
"","Global","FUN_002e9d60","002e9d60","","Global","FUN_00111560","00111560","0"
"","Global","FUN_002e9dd0","002e9dd0","","Global","FUN_001115d0","001115d0","0"
"","Global","FUN_002e9e00","002e9e00","","Global","FUN_00111600","00111600","0"
"","Global","FUN_002ea030","002ea030","","Global","FUN_00111830","00111830","0"
"","Global","FUN_002ea050","002ea050","","Global","FUN_00111850","00111850","0"
"","Global","FUN_002ea140","002ea140","","Global","FUN_00111940","00111940","0"
"","Global","FUN_002ea180","002ea180","","Global","FUN_00111980","00111980","0"
"","Global","FUN_002ea280","002ea280","","Global","FUN_00111a80","00111a80","0"
"","Global","FUN_002ea450","002ea450","","Global","FUN_00111c50","00111c50","0"
"","Global","FUN_002ea5f0","002ea5f0","","Global","FUN_00111df0","00111df0","0"
"","Global","FUN_002ea800","002ea800","","Global","FUN_00112000","00112000","0"
"","Global","FUN_002ea814","002ea814","","Global","FUN_00112014","00112014","0"
"","Global","FUN_002eaa30","002eaa30","","Global","FUN_00112230","00112230","0"
"","Global","FUN_002eaad0","002eaad0","","Global","FUN_001122d0","001122d0","0"
"","Global","FUN_002eab10","002eab10","","Global","FUN_00112310","00112310","0"
"","Global","FUN_002eb1a0","002eb1a0","","Global","FUN_001129a0","001129a0","0"
"","Global","FUN_002eb1d0","002eb1d0","","Global","FUN_001129d0","001129d0","0"
"","Global","FUN_002eb3e0","002eb3e0","","Global","FUN_00112be0","00112be0","0"
"","Global","FUN_002eb540","002eb540","","Global","FUN_00112d40","00112d40","0"
"","Global","FUN_002eb950","002eb950","","Global","FUN_00113150","00113150","0"
"","Global","FUN_002ebb40","002ebb40","","Global","FUN_00113340","00113340","0"
"","Global","FUN_002ebba0","002ebba0","","Global","FUN_001133a0","001133a0","0"
"","Global","FUN_002ebc00","002ebc00","","Global","FUN_00113400","00113400","0"
"","Global","FUN_002ebc80","002ebc80","","Global","FUN_00113480","00113480","0"
"","Global","FUN_002ebd30","002ebd30","","Global","FUN_00113530","00113530","0"
"","Global","FUN_002ebda0","002ebda0","","Global","FUN_001135a0","001135a0","0"
"","Global","FUN_002ebe40","002ebe40","","Global","FUN_00113640","00113640","0"
"","Global","FUN_002ebee0","002ebee0","","Global","FUN_001136e0","001136e0","0"
"","Global","FUN_002ec540","002ec540","","Global","FUN_00113d40","00113d40","0"
"","Global","FUN_002ec570","002ec570","","Global","FUN_00113d70","00113d70","0"
"","Global","FUN_002ec590","002ec590","","Global","FUN_00113d90","00113d90","0"
"","Global","FUN_002ec5c0","002ec5c0","","Global","FUN_00113dc0","00113dc0","0"
"","Global","FUN_002ec8d0","002ec8d0","","Global","FUN_001140d0","001140d0","0"
"","Global","FUN_002ec920","002ec920","","Global","FUN_00114120","00114120","0"
"","Global","FUN_002ec980","002ec980","","Global","FUN_00114180","00114180","0"
"","Global","FUN_002eca30","002eca30","","Global","FUN_00114230","00114230","0"
"","Global","FUN_002ecb40","002ecb40","","Global","FUN_00109660","00109660","0"
"","Global","FUN_002ecbf0","002ecbf0","","Global","FUN_00109710","00109710","0"
"","Global","FUN_002ecd10","002ecd10","","Global","FUN_00109830","00109830","0"
"","Global","FUN_002ecd60","002ecd60","","Global","FUN_00109880","00109880","0"
"","Global","FUN_002ecde0","002ecde0","","Global","FUN_00109900","00109900","0"
"","Global","FUN_002ece60","002ece60","","Global","FUN_00109980","00109980","0"
"","Global","FUN_002ecf80","002ecf80","","Global","FUN_00109ac0","00109ac0","0"
"","Global","FUN_002ed140","002ed140","","Global","FUN_00109c80","00109c80","0"
"","Global","FUN_002ed180","002ed180","","Global","FUN_00109cc0","00109cc0","0"
"","Global","FUN_002ed290","002ed290","","Global","FUN_00109de0","00109de0","0"
"","Global","FUN_002ed420","002ed420","","Global","FUN_0010a080","0010a080","0"
"","Global","FUN_002ed4f0","002ed4f0","","Global","FUN_0010a140","0010a140","0"
"","Global","FUN_002ed5d0","002ed5d0","","Global","FUN_0010a220","0010a220","0"
"","Global","FUN_002ed720","002ed720","","Global","FUN_0010a3a0","0010a3a0","0"
"","Global","FUN_002ed8f0","002ed8f0","","Global","FUN_0010a740","0010a740","0"
"","Global","FUN_002ed940","002ed940","","Global","FUN_0010a7f0","0010a7f0","0"
"","Global","FUN_002ed9b0","002ed9b0","","Global","FUN_0010a8d0","0010a8d0","0"
"","Global","FUN_002ed9e0","002ed9e0","","Global","FUN_0010a900","0010a900","0"
"","Global","FUN_002ee270","002ee270","","Global","FUN_0010b190","0010b190","0"
"","Global","FUN_002ee570","002ee570","","Global","FUN_0010b490","0010b490","0"
"","Global","FUN_002eee40","002eee40","","Global","FUN_0010bd60","0010bd60","0"
"","Global","FUN_002ef2d0","002ef2d0","","Global","FUN_000a7120","000a7120","0"
"","Global","FUN_002ef320","002ef320","","Global","FUN_0011c690","0011c690","0"
"","Global","FUN_002ef630","002ef630","","Global","FUN_0011c9b0","0011c9b0","0"
"","Global","FUN_002f0020","002f0020","","Global","FUN_0011d0a0","0011d0a0","0"
"","Global","FUN_002f0050","002f0050","","Global","FUN_0011d0d0","0011d0d0","0"
"","Global","FUN_002f0070","002f0070","","Global","FUN_0011d0f0","0011d0f0","0"
"","Global","FUN_002f0290","002f0290","","Global","FUN_0011d320","0011d320","0"
"","Global","FUN_002f04c0","002f04c0","","Global","FUN_0011d570","0011d570","0"
"","Global","FUN_002f0510","002f0510","","Global","FUN_0011d5c0","0011d5c0","0"
"","Global","FUN_002f0630","002f0630","","Global","FUN_0011d6e0","0011d6e0","0"
"","Global","FUN_002f0670","002f0670","","Global","FUN_0011d720","0011d720","0"
"","Global","FUN_002f06e0","002f06e0","","Global","FUN_0011d790","0011d790","0"
"","Global","FUN_002f1170","002f1170","","Global","FUN_0010e7f0","0010e7f0","0"
"","Global","FUN_002f11a0","002f11a0","","Global","FUN_0010e820","0010e820","0"
"","Global","FUN_002f1370","002f1370","","Global","FUN_0010e9f0","0010e9f0","0"
"","Global","FUN_002f13c0","002f13c0","","Global","FUN_0010ea40","0010ea40","0"
"","Global","FUN_002f1420","002f1420","","Global","FUN_0010eaa0","0010eaa0","0"
"","Global","FUN_002f1510","002f1510","","Global","FUN_0010ec50","0010ec50","0"
"","Global","FUN_002f1550","002f1550","","Global","FUN_0010ec90","0010ec90","0"
"","Global","FUN_002f15f0","002f15f0","","Global","FUN_0010ed30","0010ed30","0"
"","Global","FUN_002f18b0","002f18b0","","Global","FUN_0010eff0","0010eff0","0"
"","Global","FUN_002f1900","002f1900","","Global","FUN_0010f040","0010f040","0"
"","Global","FUN_002f1b00","002f1b00","","Global","FUN_0011e670","0011e670","0"
"","Global","FUN_002f1bc0","002f1bc0","","Global","FUN_0011e730","0011e730","0"
"","Global","FUN_002f1c10","002f1c10","","Global","FUN_0011e780","0011e780","0"
"","Global","FUN_002f1e10","002f1e10","","Global","FUN_0011e9b0","0011e9b0","0"
"","Global","FUN_002f1e40","002f1e40","","Global","FUN_0011e9e0","0011e9e0","0"
"","Global","FUN_002f1e90","002f1e90","","Global","FUN_0011ea30","0011ea30","0"
"","Global","FUN_002f2160","002f2160","","Global","FUN_0011ecd0","0011ecd0","0"
"","Global","FUN_002f2230","002f2230","","Global","FUN_0011edb0","0011edb0","0"
"","Global","FUN_002f2260","002f2260","","Global","FUN_0011ede0","0011ede0","0"
"","Global","FUN_002f2410","002f2410","","Global","FUN_0011ef90","0011ef90","0"
"","Global","FUN_002f2430","002f2430","","Global","FUN_0011efb0","0011efb0","0"
"","Global","FUN_002f2450","002f2450","","Global","FUN_0011efd0","0011efd0","0"
"","Global","FUN_002f2530","002f2530","","Global","FUN_0011f0a0","0011f0a0","0"
"","Global","FUN_002f2560","002f2560","","Global","FUN_0011f0d0","0011f0d0","0"
"","Global","FUN_002f25f0","002f25f0","","Global","FUN_0011f150","0011f150","0"
"","Global","FUN_002f2630","002f2630","","Global","FUN_0011f190","0011f190","0"
"","Global","FUN_002f2750","002f2750","","Global","FUN_0011f2b0","0011f2b0","0"
"","Global","FUN_002f27d0","002f27d0","","Global","FUN_00114330","00114330","0"
"","Global","FUN_002f2900","002f2900","","Global","FUN_00114490","00114490","0"
"","Global","FUN_002f2970","002f2970","","Global","FUN_00114500","00114500","0"
"","Global","FUN_002f29f0","002f29f0","","Global","FUN_00114580","00114580","0"
"","Global","FUN_002f2a80","002f2a80","","Global","FUN_001145f0","001145f0","0"
"","Global","FUN_002f2ab0","002f2ab0","","Global","FUN_000a0fa0","000a0fa0","0"
"","Global","FUN_002f2b10","002f2b10","","Global","FUN_00114650","00114650","0"
"","Global","FUN_002f2b60","002f2b60","","Global","FUN_001146a0","001146a0","0"
"","Global","FUN_002f2c00","002f2c00","","Global","FUN_00114740","00114740","0"
"","Global","FUN_002f2c30","002f2c30","","Global","FUN_00114770","00114770","0"
"","Global","FUN_002f2d10","002f2d10","","Global","FUN_00114850","00114850","0"
"","Global","FUN_002f2d20","002f2d20","","Global","FUN_00114860","00114860","0"
"","Global","FUN_002f2d30","002f2d30","","Global","FUN_00114870","00114870","0"
"","Global","FUN_002f2d50","002f2d50","","Global","FUN_00114890","00114890","0"
"","Global","FUN_002f2d80","002f2d80","","Global","FUN_001148c0","001148c0","0"
"","Global","FUN_002f2da0","002f2da0","","Global","FUN_001148e0","001148e0","0"
"","Global","FUN_002f2e10","002f2e10","","Global","FUN_00114950","00114950","0"
"","Global","FUN_002f2e90","002f2e90","","Global","FUN_001149d0","001149d0","0"
"","Global","FUN_002f2ed0","002f2ed0","","Global","FUN_00114a10","00114a10","0"
"","Global","FUN_002f2f00","002f2f00","","Global","FUN_00114a40","00114a40","0"
"","Global","FUN_002f2f70","002f2f70","","Global","FUN_00114ab0","00114ab0","0"
"","Global","FUN_002f3050","002f3050","","Global","FUN_00114b90","00114b90","0"
"","Global","FUN_002f3440","002f3440","","Global","FUN_00118f70","00118f70","0"
"","Global","FUN_002f35b0","002f35b0","","Global","FUN_001190e0","001190e0","0"
"","Global","FUN_002f39c0","002f39c0","","Global","FUN_00119640","00119640","0"
"","Global","FUN_002f3ae0","002f3ae0","","Global","FUN_00119760","00119760","0"
"","Global","FUN_002f3c60","002f3c60","","Global","FUN_001198e0","001198e0","0"
"","Global","FUN_002f4010","002f4010","","Global","FUN_00119c90","00119c90","0"
"","Global","FUN_002f4030","002f4030","","Global","FUN_00119cb0","00119cb0","0"
"","Global","FUN_002f4130","002f4130","","Global","FUN_00119df0","00119df0","0"
"","Global","FUN_002f4170","002f4170","","Global","FUN_00119e10","00119e10","0"
"","Global","FUN_002f4190","002f4190","","Global","FUN_00119e30","00119e30","0"
"","Global","FUN_002f41b0","002f41b0","","Global","FUN_00119e50","00119e50","0"
"","Global","FUN_002f4200","002f4200","","Global","FUN_00119ea0","00119ea0","0"
"","Global","FUN_002f4350","002f4350","","Global","FUN_00119ff0","00119ff0","0"
"","Global","FUN_002f4410","002f4410","","Global","FUN_0011a0b0","0011a0b0","0"
"","Global","FUN_002f46b0","002f46b0","","Global","FUN_0011a350","0011a350","0"
"","Global","FUN_002f5390","002f5390","","Global","FUN_0011b1e0","0011b1e0","0"
"","Global","FUN_002f5420","002f5420","","Global","FUN_0011b270","0011b270","0"
"","Global","FUN_002f54f0","002f54f0","","Global","FUN_0011b340","0011b340","0"
"","Global","FUN_002f5ae0","002f5ae0","","Global","FUN_00114cb0","00114cb0","0"
"","Global","FUN_002f5b50","002f5b50","","Global","FUN_00114d40","00114d40","0"
"","Global","FUN_002f5c40","002f5c40","","Global","FUN_00114e60","00114e60","0"
"","Global","FUN_002f5de0","002f5de0","","Global","FUN_00115060","00115060","0"
"","Global","FUN_002f6070","002f6070","","Global","FUN_001152f0","001152f0","0"
"","Global","FUN_002f60a0","002f60a0","","Global","FUN_00115320","00115320","0"
"","Global","FUN_002f6370","002f6370","","Global","FUN_00115610","00115610","0"
"","Global","FUN_002f63f0","002f63f0","","Global","FUN_00115760","00115760","0"
"","Global","FUN_002f6420","002f6420","","Global","FUN_00115790","00115790","0"
"","Global","FUN_002f64c0","002f64c0","","Global","FUN_00115830","00115830","0"
"","Global","FUN_002f6500","002f6500","","Global","FUN_00115870","00115870","0"
"","Global","FUN_002f65b0","002f65b0","","Global","FUN_00115920","00115920","0"
"","Global","FUN_002f6640","002f6640","","Global","FUN_001159b0","001159b0","0"
"","Global","FUN_002f6670","002f6670","","Global","FUN_001159e0","001159e0","0"
"","Global","FUN_002f6860","002f6860","","Global","FUN_00115bd0","00115bd0","0"
"","Global","FUN_002f6930","002f6930","","Global","FUN_00115ce0","00115ce0","0"
"","Global","FUN_002f6950","002f6950","","Global","FUN_00115d70","00115d70","0"
"","Global","FUN_002f69f0","002f69f0","","Global","FUN_00115e10","00115e10","0"
"","Global","FUN_002f6a90","002f6a90","","Global","FUN_0011b5c0","0011b5c0","0"
"","Global","FUN_002f6c00","002f6c00","","Global","FUN_0011b730","0011b730","0"
"","Global","FUN_002f71c0","002f71c0","","Global","FUN_0011bec0","0011bec0","0"
"","Global","FUN_002f7470","002f7470","","Global","FUN_0011c260","0011c260","0"
"","Global","FUN_002f7770","002f7770","","Global","FUN_0011c3d0","0011c3d0","0"
"","Global","FUN_002f77a0","002f77a0","","Global","FUN_0011c400","0011c400","0"
"","Global","FUN_002f77f0","002f77f0","","Global","FUN_0011c450","0011c450","0"
"","Global","FUN_002f7820","002f7820","","Global","FUN_0011c480","0011c480","0"
"","Global","FUN_002f7880","002f7880","","Global","FUN_0011c4e0","0011c4e0","0"
"","Global","FUN_002f78d0","002f78d0","","Global","FUN_0011c530","0011c530","0"
"","Global","FUN_002f7900","002f7900","","Global","FUN_0011c560","0011c560","0"
"","Global","FUN_002f7940","002f7940","","Global","FUN_0011c5a0","0011c5a0","0"
"","Global","FUN_002f7970","002f7970","","Global","FUN_0011c5d0","0011c5d0","0"
"","Global","FUN_002f80e0","002f80e0","","Global","FUN_0011fa80","0011fa80","0"
"","Global","FUN_002f8850","002f8850","","Global","FUN_0011ff40","0011ff40","0"
"","Global","FUN_002f9180","002f9180","","Global","FUN_00120540","00120540","0"
"","Global","FUN_002f9a30","002f9a30","","Global","FUN_00120df0","00120df0","0"
"","Global","FUN_002f9b80","002f9b80","","Global","FUN_0009b8f0","0009b8f0","0"
"","Global","FUN_002f9ba0","002f9ba0","","Global","FUN_0009b910","0009b910","0"
"","Global","FUN_002f9bc0","002f9bc0","","Global","FUN_0009b930","0009b930","0"
"","Global","FUN_002f9cc0","002f9cc0","","Global","FUN_0009ba30","0009ba30","0"
"","Global","FUN_002f9d20","002f9d20","","Global","FUN_0009ba90","0009ba90","0"
"","Global","FUN_002f9d50","002f9d50","","Global","FUN_0009bac0","0009bac0","0"
"","Global","FUN_002f9d80","002f9d80","","Global","FUN_0009bb00","0009bb00","0"
"","Global","FUN_002f9db0","002f9db0","","Global","FUN_000a0cb0","000a0cb0","0"
"","Global","FUN_002fa070","002fa070","","Global","FUN_000a0fd0","000a0fd0","0"
"","Global","FUN_002fa130","002fa130","","Global","FUN_000a1090","000a1090","0"
"","Global","FUN_002fa190","002fa190","","Global","FUN_000a10f0","000a10f0","0"
"","Global","FUN_002fa210","002fa210","","Global","FUN_000a1170","000a1170","0"
"","Global","FUN_002fa690","002fa690","","Global","FUN_000a1630","000a1630","0"
"","Global","FUN_002fa6c0","002fa6c0","","Global","FUN_000a1660","000a1660","0"
"","Global","FUN_002fa700","002fa700","","Global","FUN_000a16a0","000a16a0","0"
"","Global","FUN_002fa7e0","002fa7e0","","Global","FUN_000a1780","000a1780","0"
"","Global","FUN_002fa8d0","002fa8d0","","Global","FUN_00120f60","00120f60","0"
"","Global","FUN_002fad90","002fad90","","Global","FUN_00121420","00121420","0"
"","Global","FUN_002faee0","002faee0","","Global","FUN_00121570","00121570","0"
"","Global","FUN_002faf90","002faf90","","Global","FUN_00121620","00121620","0"
"","Global","FUN_002fb080","002fb080","","Global","FUN_00121710","00121710","0"
"","Global","FUN_002fb130","002fb130","","Global","FUN_001217c0","001217c0","0"
"","Global","FUN_002fb160","002fb160","","Global","FUN_001217f0","001217f0","0"
"","Global","FUN_002fb320","002fb320","","Global","FUN_001219b0","001219b0","0"
"","Global","FUN_002fb380","002fb380","","Global","FUN_00121a10","00121a10","0"
"","Global","FUN_002fb410","002fb410","","Global","FUN_00121aa0","00121aa0","0"
"","Global","FUN_002fb4a0","002fb4a0","","Global","FUN_00121b30","00121b30","0"
"","Global","FUN_002fb510","002fb510","","Global","FUN_00121ba0","00121ba0","0"
"","Global","FUN_002fb5d0","002fb5d0","","Global","FUN_00121c60","00121c60","0"
"","Global","FUN_002fb6c0","002fb6c0","","Global","FUN_00121d50","00121d50","0"
"","Global","FUN_002fb770","002fb770","","Global","FUN_00121e00","00121e00","0"
"","Global","FUN_002fb820","002fb820","","Global","FUN_00121eb0","00121eb0","0"
"","Global","FUN_002fb8b0","002fb8b0","","Global","FUN_00121f40","00121f40","0"
"","Global","FUN_002fb910","002fb910","","Global","FUN_00121fa0","00121fa0","0"
"","Global","FUN_002fb9b0","002fb9b0","","Global","FUN_00122040","00122040","0"
"","Global","FUN_002fba90","002fba90","","Global","FUN_00122120","00122120","0"
"","Global","FUN_002fbb00","002fbb00","","Global","FUN_00122190","00122190","0"
"","Global","FUN_002fca50","002fca50","","Global","FUN_00124b40","00124b40","0"
"","Global","FUN_002fcaf0","002fcaf0","","Global","FUN_00124be0","00124be0","0"
"","Global","FUN_002fcbc0","002fcbc0","","Global","FUN_00124cb0","00124cb0","0"
"","Global","FUN_002fcc60","002fcc60","","Global","FUN_00124d50","00124d50","0"
"","Global","FUN_002fcc70","002fcc70","","Global","FUN_00124d60","00124d60","0"
"","Global","FUN_002fcca0","002fcca0","","Global","FUN_00124da0","00124da0","0"
"","Global","FUN_002fed60","002fed60","","Global","FUN_00126e70","00126e70","0"
"","Global","FUN_002fedf0","002fedf0","","Global","FUN_00126f00","00126f00","0"
"","Global","FUN_002ff030","002ff030","","Global","FUN_00127140","00127140","0"
"","Global","FUN_002ff060","002ff060","","Global","FUN_00127170","00127170","0"
"","Global","FUN_002ff1b0","002ff1b0","","Global","FUN_001272c0","001272c0","0"
"","Global","FUN_002ff1e0","002ff1e0","","Global","FUN_001272f0","001272f0","0"
"","Global","FUN_002ff250","002ff250","","Global","FUN_00127360","00127360","0"
"","Global","FUN_002ff290","002ff290","","Global","FUN_001273a0","001273a0","0"
"","Global","FUN_002ff490","002ff490","","Global","FUN_001275a0","001275a0","0"
"","Global","FUN_002ff4b0","002ff4b0","","Global","FUN_001275c0","001275c0","0"
"","Global","FUN_002ff5f0","002ff5f0","","Global","FUN_00127700","00127700","0"
"","Global","FUN_002ff620","002ff620","","Global","FUN_00127730","00127730","0"
"","Global","FUN_002ff660","002ff660","","Global","FUN_00127770","00127770","0"
"","Global","FUN_002ff770","002ff770","","Global","FUN_00127880","00127880","0"
"","Global","FUN_002ffa20","002ffa20","","Global","FUN_00127b30","00127b30","0"
"","Global","FUN_002ffaa0","002ffaa0","","Global","FUN_001161b0","001161b0","0"
"","Global","FUN_002ffbb0","002ffbb0","","Global","FUN_00127bb0","00127bb0","0"
"","Global","FUN_002ffc30","002ffc30","","Global","FUN_00127c50","00127c50","0"
"","Global","FUN_002ffc50","002ffc50","","Global","FUN_00127c70","00127c70","0"
"","Global","FUN_003013e0","003013e0","","Global","FUN_001294a0","001294a0","0"
"","Global","FUN_003018a0","003018a0","","Global","FUN_00129980","00129980","0"
"","Global","FUN_003018d8","003018d8","","Global","FUN_001299b8","001299b8","0"
"","Global","FUN_00301930","00301930","","Global","FUN_00129a10","00129a10","0"
"","Global","FUN_003019b0","003019b0","","Global","FUN_00129a90","00129a90","0"
"","Global","FUN_00301be0","00301be0","","Global","FUN_00129cc0","00129cc0","0"
"","Global","FUN_00302250","00302250","","Global","FUN_0012a3e0","0012a3e0","0"
"","Global","FUN_00302590","00302590","","Global","FUN_0012a750","0012a750","0"
"","Global","FUN_003029e0","003029e0","","Global","FUN_0012abf0","0012abf0","0"
"","Global","FUN_00302be0","00302be0","","Global","FUN_0012aeb0","0012aeb0","0"
"","Global","FUN_00302cd0","00302cd0","","Global","FUN_0012afa0","0012afa0","0"
"","Global","FUN_00302d90","00302d90","","Global","FUN_0012b190","0012b190","0"
"","Global","FUN_00302e90","00302e90","","Global","FUN_0012b290","0012b290","0"
"","Global","FUN_00302ef0","00302ef0","","Global","FUN_0012b2f0","0012b2f0","0"
"","Global","FUN_00302ff0","00302ff0","","Global","FUN_0012b490","0012b490","0"
"","Global","FUN_00303070","00303070","","Global","FUN_0012b510","0012b510","0"
"","Global","FUN_00303230","00303230","","Global","FUN_0012b6c0","0012b6c0","0"
"","Global","FUN_00303480","00303480","","Global","FUN_0012b910","0012b910","0"
"","Global","FUN_00303910","00303910","","Global","FUN_0012bd80","0012bd80","0"
"","Global","FUN_00303a20","00303a20","","Global","FUN_0012be90","0012be90","0"
"","Global","FUN_00303a50","00303a50","","Global","FUN_0012bec0","0012bec0","0"
"","Global","FUN_00303bc0","00303bc0","","Global","FUN_0012c030","0012c030","0"
"","Global","FUN_00303c30","00303c30","","Global","FUN_0012c0a0","0012c0a0","0"
"","Global","FUN_00303cf0","00303cf0","","Global","FUN_0012c160","0012c160","0"
"","Global","FUN_00303d30","00303d30","","Global","FUN_0012c1a0","0012c1a0","0"
"","Global","FUN_00303d80","00303d80","","Global","FUN_0012c1f0","0012c1f0","0"
"","Global","FUN_00303e30","00303e30","","Global","FUN_0012c2a0","0012c2a0","0"
"","Global","FUN_00303ea0","00303ea0","","Global","FUN_0012c310","0012c310","0"
"","Global","FUN_00303fa0","00303fa0","","Global","FUN_0012c410","0012c410","0"
"","Global","FUN_00304040","00304040","","Global","FUN_0012c4b0","0012c4b0","0"
"","Global","FUN_003040e0","003040e0","","Global","FUN_0012c550","0012c550","0"
"","Global","FUN_00304160","00304160","","Global","FUN_0012c5d0","0012c5d0","0"
"","Global","FUN_00304200","00304200","","Global","FUN_0012c670","0012c670","0"
"","Global","FUN_003042a0","003042a0","","Global","FUN_0012c710","0012c710","0"
"","Global","FUN_00304370","00304370","","Global","FUN_0012c7f0","0012c7f0","0"
"","Global","FUN_003043d0","003043d0","","Global","FUN_0012c850","0012c850","0"
"","Global","FUN_00304440","00304440","","Global","FUN_0012c8c0","0012c8c0","0"
"","Global","FUN_003044d0","003044d0","","Global","FUN_0012c950","0012c950","0"
"","Global","FUN_00304500","00304500","","Global","FUN_0012c980","0012c980","0"
"","Global","FUN_00304600","00304600","","Global","FUN_0012ca80","0012ca80","0"
"","Global","FUN_00304660","00304660","","Global","FUN_0012cae0","0012cae0","0"
"","Global","FUN_00304760","00304760","","Global","FUN_0012cbe0","0012cbe0","0"
"","Global","FUN_00304860","00304860","","Global","FUN_0012cce0","0012cce0","0"
"","Global","FUN_003048b0","003048b0","","Global","FUN_0012cd30","0012cd30","0"
"","Global","FUN_00304a00","00304a00","","Global","FUN_0012ce80","0012ce80","0"
"","Global","FUN_00304b40","00304b40","","Global","FUN_0012cfc0","0012cfc0","0"
"","Global","FUN_00304b80","00304b80","","Global","FUN_0012d000","0012d000","0"
"","Global","FUN_00304c00","00304c00","","Global","FUN_0012d080","0012d080","0"
"","Global","FUN_00304cb0","00304cb0","","Global","FUN_0012d130","0012d130","0"
"","Global","FUN_00304cd0","00304cd0","","Global","FUN_0012d150","0012d150","0"
"","Global","FUN_00305510","00305510","","Global","FUN_0012dbc0","0012dbc0","0"
"","Global","FUN_003055f0","003055f0","","Global","FUN_0012dca0","0012dca0","0"
"","Global","FUN_00305670","00305670","","Global","FUN_0012dd20","0012dd20","0"
"","Global","FUN_003056d0","003056d0","","Global","FUN_0012dd80","0012dd80","0"
"","Global","FUN_00305850","00305850","","Global","FUN_0012df00","0012df00","0"
"","Global","FUN_003058f0","003058f0","","Global","FUN_0012dfa0","0012dfa0","0"
"","Global","FUN_003059b0","003059b0","","Global","FUN_0012e060","0012e060","0"
"","Global","FUN_00305c70","00305c70","","Global","FUN_0012e320","0012e320","0"
"","Global","FUN_00305cf0","00305cf0","","Global","FUN_0012e3a0","0012e3a0","0"
"","Global","FUN_00305db0","00305db0","","Global","FUN_0012e460","0012e460","0"
"","Global","FUN_00305ed0","00305ed0","","Global","FUN_0012e580","0012e580","0"
"","Global","FUN_00306070","00306070","","Global","FUN_0012e720","0012e720","0"
"","Global","FUN_003061c0","003061c0","","Global","FUN_0012e870","0012e870","0"
"","Global","FUN_003062b0","003062b0","","Global","FUN_0012e960","0012e960","0"
"","Global","FUN_003063c0","003063c0","","Global","FUN_0012ea70","0012ea70","0"
"","Global","FUN_003063f0","003063f0","","Global","FUN_0012eaa0","0012eaa0","0"
"","Global","FUN_00306490","00306490","","Global","FUN_00122390","00122390","0"
"","Global","FUN_00306590","00306590","","Global","FUN_00122490","00122490","0"
"","Global","FUN_003066a0","003066a0","","Global","FUN_001225a0","001225a0","0"
"","Global","FUN_003066b0","003066b0","","Global","FUN_001225b0","001225b0","0"
"","Global","FUN_003066d0","003066d0","","Global","FUN_001225d0","001225d0","0"
"","Global","FUN_00306710","00306710","","Global","FUN_00122610","00122610","0"
"","Global","FUN_00306730","00306730","","Global","FUN_00122630","00122630","0"
"","Global","FUN_00306820","00306820","","Global","FUN_00122720","00122720","0"
"","Global","FUN_00306920","00306920","","Global","FUN_00122820","00122820","0"
"","Global","FUN_00306980","00306980","","Global","FUN_00122880","00122880","0"
"","Global","FUN_00306a00","00306a00","","Global","FUN_00122900","00122900","0"
"","Global","FUN_00306b30","00306b30","","Global","FUN_00122a30","00122a30","0"
"","Global","FUN_00306c20","00306c20","","Global","FUN_00122af0","00122af0","0"
"","Global","FUN_00306e20","00306e20","","Global","FUN_00122d70","00122d70","0"
"","Global","FUN_00306f50","00306f50","","Global","FUN_00122e80","00122e80","0"
"","Global","FUN_00306f70","00306f70","","Global","FUN_00122ea0","00122ea0","0"
"","Global","FUN_00306fa0","00306fa0","","Global","FUN_00122ed0","00122ed0","0"
"","Global","FUN_00306fd0","00306fd0","","Global","FUN_00122f00","00122f00","0"
"","Global","FUN_003070d0","003070d0","","Global","FUN_00123030","00123030","0"
"","Global","FUN_003071e0","003071e0","","Global","FUN_00123140","00123140","0"
"","Global","FUN_003072f0","003072f0","","Global","FUN_00123250","00123250","0"
"","Global","FUN_00307420","00307420","","Global","FUN_00123380","00123380","0"
"","Global","FUN_00307560","00307560","","Global","FUN_001234c0","001234c0","0"
"","Global","FUN_003079d0","003079d0","","Global","FUN_00123930","00123930","0"
"","Global","FUN_00307a50","00307a50","","Global","FUN_001239b0","001239b0","0"
"","Global","FUN_00307aa0","00307aa0","","Global","FUN_00123a00","00123a00","0"
"","Global","FUN_00307b20","00307b20","","Global","FUN_00123a80","00123a80","0"
"","Global","FUN_00307d70","00307d70","","Global","FUN_00123cc0","00123cc0","0"
"","Global","FUN_00307e20","00307e20","","Global","FUN_00123d70","00123d70","0"
"","Global","FUN_00308050","00308050","","Global","FUN_00123fa0","00123fa0","0"
"","Global","FUN_00308280","00308280","","Global","FUN_00124190","00124190","0"
"","Global","FUN_003082d0","003082d0","","Global","FUN_001241f0","001241f0","0"
"","Global","FUN_003084d0","003084d0","","Global","FUN_0012eb40","0012eb40","0"
"","Global","FUN_00308510","00308510","","Global","FUN_0012eb80","0012eb80","0"
"","Global","FUN_003085a0","003085a0","","Global","FUN_0012ec10","0012ec10","0"
"","Global","FUN_003085e0","003085e0","","Global","FUN_0012ec50","0012ec50","0"
"","Global","FUN_00308e50","00308e50","","Global","FUN_0012f340","0012f340","0"
"","Global","FUN_00309060","00309060","","Global","FUN_0012f550","0012f550","0"
"","Global","FUN_00309d80","00309d80","","Global","FUN_001301e0","001301e0","0"
"","Global","FUN_0030a140","0030a140","","Global","FUN_00130530","00130530","0"
"","Global","FUN_0030a330","0030a330","","Global","FUN_00130710","00130710","0"
"","Global","FUN_0030a4a0","0030a4a0","","Global","FUN_00130880","00130880","0"
"","Global","FUN_0030a590","0030a590","","Global","FUN_00130970","00130970","0"
"","Global","FUN_0030aa30","0030aa30","","Global","FUN_001313b0","001313b0","0"
"","Global","FUN_0030acf0","0030acf0","","Global","FUN_00131670","00131670","0"
"","Global","FUN_0030b0b0","0030b0b0","","Global","FUN_00131a90","00131a90","0"
"","Global","FUN_0030b160","0030b160","","Global","FUN_00131b40","00131b40","0"
"","Global","FUN_0030b2b0","0030b2b0","","Global","FUN_00131c90","00131c90","0"
"","Global","FUN_0030b330","0030b330","","Global","FUN_00131d10","00131d10","0"
"","Global","FUN_0030b370","0030b370","","Global","FUN_00131d50","00131d50","0"
"","Global","FUN_0030b430","0030b430","","Global","FUN_00131dd0","00131dd0","0"
"","Global","FUN_0030b7f0","0030b7f0","","Global","FUN_00132140","00132140","0"
"","Global","FUN_0030b880","0030b880","","Global","FUN_001321d0","001321d0","0"
"","Global","FUN_0030c4a0","0030c4a0","","Global","FUN_00132e00","00132e00","0"
"","Global","FUN_0030ce90","0030ce90","","Global","FUN_00133810","00133810","0"
"","Global","FUN_0030cf10","0030cf10","","Global","FUN_00133960","00133960","0"
"","Global","FUN_0030d8f0","0030d8f0","","Global","FUN_00134090","00134090","0"
"","Global","FUN_0030d930","0030d930","","Global","FUN_001340d0","001340d0","0"
"","Global","FUN_0030da90","0030da90","","Global","FUN_00134220","00134220","0"
"","Global","FUN_0030db90","0030db90","","Global","FUN_00134320","00134320","0"
"","Global","FUN_0030dbb0","0030dbb0","","Global","FUN_00134340","00134340","0"
"","Global","FUN_0030dd10","0030dd10","","Global","FUN_001344a0","001344a0","0"
"","Global","FUN_0030e2b0","0030e2b0","","Global","FUN_00134a00","00134a00","0"
"","Global","FUN_0030e2d0","0030e2d0","","Global","FUN_00134a20","00134a20","0"
"","Global","FUN_0030e400","0030e400","","Global","FUN_00134b50","00134b50","0"
"","Global","FUN_0030e450","0030e450","","Global","FUN_00134ba0","00134ba0","0"
"","Global","FUN_0030e6c0","0030e6c0","","Global","FUN_00134e70","00134e70","0"
"","Global","FUN_0030e6f0","0030e6f0","","Global","FUN_00134ea0","00134ea0","0"
"","Global","FUN_0030e710","0030e710","","Global","FUN_00134ec0","00134ec0","0"
"","Global","FUN_0030e850","0030e850","","Global","FUN_00135000","00135000","0"
"","Global","FUN_0030e9a0","0030e9a0","","Global","FUN_00135150","00135150","0"
"","Global","FUN_0030ea00","0030ea00","","Global","FUN_001351b0","001351b0","0"
"","Global","FUN_0030eac0","0030eac0","","Global","FUN_00135270","00135270","0"
"","Global","FUN_0030eb40","0030eb40","","Global","FUN_001352f0","001352f0","0"
"","Global","FUN_0030eb90","0030eb90","","Global","FUN_00135340","00135340","0"
"","Global","FUN_0030ec00","0030ec00","","Global","FUN_001353b0","001353b0","0"
"","Global","FUN_0030ec40","0030ec40","","Global","FUN_001353f0","001353f0","0"
"","Global","FUN_0030ed30","0030ed30","","Global","FUN_001354e0","001354e0","0"
"","Global","FUN_0030ee90","0030ee90","","Global","FUN_00135640","00135640","0"
"","Global","FUN_0030ef80","0030ef80","","Global","FUN_00135730","00135730","0"
"","Global","FUN_0030f100","0030f100","","Global","FUN_001358b0","001358b0","0"
"","Global","FUN_0030f140","0030f140","","Global","FUN_001358f0","001358f0","0"
"","Global","FUN_0030f1a0","0030f1a0","","Global","FUN_00135950","00135950","0"
"","Global","FUN_0030f310","0030f310","","Global","FUN_00135ac0","00135ac0","0"
"","Global","FUN_0030f490","0030f490","","Global","FUN_00135c40","00135c40","0"
"","Global","FUN_0030f580","0030f580","","Global","FUN_00135d30","00135d30","0"
"","Global","FUN_0030f5c0","0030f5c0","","Global","FUN_00135d70","00135d70","0"
"","Global","FUN_0030f930","0030f930","","Global","FUN_001360e0","001360e0","0"
"","Global","FUN_0030fa80","0030fa80","","Global","FUN_00136230","00136230","0"
"","Global","FUN_0030fb20","0030fb20","","Global","FUN_001362d0","001362d0","0"
"","Global","FUN_0030fcd0","0030fcd0","","Global","FUN_00136480","00136480","0"
"","Global","FUN_0030ff50","0030ff50","","Global","FUN_00136700","00136700","0"
"","Global","FUN_00310180","00310180","","Global","FUN_00136930","00136930","0"
"","Global","FUN_00310290","00310290","","Global","FUN_00136a40","00136a40","0"
"","Global","FUN_00310370","00310370","","Global","FUN_00136b20","00136b20","0"
"","Global","FUN_00310780","00310780","","Global","FUN_00136f30","00136f30","0"
"","Global","FUN_00310960","00310960","","Global","FUN_00137110","00137110","0"
"","Global","FUN_00310ae0","00310ae0","","Global","FUN_00137290","00137290","0"
"","Global","FUN_00310c50","00310c50","","Global","FUN_00137400","00137400","0"
"","Global","FUN_00310f80","00310f80","","Global","FUN_003fd970","003fd970","0"
"","Global","FUN_00311350","00311350","","Global","FUN_003fdcd0","003fdcd0","0"
"","Global","FUN_003113d0","003113d0","","Global","FUN_003fdd50","003fdd50","0"
"","Global","FUN_00311610","00311610","","Global","FUN_003fe100","003fe100","0"
"","Global","FUN_00311680","00311680","","Global","FUN_003fe230","003fe230","0"
"","Global","FUN_00311830","00311830","","Global","FUN_003fe540","003fe540","0"
"","Global","FUN_00311910","00311910","","Global","FUN_003fe620","003fe620","0"
"","Global","FUN_00312d00","00312d00","","Global","FUN_003fff60","003fff60","0"
"","Global","FUN_00316550","00316550","","Global","FUN_004040f0","004040f0","0"
"","Global","FUN_00316570","00316570","","Global","FUN_00404190","00404190","0"
"","Global","FUN_00316a30","00316a30","","Global","FUN_004058b0","004058b0","0"
"","Global","FUN_00316a90","00316a90","","Global","FUN_00405910","00405910","0"
"","Global","FUN_00316b70","00316b70","","Global","FUN_00405ab0","00405ab0","0"
"","Global","FUN_0031e330","0031e330","","Global","FUN_0040e8c0","0040e8c0","0"
"","Global","FUN_0031e460","0031e460","","Global","FUN_0040e9f0","0040e9f0","0"
"","Global","FUN_003287b0","003287b0","","Global","FUN_003fd4d0","003fd4d0","0"
"","Global","FUN_00328a60","00328a60","","Global","FUN_00256120","00256120","0"
"","Global","FUN_00328a90","00328a90","","Global","FUN_00256410","00256410","0"
"","Global","FUN_00328d70","00328d70","","Global","FUN_0040f1a0","0040f1a0","0"
"","Global","FUN_00329290","00329290","","Global","FUN_0040f6e0","0040f6e0","0"
"","Global","FUN_003299e0","003299e0","","Global","FUN_004100a0","004100a0","0"
"","Global","FUN_0032a7b0","0032a7b0","","Global","FUN_00410f70","00410f70","0"
"","Global","FUN_0032aa40","0032aa40","","Global","FUN_00411380","00411380","0"
"","Global","FUN_0032aac0","0032aac0","","Global","FUN_00411400","00411400","0"
"","Global","FUN_0032c4d0","0032c4d0","","Global","FUN_00413de0","00413de0","0"
"","Global","FUN_0032c510","0032c510","","Global","FUN_00413e20","00413e20","0"
"","Global","FUN_0032c730","0032c730","","Global","FUN_00413ed0","00413ed0","0"
"","Global","FUN_0032c920","0032c920","","Global","FUN_004140c0","004140c0","0"
"","Global","FUN_0032cb10","0032cb10","","Global","FUN_004142b0","004142b0","0"
"","Global","FUN_00331330","00331330","","Global","FUN_0041de80","0041de80","0"
"","Global","FUN_003325f0","003325f0","","Global","FUN_0041f430","0041f430","0"
"","Global","FUN_00332dd0","00332dd0","","Global","FUN_0041fce0","0041fce0","0"
"","Global","FUN_003336e0","003336e0","","Global","FUN_004206e0","004206e0","0"
"","Global","FUN_003340f0","003340f0","","Global","FUN_00421330","00421330","0"
"","Global","FUN_00334130","00334130","","Global","FUN_00421370","00421370","0"
"","Global","FUN_00334170","00334170","","Global","FUN_004213b0","004213b0","0"
"","Global","FUN_003341e0","003341e0","","Global","FUN_00421420","00421420","0"
"","Global","FUN_00334400","00334400","","Global","FUN_00421640","00421640","0"
"","Global","FUN_00334aa0","00334aa0","","Global","FUN_00422420","00422420","0"
"","Global","FUN_00335100","00335100","","Global","FUN_00255ae0","00255ae0","0"
"","Global","FUN_00336460","00336460","","Global","FUN_00415a20","00415a20","0"
"","Global","FUN_003364e0","003364e0","","Global","FUN_00415aa0","00415aa0","0"
"","Global","FUN_00336cf0","00336cf0","","Global","FUN_004162c0","004162c0","0"
"","Global","FUN_00336e30","00336e30","","Global","FUN_004163f0","004163f0","0"
"","Global","FUN_00336e60","00336e60","","Global","FUN_00416420","00416420","0"
"","Global","FUN_00336e90","00336e90","","Global","FUN_004241e0","004241e0","0"
"","Global","FUN_00337130","00337130","","Global","FUN_00424480","00424480","0"
"","Global","FUN_00337420","00337420","","Global","FUN_00422e10","00422e10","0"
"","Global","FUN_00337450","00337450","","Global","FUN_0027ce50","0027ce50","0"
"","Global","FUN_003375d0","003375d0","","Global","FUN_002b4010","002b4010","0"
"","Global","FUN_0033ab00","0033ab00","","Global","FUN_00427010","00427010","0"
"","Global","FUN_0033b7b0","0033b7b0","","Global","FUN_00427930","00427930","0"
"","Global","FUN_003403f0","003403f0","","Global","FUN_0042b8c0","0042b8c0","0"
"","Global","FUN_00340960","00340960","","Global","FUN_0042bbf0","0042bbf0","0"
"","Global","FUN_00341570","00341570","","Global","FUN_0042d3b0","0042d3b0","0"
"","Global","FUN_003419e0","003419e0","","Global","FUN_0042d670","0042d670","0"
"","Global","FUN_003430f0","003430f0","","Global","FUN_0042e840","0042e840","0"
"","Global","FUN_00345610","00345610","","Global","FUN_004307a0","004307a0","0"
"","Global","FUN_0034b670","0034b670","","Global","FUN_002564d0","002564d0","0"
"","Global","FUN_00350050","00350050","","Global","FUN_0043bb40","0043bb40","0"
"","Global","FUN_003502c0","003502c0","","Global","FUN_0043bd50","0043bd50","0"
"","Global","FUN_00353080","00353080","","Global","FUN_0043ecd0","0043ecd0","0"
"","Global","FUN_00353e90","00353e90","","Global","FUN_00440cf0","00440cf0","0"
"","Global","FUN_00353ec0","00353ec0","","Global","FUN_00440d20","00440d20","0"
"","Global","FUN_00354180","00354180","","Global","FUN_00440fe0","00440fe0","0"
"","Global","FUN_00354260","00354260","","Global","FUN_004410c0","004410c0","0"
"","Global","FUN_00354fc0","00354fc0","","Global","FUN_00441f30","00441f30","0"
"","Global","FUN_003566e0","003566e0","","Global","FUN_00442ae0","00442ae0","0"
"","Global","FUN_00356720","00356720","","Global","FUN_00442b20","00442b20","0"
"","Global","FUN_003571a0","003571a0","","Global","FUN_004433e0","004433e0","0"
"","Global","FUN_00357250","00357250","","Global","FUN_00442500","00442500","0"
"","Global","FUN_00357280","00357280","","Global","FUN_004434b0","004434b0","0"
"","Global","FUN_00357340","00357340","","Global","FUN_00443570","00443570","0"
"","Global","FUN_003595e0","003595e0","","Global","FUN_00446940","00446940","0"
"","Global","FUN_003597b0","003597b0","","Global","FUN_00416590","00416590","0"
"","Global","FUN_00359830","00359830","","Global","FUN_00416610","00416610","0"
"","Global","FUN_00359bc0","00359bc0","","Global","FUN_00416930","00416930","0"
"","Global","FUN_00359f30","00359f30","","Global","FUN_00446f40","00446f40","0"
"","Global","FUN_0035a370","0035a370","","Global","FUN_004473b0","004473b0","0"
"","Global","FUN_0035a4a0","0035a4a0","","Global","FUN_004474e0","004474e0","0"
"","Global","FUN_0035af30","0035af30","","Global","FUN_00447ee0","00447ee0","0"
"","Global","FUN_0035ba10","0035ba10","","Global","FUN_002ad4c0","002ad4c0","0"
"","Global","FUN_0035c1b0","0035c1b0","","Global","FUN_00417700","00417700","0"
"","Global","FUN_0035c660","0035c660","","Global","FUN_00417bd0","00417bd0","0"
"","Global","FUN_0035cdf0","0035cdf0","","Global","FUN_00418380","00418380","0"
"","Global","FUN_0035cec0","0035cec0","","Global","FUN_00418d60","00418d60","0"
"","Global","FUN_0035cfb0","0035cfb0","","Global","FUN_00418e40","00418e40","0"
"","Global","FUN_0035d1f0","0035d1f0","","Global","FUN_00419070","00419070","0"
"","Global","FUN_0035d240","0035d240","","Global","FUN_004190c0","004190c0","0"
"","Global","FUN_0035d590","0035d590","","Global","FUN_00419c30","00419c30","0"
"","Global","FUN_0035d5d0","0035d5d0","","Global","FUN_00419c70","00419c70","0"
"","Global","FUN_0035d700","0035d700","","Global","FUN_00419da0","00419da0","0"
"","Global","FUN_0035d7f0","0035d7f0","","Global","FUN_00419e90","00419e90","0"
"","Global","FUN_0035e310","0035e310","","Global","FUN_0041a930","0041a930","0"
"","Global","FUN_0035e430","0035e430","","Global","FUN_0041aa50","0041aa50","0"
"","Global","FUN_0035e470","0035e470","","Global","FUN_0041aa90","0041aa90","0"
"","Global","FUN_0035e490","0035e490","","Global","FUN_00281140","00281140","0"
"","Global","FUN_0035e730","0035e730","","Global","FUN_002c6ca0","002c6ca0","0"
"","Global","FUN_0035e870","0035e870","","Global","FUN_00256450","00256450","0"
"","Global","FUN_0035eb40","0035eb40","","Global","FUN_00450120","00450120","0"
"","Global","FUN_0035ebf0","0035ebf0","","Global","FUN_004501d0","004501d0","0"
"","Global","FUN_0035eca0","0035eca0","","Global","FUN_00450280","00450280","0"
"","Global","FUN_0035ed60","0035ed60","","Global","FUN_00450340","00450340","0"
"","Global","FUN_0035ede0","0035ede0","","Global","FUN_004503c0","004503c0","0"
"","Global","FUN_0035ee70","0035ee70","","Global","FUN_00450450","00450450","0"
"","Global","FUN_0035eed0","0035eed0","","Global","FUN_004504b0","004504b0","0"
"","Global","FUN_0035efe0","0035efe0","","Global","FUN_004505c0","004505c0","0"
"","Global","FUN_0035f010","0035f010","","Global","FUN_004505f0","004505f0","0"
"","Global","FUN_0035f310","0035f310","","Global","FUN_004508f0","004508f0","0"
"","Global","FUN_0035fc10","0035fc10","","Global","FUN_004510d0","004510d0","0"
"","Global","FUN_0035fcd0","0035fcd0","","Global","FUN_00451190","00451190","0"
"","Global","FUN_0035fda0","0035fda0","","Global","FUN_00451260","00451260","0"
"","Global","FUN_0035fe50","0035fe50","","Global","FUN_0027bd60","0027bd60","0"
"","Global","FUN_00362550","00362550","","Global","FUN_004115e0","004115e0","0"
"","Global","FUN_00363030","00363030","","Global","FUN_00451300","00451300","0"
"","Global","FUN_00364800","00364800","","Global","FUN_00452a80","00452a80","0"
"","Global","FUN_00364c40","00364c40","","Global","FUN_00452e40","00452e40","0"
"","Global","FUN_00364d30","00364d30","","Global","FUN_00452f30","00452f30","0"
"","Global","FUN_00364d80","00364d80","","Global","FUN_00452f80","00452f80","0"
"","Global","FUN_003658b0","003658b0","","Global","FUN_00453b60","00453b60","0"
"","Global","FUN_00365f10","00365f10","","Global","FUN_00454130","00454130","0"
"","Global","FUN_003664f0","003664f0","","Global","FUN_00454910","00454910","0"
"","Global","FUN_00366ae0","00366ae0","","Global","FUN_00454c80","00454c80","0"
"","Global","FUN_00366be0","00366be0","","Global","FUN_00454d90","00454d90","0"
"","Global","FUN_00366c20","00366c20","","Global","FUN_00454dd0","00454dd0","0"
"","Global","FUN_00366c50","00366c50","","Global","FUN_00454e00","00454e00","0"
"","Global","FUN_00366d10","00366d10","","Global","FUN_00454ec0","00454ec0","0"
"","Global","FUN_00366e60","00366e60","","Global","FUN_00455010","00455010","0"
"","Global","FUN_00366f10","00366f10","","Global","FUN_004550c0","004550c0","0"
"","Global","FUN_00366f70","00366f70","","Global","FUN_00455120","00455120","0"
"","Global","FUN_00367530","00367530","","Global","FUN_004554a0","004554a0","0"
"","Global","FUN_00367700","00367700","","Global","FUN_004118f0","004118f0","0"
"","Global","FUN_00367720","00367720","","Global","FUN_0027bde0","0027bde0","0"
"","Global","FUN_00369ca0","00369ca0","","Global","FUN_004560a0","004560a0","0"
"","Global","FUN_0036a670","0036a670","","Global","FUN_004568f0","004568f0","0"
"","Global","FUN_0036b1e0","0036b1e0","","Global","FUN_002c6390","002c6390","0"
"","Global","FUN_0036b690","0036b690","","Global","FUN_002c6630","002c6630","0"
"","Global","FUN_0036bdd0","0036bdd0","","Global","FUN_00138520","00138520","0"
"","Global","FUN_0036c440","0036c440","","Global","FUN_00138a90","00138a90","0"
"","Global","FUN_0036c490","0036c490","","Global","FUN_00138ae0","00138ae0","0"
"","Global","FUN_0036c510","0036c510","","Global","FUN_00138b60","00138b60","0"
"","Global","FUN_0036ce40","0036ce40","","Global","FUN_00138f60","00138f60","0"
"","Global","FUN_0036cf80","0036cf80","","Global","FUN_001390c0","001390c0","0"
"","Global","FUN_0036cfa0","0036cfa0","","Global","FUN_001390e0","001390e0","0"
"","Global","FUN_0036cff0","0036cff0","","Global","FUN_00139120","00139120","0"
"","Global","FUN_0036d0e0","0036d0e0","","Global","FUN_00139210","00139210","0"
"","Global","FUN_0036d140","0036d140","","Global","FUN_00139270","00139270","0"
"","Global","FUN_0036d440","0036d440","","Global","FUN_001395b0","001395b0","0"
"","Global","FUN_0036d510","0036d510","","Global","FUN_00139680","00139680","0"
"","Global","FUN_0036d530","0036d530","","Global","FUN_001396a0","001396a0","0"
"","Global","FUN_0036d600","0036d600","","Global","FUN_00139770","00139770","0"
"","Global","FUN_0036d660","0036d660","","Global","FUN_001397d0","001397d0","0"
"","Global","FUN_0036dc20","0036dc20","","Global","FUN_00139d30","00139d30","0"
"","Global","FUN_0036dd10","0036dd10","","Global","FUN_00139e60","00139e60","0"
"","Global","FUN_0036de70","0036de70","","Global","FUN_00139fc0","00139fc0","0"
"","Global","FUN_0036de90","0036de90","","Global","FUN_00139fe0","00139fe0","0"
"","Global","FUN_0036dec0","0036dec0","","Global","FUN_0013a010","0013a010","0"
"","Global","FUN_0036df40","0036df40","","Global","FUN_0013a090","0013a090","0"
"","Global","FUN_0036df80","0036df80","","Global","FUN_0013a0d0","0013a0d0","0"
"","Global","FUN_0036e130","0036e130","","Global","FUN_0013a280","0013a280","0"
"","Global","FUN_0036e640","0036e640","","Global","FUN_0013a810","0013a810","0"
"","Global","FUN_0036e890","0036e890","","Global","FUN_0013aaf0","0013aaf0","0"
"","Global","FUN_00373800","00373800","","Global","FUN_0013f740","0013f740","0"
"","Global","FUN_00373880","00373880","","Global","FUN_0013f760","0013f760","0"
"","Global","FUN_00373b10","00373b10","","Global","FUN_0013f560","0013f560","0"
"","Global","FUN_00373c60","00373c60","","Global","FUN_0013f580","0013f580","0"
"","Global","FUN_00377000","00377000","","Global","FUN_0013bca0","0013bca0","0"
"","Global","FUN_00377320","00377320","","Global","FUN_0013bfd0","0013bfd0","0"
"","Global","FUN_00377380","00377380","","Global","FUN_0013c030","0013c030","0"
"","Global","FUN_00377610","00377610","","Global","FUN_0013c1b0","0013c1b0","0"
"","Global","FUN_003776a0","003776a0","","Global","FUN_0013c240","0013c240","0"
"","Global","FUN_00377e90","00377e90","","Global","FUN_0013ca10","0013ca10","0"
"","Global","FUN_00377eb0","00377eb0","","Global","FUN_0013ca30","0013ca30","0"
"","Global","FUN_00377ed0","00377ed0","","Global","FUN_0013ca50","0013ca50","0"
"","Global","FUN_00378550","00378550","","Global","FUN_0013d0f0","0013d0f0","0"
"","Global","FUN_003785e0","003785e0","","Global","FUN_0013d180","0013d180","0"
"","Global","FUN_003786f0","003786f0","","Global","FUN_0013d2a0","0013d2a0","0"
"","Global","FUN_00378960","00378960","","Global","FUN_0013d690","0013d690","0"
"","Global","FUN_003789e0","003789e0","","Global","FUN_0013d750","0013d750","0"
"","Global","FUN_003792e0","003792e0","","Global","FUN_0013e1d0","0013e1d0","0"
"","Global","FUN_00379570","00379570","","Global","FUN_0013e4d0","0013e4d0","0"
"","Global","FUN_00379590","00379590","","Global","FUN_0013e4f0","0013e4f0","0"
"","Global","FUN_00379a80","00379a80","","Global","FUN_0013ea30","0013ea30","0"
"","Global","FUN_00379d20","00379d20","","Global","FUN_0013ecc0","0013ecc0","0"
"","Global","FUN_0037a180","0037a180","","Global","FUN_0013b270","0013b270","0"
"","Global","FUN_0037a1d0","0037a1d0","","Global","FUN_0013b2c0","0013b2c0","0"
"","Global","FUN_0037a330","0037a330","","Global","FUN_0013b420","0013b420","0"
"","Global","FUN_0037a390","0037a390","","Global","FUN_0013b480","0013b480","0"
"","Global","FUN_0037a3f0","0037a3f0","","Global","FUN_0013b4e0","0013b4e0","0"
"","Global","FUN_0037a420","0037a420","","Global","FUN_0013b510","0013b510","0"
"","Global","FUN_0037c770","0037c770","","Global","FUN_0013b590","0013b590","0"
"","Global","FUN_0037c830","0037c830","","Global","FUN_0013b650","0013b650","0"
"","Global","FUN_0037c870","0037c870","","Global","FUN_0013b690","0013b690","0"
"","Global","FUN_0037c8d0","0037c8d0","","Global","FUN_0013b6f0","0013b6f0","0"
"","Global","FUN_0037c900","0037c900","","Global","FUN_0013b720","0013b720","0"
"","Global","FUN_0037c950","0037c950","","Global","FUN_0013b770","0013b770","0"
"","Global","FUN_0037ccc0","0037ccc0","","Global","FUN_0013b830","0013b830","0"
"","Global","FUN_0037cdc0","0037cdc0","","Global","FUN_0013b930","0013b930","0"
"","Global","FUN_0037e920","0037e920","","Global","FUN_0013baf0","0013baf0","0"
"","Global","FUN_0037e940","0037e940","","Global","FUN_0013bb10","0013bb10","0"
"","Global","FUN_0037e9a0","0037e9a0","","Global","FUN_0013bb70","0013bb70","0"
"","Global","FUN_0037e9d0","0037e9d0","","Global","FUN_0013bba0","0013bba0","0"
"","Global","FUN_0037e9f0","0037e9f0","","Global","FUN_0013bbc0","0013bbc0","0"
"","Global","FUN_0037ea10","0037ea10","","Global","FUN_0013bbe0","0013bbe0","0"
"","Global","FUN_0037ead0","0037ead0","","Global","FUN_0013f900","0013f900","0"
"","Global","FUN_0037eb70","0037eb70","","Global","FUN_0013f9a0","0013f9a0","0"
"","Global","FUN_0037ebe0","0037ebe0","","Global","FUN_0013fa10","0013fa10","0"
"","Global","FUN_0037fbf0","0037fbf0","","Global","FUN_00140820","00140820","0"
"","Global","FUN_0037fc90","0037fc90","","Global","FUN_001408c0","001408c0","0"
"","Global","FUN_0037fda0","0037fda0","","Global","FUN_00140990","00140990","0"
"","Global","FUN_0037fe30","0037fe30","","Global","FUN_00140a20","00140a20","0"
"","Global","FUN_0037fe50","0037fe50","","Global","FUN_00140a40","00140a40","0"
"","Global","FUN_0037ff00","0037ff00","","Global","FUN_00140af0","00140af0","0"
"","Global","FUN_00380750","00380750","","Global","FUN_001413e0","001413e0","0"
"","Global","FUN_003807c0","003807c0","","Global","FUN_00141450","00141450","0"
"","Global","FUN_003808f0","003808f0","","Global","FUN_00141580","00141580","0"
"","Global","FUN_00381530","00381530","","Global","FUN_00207c30","00207c30","0"
"","Global","FUN_00381680","00381680","","Global","FUN_00207dd0","00207dd0","0"
"","Global","FUN_00381d00","00381d00","","Global","FUN_00208350","00208350","0"
"","Global","FUN_00382670","00382670","","Global","FUN_00208c10","00208c10","0"
"","Global","FUN_00382a20","00382a20","","Global","FUN_00209170","00209170","0"
"","Global","FUN_00382b70","00382b70","","Global","FUN_00209390","00209390","0"
"","Global","FUN_00382f80","00382f80","","Global","FUN_00209930","00209930","0"
"","Global","FUN_00382fa0","00382fa0","","Global","FUN_00209950","00209950","0"
"","Global","FUN_00383000","00383000","","Global","FUN_002099a0","002099a0","0"
"","Global","FUN_00383d80","00383d80","","Global","FUN_0020a4d0","0020a4d0","0"
"","Global","FUN_00384420","00384420","","Global","FUN_0020ae20","0020ae20","0"
"","Global","FUN_003845e0","003845e0","","Global","FUN_0020b1d0","0020b1d0","0"
"","Global","FUN_00384830","00384830","","Global","FUN_0020b910","0020b910","0"
"","Global","FUN_00384860","00384860","","Global","FUN_0020b940","0020b940","0"
"","Global","FUN_00384c20","00384c20","","Global","FUN_0020be80","0020be80","0"
"","Global","FUN_00384cd0","00384cd0","","Global","FUN_0020bf20","0020bf20","0"
"","Global","FUN_00384fb0","00384fb0","","Global","FUN_0020c3a0","0020c3a0","0"
"","Global","FUN_003851c0","003851c0","","Global","FUN_0020c650","0020c650","0"
"","Global","FUN_00385c20","00385c20","","Global","FUN_0020db70","0020db70","0"
"","Global","FUN_00385eb0","00385eb0","","Global","FUN_0020deb0","0020deb0","0"
"","Global","FUN_00385f60","00385f60","","Global","FUN_0020df20","0020df20","0"
"","Global","FUN_00386930","00386930","","Global","FUN_0020ead0","0020ead0","0"
"","Global","FUN_00386950","00386950","","Global","FUN_0020eaf0","0020eaf0","0"
"","Global","FUN_003871f0","003871f0","","Global","FUN_0020f340","0020f340","0"
"","Global","FUN_00387370","00387370","","Global","FUN_0020f4b0","0020f4b0","0"
"","Global","FUN_00387740","00387740","","Global","FUN_00216210","00216210","0"
"","Global","FUN_003877d0","003877d0","","Global","FUN_002162c0","002162c0","0"
"","Global","FUN_00387bf0","00387bf0","","Global","FUN_00216620","00216620","0"
"","Global","FUN_00388df0","00388df0","","Global","FUN_00216b70","00216b70","0"
"","Global","FUN_00388e30","00388e30","","Global","FUN_00216ca0","00216ca0","0"
"","Global","FUN_00388e60","00388e60","","Global","FUN_00216cd0","00216cd0","0"
"","Global","FUN_0038ddc0","0038ddc0","","Global","FUN_0021b4d0","0021b4d0","0"
"","Global","FUN_0038fed0","0038fed0","","Global","FUN_0021d950","0021d950","0"
"","Global","FUN_003904b0","003904b0","","Global","FUN_00220ba0","00220ba0","0"
"","Global","FUN_003907a0","003907a0","","Global","FUN_0022a680","0022a680","0"
"","Global","FUN_00390800","00390800","","Global","FUN_0022a6e0","0022a6e0","0"
"","Global","FUN_003908c0","003908c0","","Global","FUN_0022a790","0022a790","0"
"","Global","FUN_00390930","00390930","","Global","FUN_0022a800","0022a800","0"
"","Global","FUN_00390af0","00390af0","","Global","FUN_0021c330","0021c330","0"
"","Global","FUN_003915f0","003915f0","","Global","FUN_0020abf0","0020abf0","0"
"","Global","FUN_00393d90","00393d90","","Global","FUN_00210d60","00210d60","0"
"","Global","FUN_003942c0","003942c0","","Global","FUN_00211740","00211740","0"
"","Global","FUN_003950b0","003950b0","","Global","FUN_00212bc0","00212bc0","0"
"","Global","FUN_00395170","00395170","","Global","FUN_00212d30","00212d30","0"
"","Global","FUN_00395aa0","00395aa0","","Global","FUN_002138b0","002138b0","0"
"","Global","FUN_003967a0","003967a0","","Global","FUN_00215150","00215150","0"
"","Global","FUN_00396f20","00396f20","","Global","FUN_00215ce0","00215ce0","0"
"","Global","FUN_00397020","00397020","","Global","FUN_00215e70","00215e70","0"
"","Global","FUN_003972c0","003972c0","","Global","FUN_00216190","00216190","0"
"","Global","FUN_00397410","00397410","","Global","FUN_0021f250","0021f250","0"
"","Global","FUN_00397490","00397490","","Global","FUN_0021f2d0","0021f2d0","0"
"","Global","FUN_00397500","00397500","","Global","FUN_0021f380","0021f380","0"
"","Global","FUN_003975c0","003975c0","","Global","FUN_0021f4f0","0021f4f0","0"
"","Global","FUN_00397920","00397920","","Global","FUN_0021f860","0021f860","0"
"","Global","FUN_00397970","00397970","","Global","FUN_0021f8b0","0021f8b0","0"
"","Global","FUN_003979d0","003979d0","","Global","FUN_0021fa40","0021fa40","0"
"","Global","FUN_00397cd0","00397cd0","","Global","FUN_0021fdb0","0021fdb0","0"
"","Global","FUN_003984c0","003984c0","","Global","FUN_002205f0","002205f0","0"
"","Global","FUN_00398720","00398720","","Global","FUN_00220930","00220930","0"
"","Global","FUN_00398760","00398760","","Global","FUN_00220970","00220970","0"
"","Global","FUN_00398950","00398950","","Global","FUN_0021e2f0","0021e2f0","0"
"","Global","FUN_003989a0","003989a0","","Global","FUN_0021e340","0021e340","0"
"","Global","FUN_00398e90","00398e90","","Global","FUN_002244a0","002244a0","0"
"","Global","FUN_00399f00","00399f00","","Global","FUN_0021e050","0021e050","0"
"","Global","FUN_00399f20","00399f20","","Global","FUN_0021e070","0021e070","0"
"","Global","FUN_0039a170","0039a170","","Global","FUN_002e5db0","002e5db0","0"
"","Global","FUN_0039a8c0","0039a8c0","","Global","FUN_00225580","00225580","0"
"","Global","FUN_0039acd0","0039acd0","","Global","FUN_002259d0","002259d0","0"
"","Global","FUN_0039cd80","0039cd80","","Global","FUN_0023b9c0","0023b9c0","0"
"","Global","FUN_0039d190","0039d190","","Global","FUN_00228bc0","00228bc0","0"
"","Global","FUN_0039d1c0","0039d1c0","","Global","FUN_00228bf0","00228bf0","0"
"","Global","FUN_0039d250","0039d250","","Global","FUN_00228ca0","00228ca0","0"
"","Global","FUN_0039d2a0","0039d2a0","","Global","FUN_00228cf0","00228cf0","0"
"","Global","FUN_0039dd70","0039dd70","","Global","FUN_00228d90","00228d90","0"
"","Global","FUN_0039ddb0","0039ddb0","","Global","FUN_00228dd0","00228dd0","0"
"","Global","FUN_0039e4f0","0039e4f0","","Global","FUN_00221bc0","00221bc0","0"
"","Global","FUN_0039e590","0039e590","","Global","FUN_00221c10","00221c10","0"
"","Global","FUN_0039e5e0","0039e5e0","","Global","FUN_00221c60","00221c60","0"
"","Global","FUN_0039e7a0","0039e7a0","","Global","FUN_00221e00","00221e00","0"
"","Global","FUN_0039f210","0039f210","","Global","FUN_0022a0b0","0022a0b0","0"
"","Global","FUN_0039f260","0039f260","","Global","FUN_0022a120","0022a120","0"
"","Global","FUN_0039fbc0","0039fbc0","","Global","FUN_0022a590","0022a590","0"
"","Global","FUN_0039fc00","0039fc00","","Global","FUN_0022a600","0022a600","0"
"","Global","FUN_0039fcf0","0039fcf0","","Global","FUN_0022a840","0022a840","0"
"","Global","FUN_003a0090","003a0090","","Global","FUN_0022ace0","0022ace0","0"
"","Global","FUN_003a00b0","003a00b0","","Global","FUN_0022ad00","0022ad00","0"
"","Global","FUN_003a00d0","003a00d0","","Global","FUN_0022ad20","0022ad20","0"
"","Global","FUN_003a0500","003a0500","","Global","FUN_0022b360","0022b360","0"
"","Global","FUN_003a08e0","003a08e0","","Global","FUN_0022b820","0022b820","0"
"","Global","FUN_003a0910","003a0910","","Global","FUN_0022b890","0022b890","0"
"","Global","FUN_003a0bb0","003a0bb0","","Global","FUN_0022bbf0","0022bbf0","0"
"","Global","FUN_003a2670","003a2670","","Global","FUN_0022bed0","0022bed0","0"
"","Global","FUN_003a2980","003a2980","","Global","FUN_00759800","00759800","0"
"","Global","FUN_003a3420","003a3420","","Global","FUN_00761940","00761940","0"
"","Global","FUN_003a3530","003a3530","","Global","FUN_00762480","00762480","0"
"","Global","FUN_003a3560","003a3560","","Global","FUN_00761a40","00761a40","0"
"","Global","FUN_003a3ac0","003a3ac0","","Global","FUN_00761600","00761600","0"
"","Global","FUN_003a3eb0","003a3eb0","","Global","FUN_00762ca0","00762ca0","0"
"","Global","FUN_003a4050","003a4050","","Global","FUN_00761a90","00761a90","0"
"","Global","FUN_003a41e0","003a41e0","","Global","FUN_00761bc0","00761bc0","0"
"","Global","FUN_003a4310","003a4310","","Global","FUN_00762650","00762650","0"
"","Global","FUN_003a4440","003a4440","","Global","FUN_00761e00","00761e00","0"
"","Global","FUN_003a4470","003a4470","","Global","FUN_00762690","00762690","0"
"","Global","FUN_003a49c0","003a49c0","","Global","FUN_00761fe0","00761fe0","0"
"","Global","FUN_003a4c30","003a4c30","","Global","FUN_00763710","00763710","0"
"","Global","FUN_003a4cd0","003a4cd0","","Global","FUN_00763930","00763930","0"
"","Global","FUN_003a4d50","003a4d50","","Global","FUN_00763160","00763160","0"
"","Global","FUN_003a4ea0","003a4ea0","","Global","FUN_00763250","00763250","0"
"","Global","FUN_003a4ee0","003a4ee0","","Global","FUN_00763bc0","00763bc0","0"
"","Global","FUN_003a51e0","003a51e0","","Global","FUN_007625b0","007625b0","0"
"","Global","FUN_003a5270","003a5270","","Global","FUN_00762bb0","00762bb0","0"
"","Global","FUN_003a5360","003a5360","","Global","FUN_00763520","00763520","0"
"","Global","FUN_003a53f0","003a53f0","","Global","FUN_00762d30","00762d30","0"
"","Global","FUN_003a55a0","003a55a0","","Global","FUN_00762ed0","00762ed0","0"
"","Global","FUN_003a5690","003a5690","","Global","FUN_00763d80","00763d80","0"
"","Global","FUN_003a5840","003a5840","","Global","FUN_00763e10","00763e10","0"
"","Global","FUN_003a5930","003a5930","","Global","FUN_00763b10","00763b10","0"
"","Global","FUN_003a5df0","003a5df0","","Global","FUN_00764630","00764630","0"
"","Global","FUN_003a6700","003a6700","","Global","FUN_00764d10","00764d10","0"
"","Global","FUN_003a6970","003a6970","","Global","FUN_00765000","00765000","0"
"","Global","FUN_003a6a40","003a6a40","","Global","FUN_00765490","00765490","0"
"","Global","FUN_003a6ae0","003a6ae0","","Global","FUN_007652a0","007652a0","0"
"","Global","FUN_003a6cb0","003a6cb0","","Global","FUN_00765780","00765780","0"
"","Global","FUN_003a6d00","003a6d00","","Global","FUN_00764140","00764140","0"
"","Global","FUN_003a6dd0","003a6dd0","","Global","FUN_007654d0","007654d0","0"
"","Global","FUN_003a7260","003a7260","","Global","FUN_00764850","00764850","0"
"","Global","FUN_003a7360","003a7360","","Global","FUN_00765f60","00765f60","0"
"","Global","FUN_003a73d0","003a73d0","","Global","FUN_00765e00","00765e00","0"
"","Global","FUN_003a7530","003a7530","","Global","FUN_0075fda0","0075fda0","0"
"","Global","FUN_003a76f0","003a76f0","","Global","FUN_0075fd50","0075fd50","0"
"","Global","FUN_003a7da0","003a7da0","","Global","FUN_007602e0","007602e0","0"
"","Global","FUN_003a8530","003a8530","","Global","FUN_00760950","00760950","0"
"","Global","FUN_003a86e0","003a86e0","","Global","FUN_00765fd0","00765fd0","0"
"","Global","FUN_003a87f0","003a87f0","","Global","FUN_007660e0","007660e0","0"
"","Global","FUN_003a8be0","003a8be0","","Global","FUN_00766320","00766320","0"
"","Global","FUN_003a99b0","003a99b0","","Global","FUN_00230af0","00230af0","0"
"","Global","FUN_003abeb0","003abeb0","","Global","FUN_0022e5c0","0022e5c0","0"
"","Global","FUN_003ad550","003ad550","","Global","FUN_002214b0","002214b0","0"
"","Global","FUN_003b6f10","003b6f10","","Global","FUN_002465a0","002465a0","0"
"","Global","FUN_003b7ed0","003b7ed0","","Global","FUN_002499f0","002499f0","0"
"","Global","FUN_003b7ef0","003b7ef0","","Global","FUN_00249a10","00249a10","0"
"","Global","FUN_003b7f30","003b7f30","","Global","FUN_00249a60","00249a60","0"
"","Global","FUN_003b7f50","003b7f50","","Global","FUN_00249a80","00249a80","0"
"","Global","FUN_003b8920","003b8920","","Global","FUN_0024af60","0024af60","0"
"","Global","FUN_003b8ad0","003b8ad0","","Global","FUN_0024b0c0","0024b0c0","0"
"","Global","FUN_003b8ba0","003b8ba0","","Global","FUN_0024b1c0","0024b1c0","0"
"","Global","FUN_003b9010","003b9010","","Global","FUN_0024b6c0","0024b6c0","0"
"","Global","FUN_003b90b0","003b90b0","","Global","FUN_0024b780","0024b780","0"
"","Global","FUN_003b9190","003b9190","","Global","FUN_0024b840","0024b840","0"
"","Global","FUN_003b9630","003b9630","","Global","FUN_0024bb90","0024bb90","0"
"","Global","FUN_003b9be0","003b9be0","","Global","FUN_0024c1f0","0024c1f0","0"
"","Global","FUN_003ba020","003ba020","","Global","FUN_0024c5d0","0024c5d0","0"
"","Global","FUN_003ba100","003ba100","","Global","FUN_0024c6b0","0024c6b0","0"
"","Global","FUN_003ba210","003ba210","","Global","FUN_0024c7c0","0024c7c0","0"
"","Global","FUN_003ba500","003ba500","","Global","FUN_0024d550","0024d550","0"
"","Global","FUN_003ba540","003ba540","","Global","FUN_0024d590","0024d590","0"
"","Global","FUN_003ba5b0","003ba5b0","","Global","FUN_0024d600","0024d600","0"
"","Global","FUN_003ba650","003ba650","","Global","FUN_0024d6a0","0024d6a0","0"
"","Global","FUN_003ba6d0","003ba6d0","","Global","FUN_0024d720","0024d720","0"
"","Global","FUN_003ba780","003ba780","","Global","FUN_0024d7d0","0024d7d0","0"
"","Global","FUN_003ba860","003ba860","","Global","FUN_0024d8b0","0024d8b0","0"
"","Global","FUN_003ba950","003ba950","","Global","FUN_0024d9a0","0024d9a0","0"
"","Global","FUN_003ba9a0","003ba9a0","","Global","FUN_0024d9f0","0024d9f0","0"
"","Global","FUN_003ba9c0","003ba9c0","","Global","FUN_0024da10","0024da10","0"
"","Global","FUN_003baa50","003baa50","","Global","FUN_0024daa0","0024daa0","0"
"","Global","FUN_003baac0","003baac0","","Global","FUN_0024db10","0024db10","0"
"","Global","FUN_003bab60","003bab60","","Global","FUN_0024dbb0","0024dbb0","0"
"","Global","FUN_003bab90","003bab90","","Global","FUN_0024dbe0","0024dbe0","0"
"","Global","FUN_003bac40","003bac40","","Global","FUN_0024dc90","0024dc90","0"
"","Global","FUN_003bad10","003bad10","","Global","FUN_0024dd60","0024dd60","0"
"","Global","FUN_003bb210","003bb210","","Global","FUN_0024dee0","0024dee0","0"
"","Global","FUN_003bb2b0","003bb2b0","","Global","FUN_0024df80","0024df80","0"
"","Global","FUN_003bb410","003bb410","","Global","FUN_0024e140","0024e140","0"
"","Global","FUN_003bb520","003bb520","","Global","FUN_0024e250","0024e250","0"
"","Global","FUN_003bb840","003bb840","","Global","FUN_0024f370","0024f370","0"
"","Global","FUN_003bb8c0","003bb8c0","","Global","FUN_0024f3f0","0024f3f0","0"
"","Global","FUN_003bb970","003bb970","","Global","FUN_0024f4a0","0024f4a0","0"
"","Global","FUN_003bbb10","003bbb10","","Global","FUN_0024f650","0024f650","0"
"","Global","FUN_003bbbc0","003bbbc0","","Global","FUN_0024f710","0024f710","0"
"","Global","FUN_003bbd00","003bbd00","","Global","FUN_0024f770","0024f770","0"
"","Global","FUN_003bbda0","003bbda0","","Global","FUN_0024f8a0","0024f8a0","0"
"","Global","FUN_003bbdd0","003bbdd0","","Global","FUN_0024f8d0","0024f8d0","0"
"","Global","FUN_003bbdf0","003bbdf0","","Global","FUN_0024f8f0","0024f8f0","0"
"","Global","FUN_003bbeb0","003bbeb0","","Global","FUN_0024f9b0","0024f9b0","0"
"","Global","FUN_003bbfc0","003bbfc0","","Global","FUN_0024fac0","0024fac0","0"
"","Global","FUN_003bc010","003bc010","","Global","FUN_0024fb10","0024fb10","0"
"","Global","FUN_003bc0c0","003bc0c0","","Global","FUN_0024fbc0","0024fbc0","0"
"","Global","FUN_003bc0e0","003bc0e0","","Global","FUN_0024fbe0","0024fbe0","0"
"","Global","FUN_003bc750","003bc750","","Global","FUN_002505e0","002505e0","0"
"","Global","FUN_003bc7f0","003bc7f0","","Global","FUN_002506a0","002506a0","0"
"","Global","FUN_003bc890","003bc890","","Global","FUN_00250740","00250740","0"
"","Global","FUN_003bc950","003bc950","","Global","FUN_00250800","00250800","0"
"","Global","FUN_003bcab0","003bcab0","","Global","FUN_00250830","00250830","0"
"","Global","FUN_003bcb80","003bcb80","","Global","FUN_00250900","00250900","0"
"","Global","FUN_003bcd30","003bcd30","","Global","FUN_00250ab0","00250ab0","0"
"","Global","FUN_003bcdd0","003bcdd0","","Global","FUN_00250b50","00250b50","0"
"","Global","FUN_003bce20","003bce20","","Global","FUN_00250ba0","00250ba0","0"
"","Global","FUN_003bce80","003bce80","","Global","FUN_00250c80","00250c80","0"
"","Global","FUN_003bcf20","003bcf20","","Global","FUN_00250d20","00250d20","0"
"","Global","FUN_003bd110","003bd110","","Global","FUN_00250f50","00250f50","0"
"","Global","FUN_003bd2d0","003bd2d0","","Global","FUN_00251110","00251110","0"
"","Global","FUN_003bd300","003bd300","","Global","FUN_00251140","00251140","0"
"","Global","FUN_003bd470","003bd470","","Global","FUN_002512f0","002512f0","0"
"","Global","FUN_003bd520","003bd520","","Global","FUN_002513a0","002513a0","0"
"","Global","FUN_003bd560","003bd560","","Global","FUN_002513e0","002513e0","0"
"","Global","FUN_003bd7d0","003bd7d0","","Global","FUN_00251670","00251670","0"
"","Global","FUN_003bd860","003bd860","","Global","FUN_00251700","00251700","0"
"","Global","FUN_003bdd20","003bdd20","","Global","FUN_00251bd0","00251bd0","0"
"","Global","FUN_003bdde0","003bdde0","","Global","FUN_00251c90","00251c90","0"
"","Global","FUN_003bde50","003bde50","","Global","FUN_00251d00","00251d00","0"
"","Global","FUN_003bdf90","003bdf90","","Global","FUN_00251e40","00251e40","0"
"","Global","FUN_003bdfe0","003bdfe0","","Global","FUN_00251e90","00251e90","0"
"","Global","FUN_003be020","003be020","","Global","FUN_00251ed0","00251ed0","0"
"","Global","FUN_003bec90","003bec90","","Global","FUN_00252a60","00252a60","0"
"","Global","FUN_003bed10","003bed10","","Global","FUN_00252ae0","00252ae0","0"
"","Global","FUN_003bee50","003bee50","","Global","FUN_00252c20","00252c20","0"
"","Global","FUN_003bf0b0","003bf0b0","","Global","FUN_00252e90","00252e90","0"
"","Global","FUN_003bf1a0","003bf1a0","","Global","FUN_00252f80","00252f80","0"
"","Global","FUN_003bf280","003bf280","","Global","FUN_00253060","00253060","0"
"","Global","FUN_003bf330","003bf330","","Global","FUN_00253110","00253110","0"
"","Global","FUN_003bf520","003bf520","","Global","FUN_002534a0","002534a0","0"
"","Global","FUN_003bf600","003bf600","","Global","FUN_00253580","00253580","0"
"","Global","FUN_003bf7f0","003bf7f0","","Global","FUN_002537f0","002537f0","0"
"","Global","FUN_003bf940","003bf940","","Global","FUN_00253940","00253940","0"
"","Global","FUN_003bfa80","003bfa80","","Global","FUN_00253bd0","00253bd0","0"
"","Global","FUN_003bfb50","003bfb50","","Global","FUN_00253b50","00253b50","0"
"","Global","FUN_003bfbd0","003bfbd0","","Global","FUN_00253a80","00253a80","0"
"","Global","FUN_003bfca0","003bfca0","","Global","FUN_00253ca0","00253ca0","0"
"","Global","FUN_003bfd90","003bfd90","","Global","FUN_00253d90","00253d90","0"
"","Global","FUN_003bfe70","003bfe70","","Global","FUN_00253e70","00253e70","0"
"","Global","FUN_003bff10","003bff10","","Global","FUN_00253f10","00253f10","0"
"","Global","FUN_003c0090","003c0090","","Global","FUN_002540a0","002540a0","0"
"","Global","FUN_003c04c0","003c04c0","","Global","FUN_002544b0","002544b0","0"
"","Global","FUN_003c0650","003c0650","","Global","FUN_00254640","00254640","0"
"","Global","FUN_003c0910","003c0910","","Global","FUN_00254900","00254900","0"
"","Global","FUN_003c09b0","003c09b0","","Global","FUN_002549a0","002549a0","0"
"","Global","FUN_003c0a30","003c0a30","","Global","FUN_00254a20","00254a20","0"
"","Global","FUN_003c0ab0","003c0ab0","","Global","FUN_00254aa0","00254aa0","0"
"","Global","FUN_003c0d10","003c0d10","","Global","FUN_00254dc0","00254dc0","0"
"","Global","FUN_003c0d40","003c0d40","","Global","FUN_00254df0","00254df0","0"
"","Global","FUN_003c1080","003c1080","","Global","FUN_00255f40","00255f40","0"
"","Global","FUN_003c10f0","003c10f0","","Global","FUN_00255ff0","00255ff0","0"
"","Global","FUN_003c1160","003c1160","","Global","FUN_00256080","00256080","0"
"","Global","FUN_003c11a0","003c11a0","","Global","FUN_002560e0","002560e0","0"
"","Global","FUN_003c1430","003c1430","","Global","FUN_00256540","00256540","0"
"","Global","FUN_003c1450","003c1450","","Global","FUN_00256560","00256560","0"
"","Global","FUN_003c1790","003c1790","","Global","FUN_002568a0","002568a0","0"
"","Global","FUN_003c2520","003c2520","","Global","FUN_00257680","00257680","0"
"","Global","FUN_003c25e0","003c25e0","","Global","FUN_00257a60","00257a60","0"
"","Global","FUN_003c2770","003c2770","","Global","FUN_00257bf0","00257bf0","0"
"","Global","FUN_003c2e10","003c2e10","","Global","FUN_00258290","00258290","0"
"","Global","FUN_003c3170","003c3170","","Global","FUN_002586f0","002586f0","0"
"","Global","FUN_003c3aa0","003c3aa0","","Global","FUN_00259020","00259020","0"
"","Global","FUN_003c4180","003c4180","","Global","FUN_00259770","00259770","0"
"","Global","FUN_003c4d40","003c4d40","","Global","FUN_0025a450","0025a450","0"
"","Global","FUN_003c4f10","003c4f10","","Global","FUN_00254f10","00254f10","0"
"","Global","FUN_003c5680","003c5680","","Global","FUN_00255780","00255780","0"
"","Global","FUN_003c56c0","003c56c0","","Global","FUN_002557c0","002557c0","0"
"","Global","FUN_003c56f0","003c56f0","","Global","FUN_002557f0","002557f0","0"
"","Global","FUN_003c57b0","003c57b0","","Global","FUN_002558b0","002558b0","0"
"","Global","FUN_003c58e0","003c58e0","","Global","FUN_0025a840","0025a840","0"
"","Global","FUN_003c5f00","003c5f00","","Global","FUN_0025ae60","0025ae60","0"
"","Global","FUN_003c5f60","003c5f60","","Global","FUN_0025b0f0","0025b0f0","0"
"","Global","FUN_003c60a0","003c60a0","","Global","FUN_0025afa0","0025afa0","0"
"","Global","FUN_003c6d80","003c6d80","","Global","FUN_0025bf40","0025bf40","0"
"","Global","FUN_003c86e0","003c86e0","","Global","FUN_0025dba0","0025dba0","0"
"","Global","FUN_003c8950","003c8950","","Global","FUN_0025de10","0025de10","0"
"","Global","FUN_003c89a0","003c89a0","","Global","FUN_0025de60","0025de60","0"
"","Global","FUN_003c8a80","003c8a80","","Global","FUN_0025df40","0025df40","0"
"","Global","FUN_003c8b00","003c8b00","","Global","FUN_0025e470","0025e470","0"
"","Global","FUN_003c8bb0","003c8bb0","","Global","FUN_0025e520","0025e520","0"
"","Global","FUN_003c90f0","003c90f0","","Global","FUN_0025eb60","0025eb60","0"
"","Global","FUN_003c9210","003c9210","","Global","FUN_0025ed10","0025ed10","0"
"","Global","FUN_003c9360","003c9360","","Global","FUN_0025ee60","0025ee60","0"
"","Global","FUN_003c93d0","003c93d0","","Global","FUN_0025eed0","0025eed0","0"
"","Global","FUN_003c9ca0","003c9ca0","","Global","FUN_0025f7b0","0025f7b0","0"
"","Global","FUN_003cc1f0","003cc1f0","","Global","FUN_00261d90","00261d90","0"
"","Global","FUN_003cc250","003cc250","","Global","FUN_00261df0","00261df0","0"
"","Global","FUN_003cd080","003cd080","","Global","FUN_00262be0","00262be0","0"
"","Global","FUN_003cd0f0","003cd0f0","","Global","FUN_00262c50","00262c50","0"
"","Global","FUN_003cd170","003cd170","","Global","FUN_00262cd0","00262cd0","0"
"","Global","FUN_003cd4e0","003cd4e0","","Global","FUN_00263040","00263040","0"
"","Global","FUN_003cd710","003cd710","","Global","FUN_00263270","00263270","0"
"","Global","FUN_003cea80","003cea80","","Global","FUN_00266a20","00266a20","0"
"","Global","FUN_003ceeb0","003ceeb0","","Global","FUN_00266e50","00266e50","0"
"","Global","FUN_003cef60","003cef60","","Global","FUN_00266f00","00266f00","0"
"","Global","FUN_003cef80","003cef80","","Global","FUN_00266f20","00266f20","0"
"","Global","FUN_003cefb0","003cefb0","","Global","FUN_00266f50","00266f50","0"
"","Global","FUN_003cf0d0","003cf0d0","","Global","FUN_00267070","00267070","0"
"","Global","FUN_003cf140","003cf140","","Global","FUN_002670e0","002670e0","0"
"","Global","FUN_003cf180","003cf180","","Global","FUN_00267120","00267120","0"
"","Global","FUN_003cf280","003cf280","","Global","FUN_00267220","00267220","0"
"","Global","FUN_003cf2c0","003cf2c0","","Global","FUN_00267260","00267260","0"
"","Global","FUN_003cf2e0","003cf2e0","","Global","FUN_00267280","00267280","0"
"","Global","FUN_003cf300","003cf300","","Global","FUN_002672a0","002672a0","0"
"","Global","FUN_003cf330","003cf330","","Global","FUN_002672d0","002672d0","0"
"","Global","FUN_003cf380","003cf380","","Global","FUN_00267320","00267320","0"
"","Global","FUN_003cf410","003cf410","","Global","FUN_002673b0","002673b0","0"
"","Global","FUN_003cf540","003cf540","","Global","FUN_002674e0","002674e0","0"
"","Global","FUN_003cf590","003cf590","","Global","FUN_00267530","00267530","0"
"","Global","FUN_003cf640","003cf640","","Global","FUN_002675e0","002675e0","0"
"","Global","FUN_003cf6a0","003cf6a0","","Global","FUN_00267640","00267640","0"
"","Global","FUN_003cf6c0","003cf6c0","","Global","FUN_00267660","00267660","0"
"","Global","FUN_003cf8f0","003cf8f0","","Global","FUN_00267890","00267890","0"
"","Global","FUN_003cf970","003cf970","","Global","FUN_00267910","00267910","0"
"","Global","FUN_003cf9f0","003cf9f0","","Global","FUN_00267990","00267990","0"
"","Global","FUN_003cfaa0","003cfaa0","","Global","FUN_00267aa0","00267aa0","0"
"","Global","FUN_003cfb20","003cfb20","","Global","FUN_00267a40","00267a40","0"
"","Global","FUN_003cfb60","003cfb60","","Global","FUN_00268590","00268590","0"
"","Global","FUN_003d0af0","003d0af0","","Global","FUN_002699b0","002699b0","0"
"","Global","FUN_003d0c90","003d0c90","","Global","FUN_00269b50","00269b50","0"
"","Global","FUN_003d0ee0","003d0ee0","","Global","FUN_00269860","00269860","0"
"","Global","FUN_003d1030","003d1030","","Global","FUN_0026a5a0","0026a5a0","0"
"","Global","FUN_003d1220","003d1220","","Global","FUN_0026a7d0","0026a7d0","0"
"","Global","FUN_003d12a0","003d12a0","","Global","FUN_0026a850","0026a850","0"
"","Global","FUN_003d1300","003d1300","","Global","FUN_0026a8d0","0026a8d0","0"
"","Global","FUN_003d14f0","003d14f0","","Global","FUN_0026aac0","0026aac0","0"
"","Global","FUN_003d1790","003d1790","","Global","FUN_0026ad60","0026ad60","0"
"","Global","FUN_003d1940","003d1940","","Global","FUN_0026af10","0026af10","0"
"","Global","FUN_003d1bd0","003d1bd0","","Global","FUN_00269da0","00269da0","0"
"","Global","FUN_003d1f50","003d1f50","","Global","FUN_0026a120","0026a120","0"
"","Global","FUN_003d23d0","003d23d0","","Global","FUN_0026a790","0026a790","0"
"","Global","FUN_003d2f10","003d2f10","","Global","FUN_0026d330","0026d330","0"
"","Global","FUN_003d2f50","003d2f50","","Global","FUN_0026d370","0026d370","0"
"","Global","FUN_003d2fc0","003d2fc0","","Global","FUN_0026d3e0","0026d3e0","0"
"","Global","FUN_003d3420","003d3420","","Global","FUN_0026d840","0026d840","0"
"","Global","FUN_003d34a0","003d34a0","","Global","FUN_0026d920","0026d920","0"
"","Global","FUN_003d36b0","003d36b0","","Global","FUN_0026dcd0","0026dcd0","0"
"","Global","FUN_003d3700","003d3700","","Global","FUN_0026dd40","0026dd40","0"
"","Global","FUN_003d38c0","003d38c0","","Global","FUN_0026b1a0","0026b1a0","0"
"","Global","FUN_003d42f0","003d42f0","","Global","FUN_0026df00","0026df00","0"
"","Global","FUN_003d6470","003d6470","","Global","FUN_0026c310","0026c310","0"
"","Global","FUN_003d6530","003d6530","","Global","FUN_0026c3d0","0026c3d0","0"
"","Global","FUN_003d66d0","003d66d0","","Global","FUN_0026c570","0026c570","0"
"","Global","FUN_003d6850","003d6850","","Global","FUN_0026c6f0","0026c6f0","0"
"","Global","FUN_003d6a50","003d6a50","","Global","FUN_0026c8f0","0026c8f0","0"
"","Global","FUN_003d6bb0","003d6bb0","","Global","FUN_0026ca50","0026ca50","0"
"","Global","FUN_003d70d0","003d70d0","","Global","FUN_0026d8c0","0026d8c0","0"
"","Global","FUN_003d7130","003d7130","","Global","FUN_0026db30","0026db30","0"
"","Global","FUN_003d72e0","003d72e0","","Global","FUN_00270170","00270170","0"
"","Global","FUN_003d73e0","003d73e0","","Global","FUN_00270270","00270270","0"
"","Global","FUN_003d7450","003d7450","","Global","FUN_002700e0","002700e0","0"
"","Global","FUN_003d74e0","003d74e0","","Global","FUN_00270360","00270360","0"
"","Global","FUN_003d79e0","003d79e0","","Global","FUN_002708e0","002708e0","0"
"","Global","FUN_003d7a40","003d7a40","","Global","FUN_00270940","00270940","0"
"","Global","FUN_003d7b20","003d7b20","","Global","FUN_00270a20","00270a20","0"
"","Global","FUN_003d92d0","003d92d0","","Global","FUN_00270ff0","00270ff0","0"
"","Global","FUN_003d93f0","003d93f0","","Global","FUN_002702e0","002702e0","0"
"","Global","FUN_003d9470","003d9470","","Global","FUN_00270860","00270860","0"
"","Global","FUN_003d94f0","003d94f0","","Global","FUN_00270f90","00270f90","0"
"","Global","FUN_003d95e0","003d95e0","","Global","FUN_002723d0","002723d0","0"
"","Global","FUN_003d9700","003d9700","","Global","FUN_002724f0","002724f0","0"
"","Global","FUN_003d9ab0","003d9ab0","","Global","FUN_002728a0","002728a0","0"
"","Global","FUN_003d9b00","003d9b00","","Global","FUN_00272c00","00272c00","0"
"","Global","FUN_003dfde0","003dfde0","","Global","FUN_00277ce0","00277ce0","0"
"","Global","FUN_003e11a0","003e11a0","","Global","FUN_00279dd0","00279dd0","0"
"","Global","FUN_003e12d0","003e12d0","","Global","FUN_00279f00","00279f00","0"
"","Global","FUN_003e13e0","003e13e0","","Global","FUN_0027a010","0027a010","0"
"","Global","FUN_003e1410","003e1410","","Global","FUN_0027a040","0027a040","0"
"","Global","FUN_003e15f0","003e15f0","","Global","FUN_0027a1b0","0027a1b0","0"
"","Global","FUN_003e1b50","003e1b50","","Global","FUN_0027a710","0027a710","0"
"","Global","FUN_003e1b70","003e1b70","","Global","FUN_0027a730","0027a730","0"
"","Global","FUN_003e1bc0","003e1bc0","","Global","FUN_0027a780","0027a780","0"
"","Global","FUN_003e1c30","003e1c30","","Global","FUN_0027a7f0","0027a7f0","0"
"","Global","FUN_003e1cc0","003e1cc0","","Global","FUN_0027a880","0027a880","0"
"","Global","FUN_003e1d50","003e1d50","","Global","FUN_0027a910","0027a910","0"
"","Global","FUN_003e1e90","003e1e90","","Global","FUN_0027aa50","0027aa50","0"
"","Global","FUN_003e2140","003e2140","","Global","FUN_0027ad40","0027ad40","0"
"","Global","FUN_003e2250","003e2250","","Global","FUN_0027ae50","0027ae50","0"
"","Global","FUN_003e2600","003e2600","","Global","FUN_0027b200","0027b200","0"
"","Global","FUN_003e2660","003e2660","","Global","FUN_0027b260","0027b260","0"
"","Global","FUN_003e26f0","003e26f0","","Global","FUN_0027b2f0","0027b2f0","0"
"","Global","FUN_003e2720","003e2720","","Global","FUN_0027b320","0027b320","0"
"","Global","FUN_003e2770","003e2770","","Global","FUN_0027b370","0027b370","0"
"","Global","FUN_003e2a60","003e2a60","","Global","FUN_0027b660","0027b660","0"
"","Global","FUN_003e2d90","003e2d90","","Global","FUN_0027b990","0027b990","0"
"","Global","FUN_003e2e30","003e2e30","","Global","FUN_0027ba30","0027ba30","0"
"","Global","FUN_003e30a0","003e30a0","","Global","FUN_0028b0c0","0028b0c0","0"
"","Global","FUN_003e3100","003e3100","","Global","FUN_0027bcd0","0027bcd0","0"
"","Global","FUN_003e31e0","003e31e0","","Global","FUN_0027be20","0027be20","0"
"","Global","FUN_003e3360","003e3360","","Global","FUN_0027bea0","0027bea0","0"
"","Global","FUN_003e37b0","003e37b0","","Global","FUN_0027c640","0027c640","0"
"","Global","FUN_003e37d0","003e37d0","","Global","FUN_0027c660","0027c660","0"
"","Global","FUN_003e37f0","003e37f0","","Global","FUN_0027c680","0027c680","0"
"","Global","FUN_003e3910","003e3910","","Global","FUN_0027c770","0027c770","0"
"","Global","FUN_003e3ad0","003e3ad0","","Global","FUN_0027c930","0027c930","0"
"","Global","FUN_003e3b40","003e3b40","","Global","FUN_0027c9a0","0027c9a0","0"
"","Global","FUN_003e3e30","003e3e30","","Global","FUN_0027cce0","0027cce0","0"
"","Global","FUN_003e3e50","003e3e50","","Global","FUN_0027cd00","0027cd00","0"
"","Global","FUN_003e3e70","003e3e70","","Global","FUN_0027cd70","0027cd70","0"
"","Global","FUN_003e3e90","003e3e90","","Global","FUN_0027cd90","0027cd90","0"
"","Global","FUN_003e4540","003e4540","","Global","FUN_0027d680","0027d680","0"
"","Global","FUN_003e45c0","003e45c0","","Global","FUN_0027d700","0027d700","0"
"","Global","FUN_003e45e0","003e45e0","","Global","FUN_0027d720","0027d720","0"
"","Global","FUN_003e46b0","003e46b0","","Global","FUN_0027d820","0027d820","0"
"","Global","FUN_003e46d0","003e46d0","","Global","FUN_0027d8e0","0027d8e0","0"
"","Global","FUN_003e4720","003e4720","","Global","FUN_0027d930","0027d930","0"
"","Global","FUN_003e4e80","003e4e80","","Global","FUN_0027de60","0027de60","0"
"","Global","FUN_003e4f20","003e4f20","","Global","FUN_0027df00","0027df00","0"
"","Global","FUN_003e4fc0","003e4fc0","","Global","FUN_0027dfa0","0027dfa0","0"
"","Global","FUN_003e4ff0","003e4ff0","","Global","FUN_0027dfd0","0027dfd0","0"
"","Global","FUN_003e5030","003e5030","","Global","FUN_0027e010","0027e010","0"
"","Global","FUN_003e5220","003e5220","","Global","FUN_0027e210","0027e210","0"
"","Global","FUN_003e54d0","003e54d0","","Global","FUN_0027e800","0027e800","0"
"","Global","FUN_003e5680","003e5680","","Global","FUN_0027e9c0","0027e9c0","0"
"","Global","FUN_003e56d0","003e56d0","","Global","FUN_0027ea10","0027ea10","0"
"","Global","FUN_003e5bd0","003e5bd0","","Global","FUN_00285a00","00285a00","0"
"","Global","FUN_003e5c10","003e5c10","","Global","FUN_00285a40","00285a40","0"
"","Global","FUN_003e5ca0","003e5ca0","","Global","FUN_00285ad0","00285ad0","0"
"","Global","FUN_003e5cd0","003e5cd0","","Global","FUN_00285b00","00285b00","0"
"","Global","FUN_003e5ee0","003e5ee0","","Global","FUN_00285d70","00285d70","0"
"","Global","FUN_003e5f30","003e5f30","","Global","FUN_00285dc0","00285dc0","0"
"","Global","FUN_003e65e0","003e65e0","","Global","FUN_00286490","00286490","0"
"","Global","FUN_003e6610","003e6610","","Global","FUN_002864c0","002864c0","0"
"","Global","FUN_003e6a70","003e6a70","","Global","FUN_002867b0","002867b0","0"
"","Global","FUN_003e6b50","003e6b50","","Global","FUN_00286880","00286880","0"
"","Global","FUN_003e6c80","003e6c80","","Global","FUN_00281200","00281200","0"
"","Global","FUN_003e7120","003e7120","","Global","FUN_00287000","00287000","0"
"","Global","FUN_003e7330","003e7330","","Global","FUN_00287210","00287210","0"
"","Global","FUN_003e7450","003e7450","","Global","FUN_002874a0","002874a0","0"
"","Global","FUN_003e76e0","003e76e0","","Global","FUN_00287730","00287730","0"
"","Global","FUN_003e7e80","003e7e80","","Global","FUN_00287c80","00287c80","0"
"","Global","FUN_003e7f60","003e7f60","","Global","FUN_00287db0","00287db0","0"
"","Global","FUN_003e8010","003e8010","","Global","FUN_00288220","00288220","0"
"","Global","FUN_003e9580","003e9580","","Global","FUN_002897b0","002897b0","0"
"","Global","FUN_003e9670","003e9670","","Global","FUN_002898a0","002898a0","0"
"","Global","FUN_003e9760","003e9760","","Global","FUN_00289990","00289990","0"
"","Global","FUN_003e98b0","003e98b0","","Global","FUN_00289ae0","00289ae0","0"
"","Global","FUN_003e9b50","003e9b50","","Global","FUN_00289d80","00289d80","0"
"","Global","FUN_003e9e20","003e9e20","","Global","FUN_0028a3e0","0028a3e0","0"
"","Global","FUN_003ea120","003ea120","","Global","FUN_0028a6f0","0028a6f0","0"
"","Global","FUN_003ea6d0","003ea6d0","","Global","FUN_0028ab70","0028ab70","0"
"","Global","FUN_003ea700","003ea700","","Global","FUN_0028aba0","0028aba0","0"
"","Global","FUN_003eaa60","003eaa60","","Global","FUN_0027eca0","0027eca0","0"
"","Global","FUN_003eb430","003eb430","","Global","FUN_00280050","00280050","0"
"","Global","FUN_003eb4a0","003eb4a0","","Global","FUN_002800c0","002800c0","0"
"","Global","FUN_003eb500","003eb500","","Global","FUN_00280120","00280120","0"
"","Global","FUN_003eb580","003eb580","","Global","FUN_002801a0","002801a0","0"
"","Global","FUN_003eb760","003eb760","","Global","FUN_00280390","00280390","0"
"","Global","FUN_003ec7d0","003ec7d0","","Global","FUN_00280df0","00280df0","0"
"","Global","FUN_003ec990","003ec990","","Global","FUN_00281090","00281090","0"
"","Global","FUN_003eca00","003eca00","","Global","FUN_00281160","00281160","0"
"","Global","FUN_003ecae0","003ecae0","","Global","FUN_00416bf0","00416bf0","0"
"","Global","FUN_003ecb70","003ecb70","","Global","FUN_0046e8c0","0046e8c0","0"
"","Global","FUN_003ecd00","003ecd00","","Global","FUN_004638e0","004638e0","0"
"","Global","FUN_003ecd90","003ecd90","","Global","FUN_0046daa0","0046daa0","0"
"","Global","FUN_003ecdc0","003ecdc0","","Global","FUN_00463970","00463970","0"
"","Global","FUN_003ece50","003ece50","","Global","FUN_0046dad0","0046dad0","0"
"","Global","FUN_003ecee0","003ecee0","","Global","FUN_0028b0e0","0028b0e0","0"
"","Global","FUN_003f5ed0","003f5ed0","","Global","FUN_0028b650","0028b650","0"
"","Global","FUN_003f8480","003f8480","","Global","FUN_00295bc0","00295bc0","0"
"","Global","FUN_003f8e30","003f8e30","","Global","FUN_002963c0","002963c0","0"
"","Global","FUN_003fae40","003fae40","","Global","FUN_00298b20","00298b20","0"
"","Global","FUN_003fae90","003fae90","","Global","FUN_00298b70","00298b70","0"
"","Global","FUN_003fb0a0","003fb0a0","","Global","FUN_002993b0","002993b0","0"
"","Global","FUN_003fb290","003fb290","","Global","FUN_00299600","00299600","0"
"","Global","FUN_003fb6d0","003fb6d0","","Global","FUN_00299a40","00299a40","0"
"","Global","FUN_003fb870","003fb870","","Global","FUN_00299bf0","00299bf0","0"
"","Global","FUN_003fb940","003fb940","","Global","FUN_00299cc0","00299cc0","0"
"","Global","FUN_003fbb90","003fbb90","","Global","FUN_00299f10","00299f10","0"
"","Global","FUN_003fc5f0","003fc5f0","","Global","FUN_0029ac10","0029ac10","0"
"","Global","FUN_003fc620","003fc620","","Global","FUN_0029ac40","0029ac40","0"
"","Global","FUN_003fc780","003fc780","","Global","FUN_0029af50","0029af50","0"
"","Global","FUN_003fc8a0","003fc8a0","","Global","FUN_0029b070","0029b070","0"
"","Global","FUN_003fcbf0","003fcbf0","","Global","FUN_0029b580","0029b580","0"
"","Global","FUN_003fcc20","003fcc20","","Global","FUN_0029b5b0","0029b5b0","0"
"","Global","FUN_003fcc80","003fcc80","","Global","FUN_0029b690","0029b690","0"
"","Global","FUN_003fccc0","003fccc0","","Global","FUN_0029b6d0","0029b6d0","0"
"","Global","FUN_003fcd10","003fcd10","","Global","FUN_0029b730","0029b730","0"
"","Global","FUN_003fcf10","003fcf10","","Global","FUN_0029c170","0029c170","0"
"","Global","FUN_003fcf60","003fcf60","","Global","FUN_0029c1c0","0029c1c0","0"
"","Global","FUN_003fe1a0","003fe1a0","","Global","FUN_0029dad0","0029dad0","0"
"","Global","FUN_003fe280","003fe280","","Global","FUN_0029ddb0","0029ddb0","0"
"","Global","FUN_003fe340","003fe340","","Global","FUN_0029dfc0","0029dfc0","0"
"","Global","FUN_003fe450","003fe450","","Global","FUN_0029e0d0","0029e0d0","0"
"","Global","FUN_003fe4e0","003fe4e0","","Global","FUN_0029e180","0029e180","0"
"","Global","FUN_003fe690","003fe690","","Global","FUN_0029e3b0","0029e3b0","0"
"","Global","FUN_003fe810","003fe810","","Global","FUN_0029e690","0029e690","0"
"","Global","FUN_003fe890","003fe890","","Global","FUN_0029e710","0029e710","0"
"","Global","FUN_003feb20","003feb20","","Global","FUN_0029ead0","0029ead0","0"
"","Global","FUN_003ff2b0","003ff2b0","","Global","FUN_0029f890","0029f890","0"
"","Global","FUN_003ffa90","003ffa90","","Global","FUN_002a4ff0","002a4ff0","0"
"","Global","FUN_00400410","00400410","","Global","FUN_002a5a00","002a5a00","0"
"","Global","FUN_00400610","00400610","","Global","FUN_002a5cd0","002a5cd0","0"
"","Global","FUN_004009c0","004009c0","","Global","FUN_002a6080","002a6080","0"
"","Global","FUN_00400b40","00400b40","","Global","FUN_002ab980","002ab980","0"
"","Global","FUN_00400d10","00400d10","","Global","FUN_002abbd0","002abbd0","0"
"","Global","FUN_00400d60","00400d60","","Global","FUN_002abc20","002abc20","0"
"","Global","FUN_00400e80","00400e80","","Global","FUN_002abd80","002abd80","0"
"","Global","FUN_00400f60","00400f60","","Global","FUN_002abe70","002abe70","0"
"","Global","FUN_00401000","00401000","","Global","FUN_002abf20","002abf20","0"
"","Global","FUN_00401030","00401030","","Global","FUN_002abf50","002abf50","0"
"","Global","FUN_00401060","00401060","","Global","FUN_002ac1f0","002ac1f0","0"
"","Global","FUN_00401200","00401200","","Global","FUN_002ac390","002ac390","0"
"","Global","FUN_00401700","00401700","","Global","FUN_002ac890","002ac890","0"
"","Global","FUN_00401780","00401780","","Global","FUN_002ac910","002ac910","0"
"","Global","FUN_00401ea0","00401ea0","","Global","FUN_002ad210","002ad210","0"
"","Global","FUN_00401f00","00401f00","","Global","FUN_002ad270","002ad270","0"
"","Global","FUN_00402bd0","00402bd0","","Global","FUN_002b2c00","002b2c00","0"
"","Global","FUN_00402e20","00402e20","","Global","FUN_002a05c0","002a05c0","0"
"","Global","FUN_00403170","00403170","","Global","FUN_002a0910","002a0910","0"
"","Global","FUN_00403730","00403730","","Global","FUN_002a1040","002a1040","0"
"","Global","FUN_00403880","00403880","","Global","FUN_002a1160","002a1160","0"
"","Global","FUN_004053a0","004053a0","","Global","FUN_002a3d00","002a3d00","0"
"","Global","FUN_00405400","00405400","","Global","FUN_002a3d60","002a3d60","0"
"","Global","FUN_004062c0","004062c0","","Global","FUN_002a4df0","002a4df0","0"
"","Global","FUN_00407b20","00407b20","","Global","FUN_002b4600","002b4600","0"
"","Global","FUN_00407b70","00407b70","","Global","FUN_002b4650","002b4650","0"
"","Global","FUN_00407de0","00407de0","","Global","FUN_002b48c0","002b48c0","0"
"","Global","FUN_00407e90","00407e90","","Global","FUN_002b4970","002b4970","0"
"","Global","FUN_00407f90","00407f90","","Global","FUN_002b4a70","002b4a70","0"
"","Global","FUN_00408a20","00408a20","","Global","FUN_002b5b90","002b5b90","0"
"","Global","FUN_00408b70","00408b70","","Global","FUN_002b1860","002b1860","0"
"","Global","FUN_00408c10","00408c10","","Global","FUN_002b1900","002b1900","0"
"","Global","FUN_0040abb0","0040abb0","","Global","FUN_002b8ad0","002b8ad0","0"
"","Global","FUN_0040abe0","0040abe0","","Global","FUN_002b8b00","002b8b00","0"
"","Global","FUN_0040b7d0","0040b7d0","","Global","FUN_002ba5a0","002ba5a0","0"
"","Global","FUN_0040c500","0040c500","","Global","FUN_002bb360","002bb360","0"
"","Global","FUN_00410240","00410240","","Global","FUN_002bd550","002bd550","0"
"","Global","FUN_004106a0","004106a0","","Global","FUN_002917e0","002917e0","0"
"","Global","FUN_004106c0","004106c0","","Global","FUN_00291800","00291800","0"
"","Global","FUN_00410720","00410720","","Global","FUN_00291860","00291860","0"
"","Global","FUN_00410790","00410790","","Global","FUN_002918d0","002918d0","0"
"","Global","FUN_004107c0","004107c0","","Global","FUN_00291900","00291900","0"
"","Global","FUN_00410890","00410890","","Global","FUN_002919d0","002919d0","0"
"","Global","FUN_00410a90","00410a90","","Global","FUN_00291bd0","00291bd0","0"
"","Global","FUN_00410b70","00410b70","","Global","FUN_00291cb0","00291cb0","0"
"","Global","FUN_00410be0","00410be0","","Global","FUN_00291d20","00291d20","0"
"","Global","FUN_00410c20","00410c20","","Global","FUN_00291d60","00291d60","0"
"","Global","FUN_00410c60","00410c60","","Global","FUN_00291da0","00291da0","0"
"","Global","FUN_00410cd0","00410cd0","","Global","FUN_00291e10","00291e10","0"
"","Global","FUN_00410cf0","00410cf0","","Global","FUN_00291e30","00291e30","0"
"","Global","FUN_00410d10","00410d10","","Global","FUN_00291e50","00291e50","0"
"","Global","FUN_00410d50","00410d50","","Global","FUN_00291e90","00291e90","0"
"","Global","FUN_00410da0","00410da0","","Global","FUN_00291ee0","00291ee0","0"
"","Global","FUN_00410e20","00410e20","","Global","FUN_00291f60","00291f60","0"
"","Global","FUN_00410ed0","00410ed0","","Global","FUN_00292010","00292010","0"
"","Global","FUN_00411050","00411050","","Global","FUN_00292190","00292190","0"
"","Global","FUN_004110d0","004110d0","","Global","FUN_00292210","00292210","0"
"","Global","FUN_00413020","00413020","","Global","FUN_002bd9b0","002bd9b0","0"
"","Global","FUN_00413410","00413410","","Global","FUN_002bdda0","002bdda0","0"
"","Global","FUN_00414070","00414070","","Global","FUN_002a9c90","002a9c90","0"
"","Global","FUN_00414c40","00414c40","","Global","FUN_002ad470","002ad470","0"
"","Global","FUN_00414c90","00414c90","","Global","FUN_002c16c0","002c16c0","0"
"","Global","FUN_00414e50","00414e50","","Global","FUN_002c19c0","002c19c0","0"
"","Global","FUN_00414f00","00414f00","","Global","FUN_002c1930","002c1930","0"
"","Global","FUN_00415760","00415760","","Global","FUN_002a62d0","002a62d0","0"
"","Global","FUN_004165d0","004165d0","","Global","FUN_002a7230","002a7230","0"
"","Global","FUN_004167b0","004167b0","","Global","FUN_002a7550","002a7550","0"
"","Global","FUN_00417250","00417250","","Global","FUN_002a8590","002a8590","0"
"","Global","FUN_00417530","00417530","","Global","FUN_002a8950","002a8950","0"
"","Global","FUN_00417590","00417590","","Global","FUN_002a89b0","002a89b0","0"
"","Global","FUN_00417c50","00417c50","","Global","FUN_002ad430","002ad430","0"
"","Global","FUN_00417c80","00417c80","","Global","FUN_0046da50","0046da50","0"
"","Global","FUN_00417de0","00417de0","","Global","FUN_002ad620","002ad620","0"
"","Global","FUN_0041b230","0041b230","","Global","FUN_002ad7a0","002ad7a0","0"
"","Global","FUN_0041b270","0041b270","","Global","FUN_002b1400","002b1400","0"
"","Global","FUN_0041b2b0","0041b2b0","","Global","FUN_002b1440","002b1440","0"
"","Global","FUN_0041c140","0041c140","","Global","FUN_002bf640","002bf640","0"
"","Global","FUN_0041c2a0","0041c2a0","","Global","FUN_002bf810","002bf810","0"
"","Global","FUN_0041cc70","0041cc70","","Global","FUN_002cd460","002cd460","0"
"","Global","FUN_0041ce70","0041ce70","","Global","FUN_002cd660","002cd660","0"
"","Global","FUN_0041cf90","0041cf90","","Global","FUN_002cd700","002cd700","0"
"","Global","FUN_0041cfd0","0041cfd0","","Global","FUN_002cd740","002cd740","0"
"","Global","FUN_0041d2c0","0041d2c0","","Global","FUN_002cd9c0","002cd9c0","0"
"","Global","FUN_0041d820","0041d820","","Global","FUN_002cdf80","002cdf80","0"
"","Global","FUN_0041dbb0","0041dbb0","","Global","FUN_002ce310","002ce310","0"
"","Global","FUN_0041dc40","0041dc40","","Global","FUN_002ce3a0","002ce3a0","0"
"","Global","FUN_0041de40","0041de40","","Global","FUN_002ce5a0","002ce5a0","0"
"","Global","FUN_0041dfd0","0041dfd0","","Global","FUN_002ce730","002ce730","0"
"","Global","FUN_0041e050","0041e050","","Global","FUN_002ce7b0","002ce7b0","0"
"","Global","FUN_0041e260","0041e260","","Global","FUN_002ce9c0","002ce9c0","0"
"","Global","FUN_0041e2d0","0041e2d0","","Global","FUN_002cea30","002cea30","0"
"","Global","FUN_0041e530","0041e530","","Global","FUN_002cecd0","002cecd0","0"
"","Global","FUN_0041e5d0","0041e5d0","","Global","FUN_002ced80","002ced80","0"
"","Global","FUN_0041e600","0041e600","","Global","FUN_002cedb0","002cedb0","0"
"","Global","FUN_0041e750","0041e750","","Global","FUN_002cef00","002cef00","0"
"","Global","FUN_0041e7c0","0041e7c0","","Global","FUN_002cef70","002cef70","0"
"","Global","FUN_0041e840","0041e840","","Global","FUN_002ceff0","002ceff0","0"
"","Global","FUN_0041ea00","0041ea00","","Global","FUN_002cf230","002cf230","0"
"","Global","FUN_0041ea90","0041ea90","","Global","FUN_002cf2c0","002cf2c0","0"
"","Global","FUN_0041eaf0","0041eaf0","","Global","FUN_002cf310","002cf310","0"
"","Global","FUN_0041eb90","0041eb90","","Global","FUN_002cf3b0","002cf3b0","0"
"","Global","FUN_0041ecb0","0041ecb0","","Global","FUN_002cf550","002cf550","0"
"","Global","FUN_0041ee20","0041ee20","","Global","FUN_002cf6d0","002cf6d0","0"
"","Global","FUN_0041eeb0","0041eeb0","","Global","FUN_002cf760","002cf760","0"
"","Global","FUN_0041eef0","0041eef0","","Global","FUN_002cf7a0","002cf7a0","0"
"","Global","FUN_0041fa10","0041fa10","","Global","FUN_002d02c0","002d02c0","0"
"","Global","FUN_0041fa90","0041fa90","","Global","FUN_002d0340","002d0340","0"
"","Global","FUN_00420530","00420530","","Global","FUN_00204ae0","00204ae0","0"
"","Global","FUN_004206c0","004206c0","","Global","FUN_00204ca0","00204ca0","0"
"","Global","FUN_00421a40","00421a40","","Global","FUN_002064d0","002064d0","0"
"","Global","FUN_00421ae0","00421ae0","","Global","FUN_00206570","00206570","0"
"","Global","FUN_00421c60","00421c60","","Global","FUN_002066f0","002066f0","0"
"","Global","FUN_00421cc0","00421cc0","","Global","FUN_00206750","00206750","0"
"","Global","FUN_00421d60","00421d60","","Global","FUN_002067f0","002067f0","0"
"","Global","FUN_00421e40","00421e40","","Global","FUN_002068d0","002068d0","0"
"","Global","FUN_00422460","00422460","","Global","FUN_00206da0","00206da0","0"
"","Global","FUN_00424620","00424620","","Global","FUN_002f6500","002f6500","0"
"","Global","FUN_00424c30","00424c30","","Global","FUN_002f6850","002f6850","0"
"","Global","FUN_00424c70","00424c70","","Global","FUN_002f6890","002f6890","0"
"","Global","FUN_00424ce0","00424ce0","","Global","FUN_002f6900","002f6900","0"
"","Global","FUN_00424d40","00424d40","","Global","FUN_002f6960","002f6960","0"
"","Global","FUN_00424da0","00424da0","","Global","FUN_002f6a00","002f6a00","0"
"","Global","FUN_00424dd0","00424dd0","","Global","FUN_002f6a30","002f6a30","0"
"","Global","FUN_00424e10","00424e10","","Global","FUN_002f6a70","002f6a70","0"
"","Global","FUN_00425650","00425650","","Global","FUN_002d51f0","002d51f0","0"
"","Global","FUN_004256f0","004256f0","","Global","FUN_002d52d0","002d52d0","0"
"","Global","FUN_004258d0","004258d0","","Global","FUN_002d5880","002d5880","0"
"","Global","FUN_00425ea0","00425ea0","","Global","FUN_002d6020","002d6020","0"
"","Global","FUN_00425ee0","00425ee0","","Global","FUN_002d6060","002d6060","0"
"","Global","FUN_004261b0","004261b0","","Global","FUN_002d62f0","002d62f0","0"
"","Global","FUN_004261f0","004261f0","","Global","FUN_002d6330","002d6330","0"
"","Global","FUN_00426260","00426260","","Global","FUN_002d63f0","002d63f0","0"
"","Global","FUN_00426340","00426340","","Global","FUN_002d64d0","002d64d0","0"
"","Global","FUN_00426980","00426980","","Global","FUN_002d6f20","002d6f20","0"
"","Global","FUN_004269e0","004269e0","","Global","FUN_002d6fa0","002d6fa0","0"
"","Global","FUN_00426a40","00426a40","","Global","FUN_002d7000","002d7000","0"
"","Global","FUN_00426a60","00426a60","","Global","FUN_002d7020","002d7020","0"
"","Global","FUN_00426a80","00426a80","","Global","FUN_002d7150","002d7150","0"
"","Global","FUN_00426af0","00426af0","","Global","FUN_002d70c0","002d70c0","0"
"","Global","FUN_00426b80","00426b80","","Global","FUN_002d71d0","002d71d0","0"
"","Global","FUN_00426ba0","00426ba0","","Global","FUN_002d71f0","002d71f0","0"
"","Global","FUN_00426d70","00426d70","","Global","FUN_002d73c0","002d73c0","0"
"","Global","FUN_00426dc0","00426dc0","","Global","FUN_002d7410","002d7410","0"
"","Global","FUN_00426fa0","00426fa0","","Global","FUN_002d7600","002d7600","0"
"","Global","FUN_00426fbc","00426fbc","","Global","FUN_002d761c","002d761c","0"
"","Global","FUN_004283c0","004283c0","","Global","FUN_002d9210","002d9210","0"
"","Global","FUN_004285e0","004285e0","","Global","FUN_002d9460","002d9460","0"
"","Global","FUN_00428b30","00428b30","","Global","FUN_002d9980","002d9980","0"
"","Global","FUN_00428b60","00428b60","","Global","FUN_002d99b0","002d99b0","0"
"","Global","FUN_00428be0","00428be0","","Global","FUN_002d9a30","002d9a30","0"
"","Global","FUN_004295a0","004295a0","","Global","FUN_002f6990","002f6990","0"
"","Global","FUN_004295e0","004295e0","","Global","FUN_002da450","002da450","0"
"","Global","FUN_00429c00","00429c00","","Global","FUN_002daa80","002daa80","0"
"","Global","FUN_00429c90","00429c90","","Global","FUN_002daae0","002daae0","0"
"","Global","FUN_00429d80","00429d80","","Global","FUN_002dabd0","002dabd0","0"
"","Global","FUN_00429e10","00429e10","","Global","FUN_002dac60","002dac60","0"
"","Global","FUN_00429e60","00429e60","","Global","FUN_002d0800","002d0800","0"
"","Global","FUN_0042a040","0042a040","","Global","FUN_002d0a50","002d0a50","0"
"","Global","FUN_0042a080","0042a080","","Global","FUN_002d0ac0","002d0ac0","0"
"","Global","FUN_0042a100","0042a100","","Global","FUN_002d0b40","002d0b40","0"
"","Global","FUN_0042a140","0042a140","","Global","FUN_002d0b80","002d0b80","0"
"","Global","FUN_0042a5f0","0042a5f0","","Global","FUN_002d0f10","002d0f10","0"
"","Global","FUN_0042a640","0042a640","","Global","FUN_002d0f60","002d0f60","0"
"","Global","FUN_0042a6c0","0042a6c0","","Global","FUN_002d0fe0","002d0fe0","0"
"","Global","FUN_0042a7f0","0042a7f0","","Global","FUN_002d1120","002d1120","0"
"","Global","FUN_0042a890","0042a890","","Global","FUN_002e5760","002e5760","0"
"","Global","FUN_0042a8b0","0042a8b0","","Global","FUN_002e5780","002e5780","0"
"","Global","FUN_0042a9b0","0042a9b0","","Global","FUN_002e5890","002e5890","0"
"","Global","FUN_0042a9f0","0042a9f0","","Global","FUN_002e58d0","002e58d0","0"
"","Global","FUN_0042aa70","0042aa70","","Global","FUN_002e5950","002e5950","0"
"","Global","FUN_0042abe0","0042abe0","","Global","FUN_002e5ae0","002e5ae0","0"
"","Global","FUN_0042ac20","0042ac20","","Global","FUN_002e5b20","002e5b20","0"
"","Global","FUN_0042ace0","0042ace0","","Global","FUN_002e5c50","002e5c50","0"
"","Global","FUN_0042add0","0042add0","","Global","FUN_002e5df0","002e5df0","0"
"","Global","FUN_0042afb0","0042afb0","","Global","FUN_002e5f20","002e5f20","0"
"","Global","FUN_0042b010","0042b010","","Global","FUN_002e5f80","002e5f80","0"
"","Global","FUN_0042b040","0042b040","","Global","FUN_002e5fb0","002e5fb0","0"
"","Global","FUN_0042b080","0042b080","","Global","FUN_002e5ff0","002e5ff0","0"
"","Global","FUN_0042b0b0","0042b0b0","","Global","FUN_002e6020","002e6020","0"
"","Global","FUN_0042b150","0042b150","","Global","FUN_002e60c0","002e60c0","0"
"","Global","FUN_0042b4e0","0042b4e0","","Global","FUN_002e6500","002e6500","0"
"","Global","FUN_0042b560","0042b560","","Global","FUN_002e6670","002e6670","0"
"","Global","FUN_0042b590","0042b590","","Global","FUN_002e66a0","002e66a0","0"
"","Global","FUN_0042b7a0","0042b7a0","","Global","FUN_002e6860","002e6860","0"
"","Global","FUN_0042b820","0042b820","","Global","FUN_002e68e0","002e68e0","0"
"","Global","FUN_0042b880","0042b880","","Global","FUN_002e6980","002e6980","0"
"","Global","FUN_0042b920","0042b920","","Global","FUN_002e6a40","002e6a40","0"
"","Global","FUN_0042b940","0042b940","","Global","FUN_002e6a60","002e6a60","0"
"","Global","FUN_0042b990","0042b990","","Global","FUN_002e6ac0","002e6ac0","0"
"","Global","FUN_0042ba00","0042ba00","","Global","FUN_0032d270","0032d270","0"
"","Global","FUN_0042baf0","0042baf0","","Global","FUN_002d3350","002d3350","0"
"","Global","FUN_0042bb90","0042bb90","","Global","FUN_002d33f0","002d33f0","0"
"","Global","FUN_0042bc50","0042bc50","","Global","FUN_002d34b0","002d34b0","0"
"","Global","FUN_0042bdf0","0042bdf0","","Global","FUN_002d3670","002d3670","0"
"","Global","FUN_0042be20","0042be20","","Global","FUN_002d36a0","002d36a0","0"
"","Global","FUN_0042be80","0042be80","","Global","FUN_002d3700","002d3700","0"
"","Global","FUN_0042bf60","0042bf60","","Global","FUN_002d3800","002d3800","0"
"","Global","FUN_0042c7b0","0042c7b0","","Global","FUN_002d4160","002d4160","0"
"","Global","FUN_0042c8d0","0042c8d0","","Global","FUN_002d4280","002d4280","0"
"","Global","FUN_0042caa0","0042caa0","","Global","FUN_002d4450","002d4450","0"
"","Global","FUN_0042cb60","0042cb60","","Global","FUN_002d4510","002d4510","0"
"","Global","FUN_0042cca0","0042cca0","","Global","FUN_002d4740","002d4740","0"
"","Global","FUN_0042cdc0","0042cdc0","","Global","FUN_002d48b0","002d48b0","0"
"","Global","FUN_0042ce90","0042ce90","","Global","FUN_002d49b0","002d49b0","0"
"","Global","FUN_0042cf80","0042cf80","","Global","FUN_002d4aa0","002d4aa0","0"
"","Global","FUN_0042d030","0042d030","","Global","FUN_002df5d0","002df5d0","0"
"","Global","FUN_0042d880","0042d880","","Global","FUN_002dfe90","002dfe90","0"
"","Global","FUN_0042d950","0042d950","","Global","FUN_002e0020","002e0020","0"
"","Global","FUN_0042d990","0042d990","","Global","FUN_002e0060","002e0060","0"
"","Global","FUN_0042d9e0","0042d9e0","","Global","FUN_002e00b0","002e00b0","0"
"","Global","FUN_0042da60","0042da60","","Global","FUN_002e0130","002e0130","0"
"","Global","FUN_0042dab0","0042dab0","","Global","FUN_002e0180","002e0180","0"
"","Global","FUN_0042dad0","0042dad0","","Global","FUN_002e01a0","002e01a0","0"
"","Global","FUN_0042e390","0042e390","","Global","FUN_002db500","002db500","0"
"","Global","FUN_0042eaf0","0042eaf0","","Global","FUN_002db7a0","002db7a0","0"
"","Global","FUN_0042eba0","0042eba0","","Global","FUN_002db850","002db850","0"
"","Global","FUN_0042ec30","0042ec30","","Global","FUN_002db8e0","002db8e0","0"
"","Global","FUN_00430330","00430330","","Global","FUN_002dd720","002dd720","0"
"","Global","FUN_004303a0","004303a0","","Global","FUN_002dd790","002dd790","0"
"","Global","FUN_00430410","00430410","","Global","FUN_002dd820","002dd820","0"
"","Global","FUN_00430450","00430450","","Global","FUN_002dd910","002dd910","0"
"","Global","FUN_00430490","00430490","","Global","FUN_002dd950","002dd950","0"
"","Global","FUN_00430500","00430500","","Global","FUN_002dd9c0","002dd9c0","0"
"","Global","FUN_00430550","00430550","","Global","FUN_002dda10","002dda10","0"
"","Global","FUN_00430b00","00430b00","","Global","FUN_002de080","002de080","0"
"","Global","FUN_00430b20","00430b20","","Global","FUN_002de0a0","002de0a0","0"
"","Global","FUN_004311d0","004311d0","","Global","FUN_002de420","002de420","0"
"","Global","FUN_00431300","00431300","","Global","FUN_002de450","002de450","0"
"","Global","FUN_004313f0","004313f0","","Global","FUN_002de4e0","002de4e0","0"
"","Global","FUN_00431480","00431480","","Global","FUN_002de570","002de570","0"
"","Global","FUN_004317e0","004317e0","","Global","FUN_002dec40","002dec40","0"
"","Global","FUN_00431a60","00431a60","","Global","FUN_002def00","002def00","0"
"","Global","FUN_00431b30","00431b30","","Global","FUN_002defd0","002defd0","0"
"","Global","FUN_00431ba0","00431ba0","","Global","FUN_002deeb0","002deeb0","0"
"","Global","FUN_00431c10","00431c10","","Global","FUN_002df0b0","002df0b0","0"
"","Global","FUN_00431ca0","00431ca0","","Global","FUN_002df140","002df140","0"
"","Global","FUN_00432050","00432050","","Global","FUN_002df4f0","002df4f0","0"
"","Global","FUN_00432db0","00432db0","","Global","FUN_002e1040","002e1040","0"
"","Global","FUN_00433770","00433770","","Global","FUN_002e1a70","002e1a70","0"
"","Global","FUN_00433860","00433860","","Global","FUN_002e1b60","002e1b60","0"
"","Global","FUN_00433960","00433960","","Global","FUN_002e1c80","002e1c80","0"
"","Global","FUN_00433a70","00433a70","","Global","FUN_002e1d90","002e1d90","0"
"","Global","FUN_00433b80","00433b80","","Global","FUN_002e1ea0","002e1ea0","0"
"","Global","FUN_00433bf0","00433bf0","","Global","FUN_002e1f10","002e1f10","0"
"","Global","FUN_00433cf0","00433cf0","","Global","FUN_002e2010","002e2010","0"
"","Global","FUN_00433df0","00433df0","","Global","FUN_002e2120","002e2120","0"
"","Global","FUN_00433e30","00433e30","","Global","FUN_002e2160","002e2160","0"
"","Global","FUN_00434090","00434090","","Global","FUN_002e2350","002e2350","0"
"","Global","FUN_004340a0","004340a0","","Global","FUN_002e2360","002e2360","0"
"","Global","FUN_004340d0","004340d0","","Global","FUN_002e2390","002e2390","0"
"","Global","FUN_00434350","00434350","","Global","FUN_002e27f0","002e27f0","0"
"","Global","FUN_00434750","00434750","","Global","FUN_002e2c50","002e2c50","0"
"","Global","FUN_004347a0","004347a0","","Global","FUN_002e2ca0","002e2ca0","0"
"","Global","FUN_00434fd0","00434fd0","","Global","FUN_002e36e0","002e36e0","0"
"","Global","FUN_00435020","00435020","","Global","FUN_002e3780","002e3780","0"
"","Global","FUN_00435680","00435680","","Global","FUN_002e3dd0","002e3dd0","0"
"","Global","FUN_004356b0","004356b0","","Global","FUN_002e3e00","002e3e00","0"
"","Global","FUN_00435750","00435750","","Global","FUN_002e3e90","002e3e90","0"
"","Global","FUN_004357f0","004357f0","","Global","FUN_002e3f60","002e3f60","0"
"","Global","FUN_00435ed0","00435ed0","","Global","FUN_002e4c00","002e4c00","0"
"","Global","FUN_00435f80","00435f80","","Global","FUN_002e4dd0","002e4dd0","0"
"","Global","FUN_00436020","00436020","","Global","FUN_002e4e70","002e4e70","0"
"","Global","FUN_004360b0","004360b0","","Global","FUN_002e4f10","002e4f10","0"
"","Global","FUN_00436250","00436250","","Global","FUN_002e5030","002e5030","0"
"","Global","FUN_00436640","00436640","","Global","FUN_002e54f0","002e54f0","0"
"","Global","FUN_00436790","00436790","","Global","FUN_002e5640","002e5640","0"
"","Global","FUN_00436850","00436850","","Global","FUN_002d1180","002d1180","0"
"","Global","FUN_00436a50","00436a50","","Global","FUN_002d1300","002d1300","0"
"","Global","FUN_00436c90","00436c90","","Global","FUN_002d17c0","002d17c0","0"
"","Global","FUN_00436da0","00436da0","","Global","FUN_002d1970","002d1970","0"
"","Global","FUN_00436f10","00436f10","","Global","FUN_002d1bd0","002d1bd0","0"
"","Global","FUN_00437050","00437050","","Global","FUN_002d1d70","002d1d70","0"
"","Global","FUN_004371b0","004371b0","","Global","FUN_002d1f70","002d1f70","0"
"","Global","FUN_00437350","00437350","","Global","FUN_002d21b0","002d21b0","0"
"","Global","FUN_004374c0","004374c0","","Global","FUN_002d23f0","002d23f0","0"
"","Global","FUN_00437540","00437540","","Global","FUN_002d2470","002d2470","0"
"","Global","FUN_00437570","00437570","","Global","FUN_002d24a0","002d24a0","0"
"","Global","FUN_00437590","00437590","","Global","FUN_002d24c0","002d24c0","0"
"","Global","FUN_00437630","00437630","","Global","FUN_002d2580","002d2580","0"
"","Global","FUN_00437650","00437650","","Global","FUN_002d25a0","002d25a0","0"
"","Global","FUN_00437670","00437670","","Global","FUN_002d25c0","002d25c0","0"
"","Global","FUN_004376b0","004376b0","","Global","FUN_002d2600","002d2600","0"
"","Global","FUN_004377a0","004377a0","","Global","FUN_002d2700","002d2700","0"
"","Global","FUN_00437e10","00437e10","","Global","FUN_002d2f10","002d2f10","0"
"","Global","FUN_00438100","00438100","","Global","FUN_002d3200","002d3200","0"
"","Global","FUN_00438150","00438150","","Global","FUN_002d3250","002d3250","0"
"","Global","FUN_00438170","00438170","","Global","FUN_002d3270","002d3270","0"
"","Global","FUN_00438220","00438220","","Global","FUN_002d3320","002d3320","0"
"","Global","FUN_00438c60","00438c60","","Global","FUN_002e78c0","002e78c0","0"
"","Global","FUN_00439140","00439140","","Global","FUN_002e8180","002e8180","0"
"","Global","FUN_004394d0","004394d0","","Global","FUN_002e85f0","002e85f0","0"
"","Global","FUN_00439890","00439890","","Global","FUN_002e89d0","002e89d0","0"
"","Global","FUN_004398f0","004398f0","","Global","FUN_002e8a30","002e8a30","0"
"","Global","FUN_00439cb0","00439cb0","","Global","FUN_002e8eb0","002e8eb0","0"
"","Global","FUN_0043a270","0043a270","","Global","FUN_002e94c0","002e94c0","0"
"","Global","FUN_0043a470","0043a470","","Global","FUN_002e96c0","002e96c0","0"
"","Global","FUN_0043a4f0","0043a4f0","","Global","FUN_002e9740","002e9740","0"
"","Global","FUN_0043a580","0043a580","","Global","FUN_002e97d0","002e97d0","0"
"","Global","FUN_0043a620","0043a620","","Global","FUN_00457270","00457270","0"
"","Global","FUN_0043a690","0043a690","","Global","FUN_002e98e0","002e98e0","0"
"","Global","FUN_0043a9a0","0043a9a0","","Global","FUN_002e9bf0","002e9bf0","0"
"","Global","FUN_0043acc0","0043acc0","","Global","FUN_002e9f10","002e9f10","0"
"","Global","FUN_0043adf0","0043adf0","","Global","FUN_002ea040","002ea040","0"
"","Global","FUN_0043aea0","0043aea0","","Global","FUN_002ea320","002ea320","0"
"","Global","FUN_0043b140","0043b140","","Global","FUN_002ea590","002ea590","0"
"","Global","FUN_0043b1d0","0043b1d0","","Global","FUN_002ea620","002ea620","0"
"","Global","FUN_0043b310","0043b310","","Global","FUN_002ea760","002ea760","0"
"","Global","FUN_0043b420","0043b420","","Global","FUN_002eb980","002eb980","0"
"","Global","FUN_0043b670","0043b670","","Global","FUN_002ebbe0","002ebbe0","0"
"","Global","FUN_0043b770","0043b770","","Global","FUN_002ea970","002ea970","0"
"","Global","FUN_0043b7b0","0043b7b0","","Global","FUN_002ea9b0","002ea9b0","0"
"","Global","FUN_0043ba50","0043ba50","","Global","FUN_002eac70","002eac70","0"
"","Global","FUN_0043bab0","0043bab0","","Global","FUN_002eacd0","002eacd0","0"
"","Global","FUN_0043bb50","0043bb50","","Global","FUN_002eadd0","002eadd0","0"
"","Global","FUN_0043bb90","0043bb90","","Global","FUN_002eae10","002eae10","0"
"","Global","FUN_0043bcd0","0043bcd0","","Global","FUN_002eaf90","002eaf90","0"
"","Global","FUN_0043bd20","0043bd20","","Global","FUN_002eafe0","002eafe0","0"
"","Global","FUN_0043bdb0","0043bdb0","","Global","FUN_002eb090","002eb090","0"
"","Global","FUN_0043c050","0043c050","","Global","FUN_002eb3b0","002eb3b0","0"
"","Global","FUN_0043c070","0043c070","","Global","FUN_002eb3d0","002eb3d0","0"
"","Global","FUN_0043c0b0","0043c0b0","","Global","FUN_002eb410","002eb410","0"
"","Global","FUN_0043c320","0043c320","","Global","FUN_002eb5b0","002eb5b0","0"
"","Global","FUN_0043c350","0043c350","","Global","FUN_002eb5e0","002eb5e0","0"
"","Global","FUN_0043c4a0","0043c4a0","","Global","FUN_002eb730","002eb730","0"
"","Global","FUN_0043c530","0043c530","","Global","FUN_002eb7c0","002eb7c0","0"
"","Global","FUN_0043c560","0043c560","","Global","FUN_002eb7f0","002eb7f0","0"
"","Global","FUN_0043c5b0","0043c5b0","","Global","FUN_002eb840","002eb840","0"
"","Global","FUN_0043c600","0043c600","","Global","FUN_002eb890","002eb890","0"
"","Global","FUN_0043c630","0043c630","","Global","FUN_002eb8c0","002eb8c0","0"
"","Global","FUN_0043c6a0","0043c6a0","","Global","FUN_002eb930","002eb930","0"
"","Global","FUN_0043c940","0043c940","","Global","FUN_002f3a70","002f3a70","0"
"","Global","FUN_0043c9b0","0043c9b0","","Global","FUN_002f3ae0","002f3ae0","0"
"","Global","FUN_0043c9d0","0043c9d0","","Global","FUN_002f3b00","002f3b00","0"
"","Global","FUN_0043c9f0","0043c9f0","","Global","FUN_002f3b20","002f3b20","0"
"","Global","FUN_0043ca20","0043ca20","","Global","FUN_002f3b50","002f3b50","0"
"","Global","FUN_0043cba0","0043cba0","","Global","FUN_002f3ce0","002f3ce0","0"
"","Global","FUN_0043cd20","0043cd20","","Global","FUN_002f3e60","002f3e60","0"
"","Global","FUN_0043cd50","0043cd50","","Global","FUN_002f3e90","002f3e90","0"
"","Global","FUN_0043cf80","0043cf80","","Global","FUN_002f4140","002f4140","0"
"","Global","FUN_0043d040","0043d040","","Global","FUN_002f4200","002f4200","0"
"","Global","FUN_0043d070","0043d070","","Global","FUN_002f4230","002f4230","0"
"","Global","FUN_0043d0a0","0043d0a0","","Global","FUN_002f4260","002f4260","0"
"","Global","FUN_0043d250","0043d250","","Global","FUN_002f4470","002f4470","0"
"","Global","FUN_0043d330","0043d330","","Global","FUN_002f4550","002f4550","0"
"","Global","FUN_0043d370","0043d370","","Global","FUN_002f4590","002f4590","0"
"","Global","FUN_0043d840","0043d840","","Global","FUN_002ec200","002ec200","0"
"","Global","FUN_0043e040","0043e040","","Global","FUN_002ed180","002ed180","0"
"","Global","FUN_0043e130","0043e130","","Global","FUN_002ed270","002ed270","0"
"","Global","FUN_0043e3e0","0043e3e0","","Global","FUN_002ed590","002ed590","0"
"","Global","FUN_0043e4e0","0043e4e0","","Global","FUN_002ebc70","002ebc70","0"
"","Global","FUN_0043e5c0","0043e5c0","","Global","FUN_002ed690","002ed690","0"
"","Global","FUN_0043e980","0043e980","","Global","FUN_002edbb0","002edbb0","0"
"","Global","FUN_0043e9b0","0043e9b0","","Global","FUN_002edbe0","002edbe0","0"
"","Global","FUN_0043eb30","0043eb30","","Global","FUN_002edd40","002edd40","0"
"","Global","FUN_0043f050","0043f050","","Global","FUN_002ef240","002ef240","0"
"","Global","FUN_0043f130","0043f130","","Global","FUN_002ef300","002ef300","0"
"","Global","FUN_0043f1c0","0043f1c0","","Global","FUN_002ef3b0","002ef3b0","0"
"","Global","FUN_0043f260","0043f260","","Global","FUN_002ef450","002ef450","0"
"","Global","FUN_0043f2a0","0043f2a0","","Global","FUN_002ef490","002ef490","0"
"","Global","FUN_0043f710","0043f710","","Global","FUN_002efb20","002efb20","0"
"","Global","FUN_0043f7a0","0043f7a0","","Global","FUN_002efbf0","002efbf0","0"
"","Global","FUN_0043f800","0043f800","","Global","FUN_002f1c70","002f1c70","0"
"","Global","FUN_0043f850","0043f850","","Global","FUN_002f1cc0","002f1cc0","0"
"","Global","FUN_0043f880","0043f880","","Global","FUN_002f1cf0","002f1cf0","0"
"","Global","FUN_0043fbe0","0043fbe0","","Global","FUN_002f2070","002f2070","0"
"","Global","FUN_0043fc30","0043fc30","","Global","FUN_002f20c0","002f20c0","0"
"","Global","FUN_0043fe10","0043fe10","","Global","FUN_002f2320","002f2320","0"
"","Global","FUN_0043fe60","0043fe60","","Global","FUN_002f2370","002f2370","0"
"","Global","FUN_00440120","00440120","","Global","FUN_002f2620","002f2620","0"
"","Global","FUN_004405b0","004405b0","","Global","FUN_002f2bb0","002f2bb0","0"
"","Global","FUN_004405f0","004405f0","","Global","FUN_002f2bf0","002f2bf0","0"
"","Global","FUN_004406f0","004406f0","","Global","FUN_002f2cf0","002f2cf0","0"
"","Global","FUN_00440750","00440750","","Global","FUN_002f2d50","002f2d50","0"
"","Global","FUN_00440910","00440910","","Global","FUN_002f2ed0","002f2ed0","0"
"","Global","FUN_00440960","00440960","","Global","FUN_002f2f20","002f2f20","0"
"","Global","FUN_00440ac0","00440ac0","","Global","FUN_002f3090","002f3090","0"
"","Global","FUN_00440b00","00440b00","","Global","FUN_002f30d0","002f30d0","0"
"","Global","FUN_00440cf0","00440cf0","","Global","FUN_002f32c0","002f32c0","0"
"","Global","FUN_00440d70","00440d70","","Global","FUN_002f3340","002f3340","0"
"","Global","FUN_00440dd0","00440dd0","","Global","FUN_002f33f0","002f33f0","0"
"","Global","FUN_00440f20","00440f20","","Global","FUN_002f3810","002f3810","0"
"","Global","FUN_00440fc0","00440fc0","","Global","FUN_002f7140","002f7140","0"
"","Global","FUN_00441230","00441230","","Global","FUN_002f75b0","002f75b0","0"
"","Global","FUN_00441440","00441440","","Global","FUN_002f7890","002f7890","0"
"","Global","FUN_00441610","00441610","","Global","FUN_002f7b60","002f7b60","0"
"","Global","FUN_004416f0","004416f0","","Global","FUN_002f7c50","002f7c50","0"
"","Global","FUN_00441aa0","00441aa0","","Global","FUN_002f80e0","002f80e0","0"
"","Global","FUN_00441cf0","00441cf0","","Global","FUN_002f8330","002f8330","0"
"","Global","FUN_00441d10","00441d10","","Global","FUN_002f8350","002f8350","0"
"","Global","FUN_00441ee0","00441ee0","","Global","FUN_002f8520","002f8520","0"
"","Global","FUN_00441f10","00441f10","","Global","FUN_002f8550","002f8550","0"
"","Global","FUN_00441f60","00441f60","","Global","FUN_002f85a0","002f85a0","0"
"","Global","FUN_00441fb0","00441fb0","","Global","FUN_002f8640","002f8640","0"
"","Global","FUN_004420e0","004420e0","","Global","FUN_002f8770","002f8770","0"
"","Global","FUN_00442140","00442140","","Global","FUN_002f87d0","002f87d0","0"
"","Global","FUN_004421b0","004421b0","","Global","FUN_002f8840","002f8840","0"
"","Global","FUN_00442c60","00442c60","","Global","FUN_002f04f0","002f04f0","0"
"","Global","FUN_00443100","00443100","","Global","FUN_002f0980","002f0980","0"
"","Global","FUN_00443140","00443140","","Global","FUN_002f09c0","002f09c0","0"
"","Global","FUN_004431a0","004431a0","","Global","FUN_002f0a30","002f0a30","0"
"","Global","FUN_004431d0","004431d0","","Global","FUN_002f0a60","002f0a60","0"
"","Global","FUN_00443210","00443210","","Global","FUN_002f0aa0","002f0aa0","0"
"","Global","FUN_004432d0","004432d0","","Global","FUN_002f0b90","002f0b90","0"
"","Global","FUN_00443360","00443360","","Global","FUN_002f0c40","002f0c40","0"
"","Global","FUN_004437f0","004437f0","","Global","FUN_002f10a0","002f10a0","0"
"","Global","FUN_00444370","00444370","","Global","FUN_002f1b50","002f1b50","0"
"","Global","FUN_00444cf0","00444cf0","","Global","FUN_002eed40","002eed40","0"
"","Global","FUN_00445010","00445010","","Global","FUN_002ef100","002ef100","0"
"","Global","FUN_00445030","00445030","","Global","FUN_002ef120","002ef120","0"
"","Global","FUN_004450d0","004450d0","","Global","FUN_002f6b60","002f6b60","0"
"","Global","FUN_00445170","00445170","","Global","FUN_002f6c00","002f6c00","0"
"","Global","FUN_00445310","00445310","","Global","FUN_002f6da0","002f6da0","0"
"","Global","FUN_00445450","00445450","","Global","FUN_002f6ee0","002f6ee0","0"
"","Global","FUN_00445710","00445710","","Global","FUN_002f8b60","002f8b60","0"
"","Global","FUN_004457d0","004457d0","","Global","FUN_002f8c20","002f8c20","0"
"","Global","FUN_00445d70","00445d70","","Global","FUN_002bfeb0","002bfeb0","0"
"","Global","FUN_00446710","00446710","","Global","FUN_002fb210","002fb210","0"
"","Global","FUN_004467b0","004467b0","","Global","FUN_002fb2b0","002fb2b0","0"
"","Global","FUN_00446840","00446840","","Global","FUN_002fdc90","002fdc90","0"
"","Global","FUN_00447720","00447720","","Global","FUN_002feb30","002feb30","0"
"","Global","FUN_00447a40","00447a40","","Global","FUN_002fee70","002fee70","0"
"","Global","FUN_00447b00","00447b00","","Global","FUN_002fef30","002fef30","0"
"","Global","FUN_00448310","00448310","","Global","FUN_002ff740","002ff740","0"
"","Global","FUN_00448460","00448460","","Global","FUN_002ff890","002ff890","0"
"","Global","FUN_004484c0","004484c0","","Global","FUN_002ff8f0","002ff8f0","0"
"","Global","FUN_00448530","00448530","","Global","FUN_002ff960","002ff960","0"
"","Global","FUN_00448680","00448680","","Global","FUN_002ffab0","002ffab0","0"
"","Global","FUN_00448770","00448770","","Global","FUN_002ffba0","002ffba0","0"
"","Global","FUN_004487e0","004487e0","","Global","FUN_002ffc10","002ffc10","0"
"","Global","FUN_00448840","00448840","","Global","FUN_002ffc70","002ffc70","0"
"","Global","FUN_00448880","00448880","","Global","FUN_002ffcb0","002ffcb0","0"
"","Global","FUN_00448b40","00448b40","","Global","FUN_002fff70","002fff70","0"
"","Global","FUN_00448c30","00448c30","","Global","FUN_00300060","00300060","0"
"","Global","FUN_00448d10","00448d10","","Global","FUN_00300140","00300140","0"
"","Global","FUN_00448d60","00448d60","","Global","FUN_00300190","00300190","0"
"","Global","FUN_00448f20","00448f20","","Global","FUN_00300350","00300350","0"
"","Global","FUN_00448f60","00448f60","","Global","FUN_00300390","00300390","0"
"","Global","FUN_00448fe0","00448fe0","","Global","FUN_00300410","00300410","0"
"","Global","FUN_00449070","00449070","","Global","FUN_003004a0","003004a0","0"
"","Global","FUN_00449170","00449170","","Global","FUN_003005a0","003005a0","0"
"","Global","FUN_004492f0","004492f0","","Global","FUN_002fb380","002fb380","0"
"","Global","FUN_00449330","00449330","","Global","FUN_002fb3c0","002fb3c0","0"
"","Global","FUN_00449440","00449440","","Global","FUN_002fb4d0","002fb4d0","0"
"","Global","FUN_00449490","00449490","","Global","FUN_002fb520","002fb520","0"
"","Global","FUN_004494f0","004494f0","","Global","FUN_002fb580","002fb580","0"
"","Global","FUN_00449510","00449510","","Global","FUN_002fb5a0","002fb5a0","0"
"","Global","FUN_004495e0","004495e0","","Global","FUN_002fb670","002fb670","0"
"","Global","FUN_00449610","00449610","","Global","FUN_002fb6a0","002fb6a0","0"
"","Global","FUN_004496d0","004496d0","","Global","FUN_002fb760","002fb760","0"
"","Global","FUN_004497f0","004497f0","","Global","FUN_002fb880","002fb880","0"
"","Global","FUN_00449850","00449850","","Global","FUN_002fb8e0","002fb8e0","0"
"","Global","FUN_004498e0","004498e0","","Global","FUN_002fb970","002fb970","0"
"","Global","FUN_00449970","00449970","","Global","FUN_002fba00","002fba00","0"
"","Global","FUN_00449a10","00449a10","","Global","FUN_002fbaa0","002fbaa0","0"
"","Global","FUN_00449b00","00449b00","","Global","FUN_002fbb90","002fbb90","0"
"","Global","FUN_00449b90","00449b90","","Global","FUN_002fbc20","002fbc20","0"
"","Global","FUN_00449bb0","00449bb0","","Global","FUN_002fbc40","002fbc40","0"
"","Global","FUN_00449bd0","00449bd0","","Global","FUN_002fbc60","002fbc60","0"
"","Global","FUN_00449c00","00449c00","","Global","FUN_002fbc90","002fbc90","0"
"","Global","FUN_00449d60","00449d60","","Global","FUN_002fbdf0","002fbdf0","0"
"","Global","FUN_00449dc0","00449dc0","","Global","FUN_002fbe50","002fbe50","0"
"","Global","FUN_00449e30","00449e30","","Global","FUN_002fbec0","002fbec0","0"
"","Global","FUN_00449fd0","00449fd0","","Global","FUN_002fc060","002fc060","0"
"","Global","FUN_0044a0e0","0044a0e0","","Global","FUN_002fc170","002fc170","0"
"","Global","FUN_0044a110","0044a110","","Global","FUN_002fc1a0","002fc1a0","0"
"","Global","FUN_0044a180","0044a180","","Global","FUN_002fc210","002fc210","0"
"","Global","FUN_0044a260","0044a260","","Global","FUN_002fc2f0","002fc2f0","0"
"","Global","FUN_0044a530","0044a530","","Global","FUN_002fc5c0","002fc5c0","0"
"","Global","FUN_0044a580","0044a580","","Global","FUN_002fc610","002fc610","0"
"","Global","FUN_0044a600","0044a600","","Global","FUN_002fc690","002fc690","0"
"","Global","FUN_0044a620","0044a620","","Global","FUN_002fc6b0","002fc6b0","0"
"","Global","FUN_0044a670","0044a670","","Global","FUN_002fc700","002fc700","0"
"","Global","FUN_0044a6c0","0044a6c0","","Global","FUN_002fc750","002fc750","0"
"","Global","FUN_0044a710","0044a710","","Global","FUN_002fc7a0","002fc7a0","0"
"","Global","FUN_0044a810","0044a810","","Global","FUN_002fc8a0","002fc8a0","0"
"","Global","FUN_0044a920","0044a920","","Global","FUN_002fc9b0","002fc9b0","0"
"","Global","FUN_0044ab80","0044ab80","","Global","FUN_002fcc10","002fcc10","0"
"","Global","FUN_0044abd0","0044abd0","","Global","FUN_002fcc60","002fcc60","0"
"","Global","FUN_0044ac80","0044ac80","","Global","FUN_002fcd10","002fcd10","0"
"","Global","FUN_0044af40","0044af40","","Global","FUN_002fcfd0","002fcfd0","0"
"","Global","FUN_0044afd0","0044afd0","","Global","FUN_002fd060","002fd060","0"
"","Global","FUN_0044b200","0044b200","","Global","FUN_002fd290","002fd290","0"
"","Global","FUN_0044b220","0044b220","","Global","FUN_002fd2b0","002fd2b0","0"
"","Global","FUN_0044b250","0044b250","","Global","FUN_002fd2e0","002fd2e0","0"
"","Global","FUN_0044b2e0","0044b2e0","","Global","FUN_002fd370","002fd370","0"
"","Global","FUN_0044b540","0044b540","","Global","FUN_002fd5d0","002fd5d0","0"
"","Global","FUN_0044b580","0044b580","","Global","FUN_002fd610","002fd610","0"
"","Global","FUN_0044b5d0","0044b5d0","","Global","FUN_002fd660","002fd660","0"
"","Global","FUN_0044b620","0044b620","","Global","FUN_002fd6b0","002fd6b0","0"
"","Global","FUN_0044b6b0","0044b6b0","","Global","FUN_002fd740","002fd740","0"
"","Global","FUN_0044b720","0044b720","","Global","FUN_002fd7b0","002fd7b0","0"
"","Global","FUN_0044b770","0044b770","","Global","FUN_002fd800","002fd800","0"
"","Global","FUN_0044b7b0","0044b7b0","","Global","FUN_002fd840","002fd840","0"
"","Global","FUN_0044b7f0","0044b7f0","","Global","FUN_002fd880","002fd880","0"
"","Global","FUN_0044b960","0044b960","","Global","FUN_002fd9f0","002fd9f0","0"
"","Global","FUN_0044bae0","0044bae0","","Global","FUN_002fdb70","002fdb70","0"
"","Global","FUN_0044c9d0","0044c9d0","","Global","FUN_00301410","00301410","0"
"","Global","FUN_0044ca30","0044ca30","","Global","FUN_00301470","00301470","0"
"","Global","FUN_0044cc30","0044cc30","","Global","FUN_00301670","00301670","0"
"","Global","FUN_0044ccc0","0044ccc0","","Global","FUN_00301700","00301700","0"
"","Global","FUN_0044ce10","0044ce10","","Global","FUN_00301850","00301850","0"
"","Global","FUN_0044d270","0044d270","","Global","FUN_00301c90","00301c90","0"
"","Global","FUN_0044d3a0","0044d3a0","","Global","FUN_00301dc0","00301dc0","0"
"","Global","FUN_0044d3f0","0044d3f0","","Global","FUN_00301e10","00301e10","0"
"","Global","FUN_0044d4a0","0044d4a0","","Global","FUN_00301ec0","00301ec0","0"
"","Global","FUN_0044d540","0044d540","","Global","FUN_00301f60","00301f60","0"
"","Global","FUN_0044d5b0","0044d5b0","","Global","FUN_00301fd0","00301fd0","0"
"","Global","FUN_0044d730","0044d730","","Global","FUN_00302150","00302150","0"
"","Global","FUN_0044d790","0044d790","","Global","FUN_003021b0","003021b0","0"
"","Global","FUN_0044d8a0","0044d8a0","","Global","FUN_003022c0","003022c0","0"
"","Global","FUN_0044d940","0044d940","","Global","FUN_00302360","00302360","0"
"","Global","FUN_0044e100","0044e100","","Global","FUN_00302b20","00302b20","0"
"","Global","FUN_0044e3c0","0044e3c0","","Global","FUN_00302de0","00302de0","0"
"","Global","FUN_0044e590","0044e590","","Global","FUN_00302fc0","00302fc0","0"
"","Global","FUN_0044e7c0","0044e7c0","","Global","FUN_003031f0","003031f0","0"
"","Global","FUN_0044e870","0044e870","","Global","FUN_003032a0","003032a0","0"
"","Global","FUN_0044e8c0","0044e8c0","","Global","FUN_003032f0","003032f0","0"
"","Global","FUN_0044eb10","0044eb10","","Global","FUN_00303540","00303540","0"
"","Global","FUN_0044ebd0","0044ebd0","","Global","FUN_00303600","00303600","0"
"","Global","FUN_0044ed10","0044ed10","","Global","FUN_00303740","00303740","0"
"","Global","FUN_0044ede0","0044ede0","","Global","FUN_00303810","00303810","0"
"","Global","FUN_0044ef10","0044ef10","","Global","FUN_00303940","00303940","0"
"","Global","FUN_0044efd0","0044efd0","","Global","FUN_00303a00","00303a00","0"
"","Global","FUN_0044f080","0044f080","","Global","FUN_00303ab0","00303ab0","0"
"","Global","FUN_0044f1c0","0044f1c0","","Global","FUN_00303be0","00303be0","0"
"","Global","FUN_0044f230","0044f230","","Global","FUN_00303c50","00303c50","0"
"","Global","FUN_0044f270","0044f270","","Global","FUN_00303c90","00303c90","0"
"","Global","FUN_0044f340","0044f340","","Global","FUN_00303d60","00303d60","0"
"","Global","FUN_0044f490","0044f490","","Global","FUN_00303eb0","00303eb0","0"
"","Global","FUN_00450590","00450590","","Global","FUN_00305020","00305020","0"
"","Global","FUN_004506a0","004506a0","","Global","FUN_00305130","00305130","0"
"","Global","FUN_00450770","00450770","","Global","FUN_00305200","00305200","0"
"","Global","FUN_00450820","00450820","","Global","FUN_003052b0","003052b0","0"
"","Global","FUN_004508f0","004508f0","","Global","FUN_00305380","00305380","0"
"","Global","FUN_00450940","00450940","","Global","FUN_003053d0","003053d0","0"
"","Global","FUN_004509e0","004509e0","","Global","FUN_00305470","00305470","0"
"","Global","FUN_00450b50","00450b50","","Global","FUN_003059b0","003059b0","0"
"","Global","FUN_00450b70","00450b70","","Global","FUN_003059d0","003059d0","0"
"","Global","FUN_00450e10","00450e10","","Global","FUN_00305c70","00305c70","0"
"","Global","FUN_00450e50","00450e50","","Global","FUN_00305cb0","00305cb0","0"
"","Global","FUN_00451010","00451010","","Global","FUN_00305e80","00305e80","0"
"","Global","FUN_00451060","00451060","","Global","FUN_00305ed0","00305ed0","0"
"","Global","FUN_004510e0","004510e0","","Global","FUN_00305f50","00305f50","0"
"","Global","FUN_004511d0","004511d0","","Global","FUN_00306040","00306040","0"
"","Global","FUN_004517c0","004517c0","","Global","FUN_00305650","00305650","0"
"","Global","FUN_00451920","00451920","","Global","FUN_003057b0","003057b0","0"
"","Global","FUN_00451ae0","00451ae0","","Global","FUN_00305970","00305970","0"
"","Global","FUN_00451b20","00451b20","","Global","FUN_003065c0","003065c0","0"
"","Global","FUN_00451c70","00451c70","","Global","FUN_00306710","00306710","0"
"","Global","FUN_00451d20","00451d20","","Global","FUN_003067c0","003067c0","0"
"","Global","FUN_00451d60","00451d60","","Global","FUN_00306800","00306800","0"
"","Global","FUN_00451d80","00451d80","","Global","FUN_00306820","00306820","0"
"","Global","FUN_00451e10","00451e10","","Global","FUN_003068c0","003068c0","0"
"","Global","FUN_00451e70","00451e70","","Global","FUN_00306c60","00306c60","0"
"","Global","FUN_004523e0","004523e0","","Global","FUN_00306e70","00306e70","0"
"","Global","FUN_00452a30","00452a30","","Global","FUN_003074c0","003074c0","0"
"","Global","FUN_00453070","00453070","","Global","FUN_00307a90","00307a90","0"
"","Global","FUN_004530d0","004530d0","","Global","FUN_00307af0","00307af0","0"
"","Global","FUN_00453140","00453140","","Global","FUN_00307b60","00307b60","0"
"","Global","FUN_00453170","00453170","","Global","FUN_00307b90","00307b90","0"
"","Global","FUN_004533b0","004533b0","","Global","FUN_00307dd0","00307dd0","0"
"","Global","FUN_00453400","00453400","","Global","FUN_00307e20","00307e20","0"
"","Global","FUN_00453420","00453420","","Global","FUN_00307e40","00307e40","0"
"","Global","FUN_00453520","00453520","","Global","FUN_00307f40","00307f40","0"
"","Global","FUN_004537d0","004537d0","","Global","FUN_003081f0","003081f0","0"
"","Global","FUN_00453d40","00453d40","","Global","FUN_00308760","00308760","0"
"","Global","FUN_00453dc0","00453dc0","","Global","FUN_003087e0","003087e0","0"
"","Global","FUN_00453e40","00453e40","","Global","FUN_00308860","00308860","0"
"","Global","FUN_00453ea0","00453ea0","","Global","FUN_003088c0","003088c0","0"
"","Global","FUN_00454270","00454270","","Global","FUN_00308cb0","00308cb0","0"
"","Global","FUN_00454420","00454420","","Global","FUN_00308e60","00308e60","0"
"","Global","FUN_00454980","00454980","","Global","FUN_003093d0","003093d0","0"
"","Global","FUN_00454df0","00454df0","","Global","FUN_00309850","00309850","0"
"","Global","FUN_00454e60","00454e60","","Global","FUN_003098c0","003098c0","0"
"","Global","FUN_00454e80","00454e80","","Global","FUN_003098e0","003098e0","0"
"","Global","FUN_00454f60","00454f60","","Global","FUN_003099c0","003099c0","0"
"","Global","FUN_00454fd0","00454fd0","","Global","FUN_00309a30","00309a30","0"
"","Global","FUN_00455020","00455020","","Global","FUN_00309a80","00309a80","0"
"","Global","FUN_00455290","00455290","","Global","FUN_00309cf0","00309cf0","0"
"","Global","FUN_00455360","00455360","","Global","FUN_00309dc0","00309dc0","0"
"","Global","FUN_004553d0","004553d0","","Global","FUN_00309e30","00309e30","0"
"","Global","FUN_00455430","00455430","","Global","FUN_00309e90","00309e90","0"
"","Global","FUN_004554b0","004554b0","","Global","FUN_00309f10","00309f10","0"
"","Global","FUN_00455570","00455570","","Global","FUN_00309fe0","00309fe0","0"
"","switchD_0045558e","caseD_8011","004555e9","","switchD_00309ffe","caseD_8011","0030a059","0"
"","Global","FUN_00455a30","00455a30","","Global","FUN_0030a4a0","0030a4a0","0"
"","Global","FUN_00455b30","00455b30","","Global","FUN_0030a5a0","0030a5a0","0"
"","Global","FUN_00455bf0","00455bf0","","Global","FUN_0030a660","0030a660","0"
"","Global","FUN_00455c70","00455c70","","Global","FUN_00311260","00311260","0"
"","Global","FUN_00455cd0","00455cd0","","Global","FUN_00312030","00312030","0"
"","Global","FUN_00455dd0","00455dd0","","Global","FUN_00311860","00311860","0"
"","Global","FUN_00455e50","00455e50","","Global","FUN_00311980","00311980","0"
"","Global","FUN_00455f10","00455f10","","Global","FUN_00311db0","00311db0","0"
"","Global","FUN_00455f80","00455f80","","Global","FUN_00312280","00312280","0"
"","Global","FUN_00455fb0","00455fb0","","Global","FUN_00311ab0","00311ab0","0"
"","Global","FUN_00456040","00456040","","Global","FUN_00311bd0","00311bd0","0"
"","Global","FUN_00456170","00456170","","Global","FUN_00312360","00312360","0"
"","Global","FUN_004561b0","004561b0","","Global","FUN_00311d00","00311d00","0"
"","Global","FUN_004561e0","004561e0","","Global","FUN_00311d70","00311d70","0"
"","Global","FUN_00456220","00456220","","Global","FUN_00311a00","00311a00","0"
"","Global","FUN_00456270","00456270","","Global","FUN_00311fa0","00311fa0","0"
"","Global","FUN_00456300","00456300","","Global","FUN_00311e80","00311e80","0"
"","Global","FUN_004563e0","004563e0","","Global","FUN_003120b0","003120b0","0"
"","Global","FUN_00456490","00456490","","Global","FUN_003122d0","003122d0","0"
"","Global","FUN_004564b0","004564b0","","Global","FUN_00312130","00312130","0"
"","Global","FUN_00456570","00456570","","Global","FUN_00311b50","00311b50","0"
"","Global","FUN_004566c0","004566c0","","Global","FUN_00311e00","00311e00","0"
"","Global","FUN_00456740","00456740","","Global","FUN_003122f0","003122f0","0"
"","Global","FUN_004567e0","004567e0","","Global","FUN_003123e0","003123e0","0"
"","Global","FUN_00456890","00456890","","Global","FUN_00312490","00312490","0"
"","Global","FUN_00456920","00456920","","Global","FUN_00312d10","00312d10","0"
"","Global","FUN_00456950","00456950","","Global","FUN_003125a0","003125a0","0"
"","Global","FUN_00456990","00456990","","Global","FUN_00312210","00312210","0"
"","Global","FUN_00456a00","00456a00","","Global","FUN_003125d0","003125d0","0"
"","Global","FUN_00456a50","00456a50","","Global","FUN_00312b70","00312b70","0"
"","Global","FUN_00456a80","00456a80","","Global","FUN_00312640","00312640","0"
"","Global","FUN_00456ad0","00456ad0","","Global","FUN_00311cc0","00311cc0","0"
"","Global","FUN_00456b10","00456b10","","Global","FUN_003126d0","003126d0","0"
"","Global","FUN_00456ba0","00456ba0","","Global","FUN_00313050","00313050","0"
"","Global","FUN_00456bc0","00456bc0","","Global","FUN_00312760","00312760","0"
"","Global","FUN_00456da0","00456da0","","Global","FUN_003131a0","003131a0","0"
"","Global","FUN_00456dc0","00456dc0","","Global","FUN_00311f60","00311f60","0"
"","Global","FUN_00456e20","00456e20","","Global","FUN_003124e0","003124e0","0"
"","Global","FUN_00456e90","00456e90","","Global","FUN_00312ae0","00312ae0","0"
"","Global","FUN_00457210","00457210","","Global","FUN_00312c40","00312c40","0"
"","Global","FUN_004572b0","004572b0","","Global","FUN_00312f20","00312f20","0"
"","Global","FUN_00457360","00457360","","Global","FUN_00312f50","00312f50","0"
"","Global","FUN_00457400","00457400","","Global","FUN_003127e0","003127e0","0"
"","Global","FUN_00457470","00457470","","Global","FUN_00313070","00313070","0"
"","Global","FUN_004576a0","004576a0","","Global","FUN_003131c0","003131c0","0"
"","Global","FUN_004576d0","004576d0","","Global","FUN_00313210","00313210","0"
"","Global","FUN_00457820","00457820","","Global","FUN_00312ff0","00312ff0","0"
"","Global","FUN_004578c0","004578c0","","Global","FUN_00313380","00313380","0"
"","Global","FUN_00457920","00457920","","Global","FUN_00313570","00313570","0"
"","Global","FUN_004579a0","004579a0","","Global","FUN_00313890","00313890","0"
"","Global","FUN_00457a00","00457a00","","Global","FUN_00313bf0","00313bf0","0"
"","Global","FUN_00457aa0","00457aa0","","Global","FUN_003136e0","003136e0","0"
"","Global","FUN_00457ad0","00457ad0","","Global","FUN_00313650","00313650","0"
"","Global","FUN_00457c60","00457c60","","Global","FUN_00313da0","00313da0","0"
"","Global","FUN_00457cb0","00457cb0","","Global","FUN_00312ee0","00312ee0","0"
"","Global","FUN_00457cf0","00457cf0","","Global","FUN_003138c0","003138c0","0"
"","Global","FUN_00457d40","00457d40","","Global","FUN_00313910","00313910","0"
"","Global","FUN_00457df0","00457df0","","Global","FUN_003139f0","003139f0","0"
"","Global","FUN_00457e30","00457e30","","Global","FUN_003130b0","003130b0","0"
"","Global","FUN_00457ea0","00457ea0","","Global","FUN_00314000","00314000","0"
"","Global","FUN_00457ef0","00457ef0","","Global","FUN_00313ad0","00313ad0","0"
"","Global","FUN_00457f70","00457f70","","Global","FUN_00313a90","00313a90","0"
"","Global","FUN_00458070","00458070","","Global","FUN_00313bc0","00313bc0","0"
"","Global","FUN_00458230","00458230","","Global","FUN_00313d60","00313d60","0"
"","Global","FUN_00458250","00458250","","Global","FUN_00313d20","00313d20","0"
"","Global","FUN_00458290","00458290","","Global","FUN_00313e40","00313e40","0"
"","Global","FUN_00458360","00458360","","Global","FUN_00314440","00314440","0"
"","Global","FUN_00458490","00458490","","Global","FUN_00313f90","00313f90","0"
"","Global","FUN_004584d0","004584d0","","Global","FUN_00314590","00314590","0"
"","Global","FUN_00458520","00458520","","Global","FUN_00314150","00314150","0"
"","Global","FUN_00458580","00458580","","Global","FUN_00314110","00314110","0"
"","Global","FUN_00458640","00458640","","Global","FUN_00314740","00314740","0"
"","Global","FUN_004586b0","004586b0","","Global","FUN_00313f40","00313f40","0"
"","Global","FUN_004586e0","004586e0","","Global","FUN_003141e0","003141e0","0"
"","Global","FUN_004587a0","004587a0","","Global","FUN_003146c0","003146c0","0"
"","Global","FUN_00458810","00458810","","Global","FUN_003140b0","003140b0","0"
"","Global","FUN_00458850","00458850","","Global","FUN_00314950","00314950","0"
"","Global","FUN_004588e0","004588e0","","Global","FUN_003144a0","003144a0","0"
"","Global","FUN_00458970","00458970","","Global","FUN_003148f0","003148f0","0"
"","Global","FUN_004589d0","004589d0","","Global","FUN_00314aa0","00314aa0","0"
"","Global","FUN_00458a20","00458a20","","Global","FUN_00314270","00314270","0"
"","Global","FUN_00458a60","00458a60","","Global","FUN_00313df0","00313df0","0"
"","Global","FUN_00458ac0","00458ac0","","Global","FUN_00314670","00314670","0"
"","Global","FUN_00458c90","00458c90","","Global","FUN_00314610","00314610","0"
"","Global","FUN_00458cf0","00458cf0","","Global","FUN_00314400","00314400","0"
"","Global","FUN_00458d30","00458d30","","Global","FUN_00314b50","00314b50","0"
"","Global","FUN_00458da0","00458da0","","Global","FUN_00313fd0","00313fd0","0"
"","Global","FUN_00458e20","00458e20","","Global","FUN_00314540","00314540","0"
"","Global","FUN_00458ea0","00458ea0","","Global","FUN_00314850","00314850","0"
"","Global","FUN_00458f40","00458f40","","Global","FUN_00314f40","00314f40","0"
"","Global","FUN_00458fc0","00458fc0","","Global","FUN_003142d0","003142d0","0"
"","Global","FUN_00459080","00459080","","Global","FUN_00314720","00314720","0"
"","Global","FUN_004590f0","004590f0","","Global","FUN_00315350","00315350","0"
"","Global","FUN_00459120","00459120","","Global","FUN_00314c10","00314c10","0"
"","Global","FUN_00459220","00459220","","Global","FUN_00314830","00314830","0"
"","Global","FUN_00459250","00459250","","Global","FUN_00314ee0","00314ee0","0"
"","Global","FUN_004592c0","004592c0","","Global","FUN_00315470","00315470","0"
"","Global","FUN_00459320","00459320","","Global","FUN_00314ea0","00314ea0","0"
"","Global","FUN_00459380","00459380","","Global","FUN_00314f20","00314f20","0"
"","Global","FUN_004594f0","004594f0","","Global","FUN_00315140","00315140","0"
"","Global","FUN_00459550","00459550","","Global","FUN_00315110","00315110","0"
"","Global","FUN_00459710","00459710","","Global","FUN_00315b40","00315b40","0"
"","Global","FUN_00459800","00459800","","Global","FUN_003154a0","003154a0","0"
"","Global","FUN_00459840","00459840","","Global","FUN_00315190","00315190","0"
"","Global","FUN_00459950","00459950","","Global","FUN_00315300","00315300","0"
"","Global","FUN_0045a1f0","0045a1f0","","Global","FUN_00315ef0","00315ef0","0"
"","Global","FUN_0045a250","0045a250","","Global","FUN_00316010","00316010","0"
"","Global","FUN_0045a2d0","0045a2d0","","Global","FUN_00315a30","00315a30","0"
"","Global","FUN_0045a340","0045a340","","Global","FUN_00315b10","00315b10","0"
"","Global","FUN_0045a370","0045a370","","Global","FUN_00316150","00316150","0"
"","Global","FUN_0045a4e0","0045a4e0","","Global","FUN_00315d10","00315d10","0"
"","Global","FUN_0045a5f0","0045a5f0","","Global","FUN_00315ce0","00315ce0","0"
"","Global","FUN_0045a630","0045a630","","Global","FUN_003163e0","003163e0","0"
"","Global","FUN_0045a870","0045a870","","Global","FUN_00316b70","00316b70","0"
"","Global","FUN_0045abb0","0045abb0","","Global","FUN_003162e0","003162e0","0"
"","Global","FUN_0045abd0","0045abd0","","Global","FUN_00316de0","00316de0","0"
"","Global","FUN_0045ac50","0045ac50","","Global","FUN_00316280","00316280","0"
"","Global","FUN_0045ac90","0045ac90","","Global","FUN_00316c60","00316c60","0"
"","Global","FUN_0045b030","0045b030","","Global","FUN_003172e0","003172e0","0"
"","Global","FUN_0045b560","0045b560","","Global","FUN_00317050","00317050","0"
"","Global","FUN_0045b5d0","0045b5d0","","Global","FUN_00316e90","00316e90","0"
"","Global","FUN_0045b670","0045b670","","Global","FUN_00317c80","00317c80","0"
"","Global","FUN_0045b7c0","0045b7c0","","Global","FUN_00317bf0","00317bf0","0"
"","Global","FUN_0045b820","0045b820","","Global","FUN_00317310","00317310","0"
"","Global","FUN_0045b920","0045b920","","Global","FUN_003172a0","003172a0","0"
"","Global","FUN_0045b9f0","0045b9f0","","Global","FUN_00317b70","00317b70","0"
"","Global","FUN_0045ba50","0045ba50","","Global","FUN_00318430","00318430","0"
"","Global","FUN_0045bb80","0045bb80","","Global","FUN_00318760","00318760","0"
"","Global","FUN_0045bbe0","0045bbe0","","Global","FUN_00317db0","00317db0","0"
"","Global","FUN_0045bcc0","0045bcc0","","Global","FUN_00317d00","00317d00","0"
"","Global","FUN_0045bd10","0045bd10","","Global","FUN_00318520","00318520","0"
"","Global","FUN_0045bd70","0045bd70","","Global","FUN_00318460","00318460","0"
"","Global","FUN_0045bdf0","0045bdf0","","Global","FUN_00318010","00318010","0"
"","Global","FUN_0045be30","0045be30","","Global","FUN_00317e80","00317e80","0"
"","Global","FUN_0045beb0","0045beb0","","Global","FUN_003185b0","003185b0","0"
"","Global","FUN_0045bf90","0045bf90","","Global","FUN_003181b0","003181b0","0"
"","Global","FUN_0045c060","0045c060","","Global","FUN_00318c40","00318c40","0"
"","Global","FUN_0045c0a0","0045c0a0","","Global","FUN_00318830","00318830","0"
"","Global","FUN_0045c100","0045c100","","Global","FUN_00318270","00318270","0"
"","Global","FUN_0045c130","0045c130","","Global","FUN_00318610","00318610","0"
"","Global","FUN_0045c280","0045c280","","Global","FUN_00318de0","00318de0","0"
"","Global","FUN_0045c2b0","0045c2b0","","Global","FUN_00318410","00318410","0"
"","Global","FUN_0045c2d0","0045c2d0","","Global","FUN_00318bb0","00318bb0","0"
"","Global","FUN_0045c320","0045c320","","Global","FUN_003189d0","003189d0","0"
"","Global","FUN_0045c370","0045c370","","Global","FUN_00318af0","00318af0","0"
"","Global","FUN_0045c3e0","0045c3e0","","Global","FUN_00318e90","00318e90","0"
"","Global","FUN_0045c400","0045c400","","Global","FUN_00318500","00318500","0"
"","Global","FUN_0045c430","0045c430","","Global","FUN_00318d80","00318d80","0"
"","Global","FUN_0045c530","0045c530","","Global","FUN_00318eb0","00318eb0","0"
"","Global","FUN_0045c600","0045c600","","Global","FUN_00318790","00318790","0"
"","Global","FUN_0045c760","0045c760","","Global","FUN_00318f00","00318f00","0"
"","Global","FUN_0045c860","0045c860","","Global","FUN_00319300","00319300","0"
"","Global","FUN_0045c9a0","0045c9a0","","Global","FUN_00319620","00319620","0"
"","Global","FUN_0045c9c0","0045c9c0","","Global","FUN_003194d0","003194d0","0"
"","Global","FUN_0045ca00","0045ca00","","Global","FUN_00319140","00319140","0"
"","Global","FUN_0045cea0","0045cea0","","Global","FUN_00319c50","00319c50","0"
"","Global","FUN_0045cfa0","0045cfa0","","Global","FUN_00319e90","00319e90","0"
"","Global","FUN_0045d1d0","0045d1d0","","Global","FUN_00319bb0","00319bb0","0"
"","Global","FUN_0045d290","0045d290","","Global","FUN_0031a0e0","0031a0e0","0"
"","Global","FUN_0045d310","0045d310","","Global","FUN_00319cb0","00319cb0","0"
"","Global","FUN_0045d360","0045d360","","Global","FUN_00319640","00319640","0"
"","Global","FUN_0045d410","0045d410","","Global","FUN_00319c80","00319c80","0"
"","Global","FUN_0045d460","0045d460","","Global","FUN_0031ab90","0031ab90","0"
"","Global","FUN_0045d4b0","0045d4b0","","Global","FUN_00319bf0","00319bf0","0"
"","Global","FUN_0045d550","0045d550","","Global","FUN_0031ad90","0031ad90","0"
"","Global","FUN_0045d620","0045d620","","Global","FUN_00319e30","00319e30","0"
"","Global","FUN_0045d6b0","0045d6b0","","Global","FUN_00319d00","00319d00","0"
"","Global","FUN_0045d7b0","0045d7b0","","Global","FUN_0031a1d0","0031a1d0","0"
"","Global","FUN_0045d830","0045d830","","Global","FUN_0031a440","0031a440","0"
"","Global","FUN_0045dac0","0045dac0","","Global","FUN_0031a710","0031a710","0"
"","Global","FUN_0045db10","0045db10","","Global","FUN_0031a4e0","0031a4e0","0"
"","Global","FUN_0045db90","0045db90","","Global","FUN_00319ef0","00319ef0","0"
"","Global","FUN_0045dbb0","0045dbb0","","Global","FUN_0031a7e0","0031a7e0","0"
"","Global","FUN_0045dd50","0045dd50","","Global","FUN_0031a910","0031a910","0"
"","Global","FUN_0045ddd0","0045ddd0","","Global","FUN_0031a8b0","0031a8b0","0"
"","Global","FUN_0045df00","0045df00","","Global","FUN_0031abd0","0031abd0","0"
"","Global","FUN_0045df80","0045df80","","Global","FUN_0031aac0","0031aac0","0"
"","Global","FUN_0045e040","0045e040","","Global","FUN_0031ac50","0031ac50","0"
"","Global","FUN_0045e170","0045e170","","Global","FUN_0031aeb0","0031aeb0","0"
"","Global","FUN_0045e340","0045e340","","Global","FUN_0030f110","0030f110","0"
"","Global","FUN_0045e410","0045e410","","Global","FUN_0030f2c0","0030f2c0","0"
"","Global","FUN_0045e460","0045e460","","Global","FUN_0031a840","0031a840","0"
"","Global","FUN_0045e570","0045e570","","Global","FUN_0030f480","0030f480","0"
"","Global","FUN_0045e620","0045e620","","Global","FUN_0030f890","0030f890","0"
"","Global","FUN_0045e760","0045e760","","Global","FUN_0030f410","0030f410","0"
"","Global","FUN_0045e8b0","0045e8b0","","Global","FUN_0030f740","0030f740","0"
"","Global","FUN_0045e920","0045e920","","Global","FUN_0030fb50","0030fb50","0"
"","Global","FUN_0045eb30","0045eb30","","Global","FUN_0030fa20","0030fa20","0"
"","Global","FUN_0045ee40","0045ee40","","Global","FUN_0030fd70","0030fd70","0"
"","Global","FUN_0045f040","0045f040","","Global","FUN_00310440","00310440","0"
"","Global","FUN_0045f170","0045f170","","Global","FUN_0030fed0","0030fed0","0"
"","Global","FUN_0045f360","0045f360","","Global","FUN_00310780","00310780","0"
"","Global","FUN_0045f370","0045f370","","Global","FUN_00310a60","00310a60","0"
"","Global","FUN_0045f460","0045f460","","Global","FUN_00310160","00310160","0"
"","Global","FUN_0045f4e0","0045f4e0","","Global","FUN_00310550","00310550","0"
"","Global","FUN_0045f600","0045f600","","Global","FUN_0030fdf0","0030fdf0","0"
"","Global","FUN_0045f690","0045f690","","Global","FUN_003103d0","003103d0","0"
"","Global","FUN_0045f700","0045f700","","Global","FUN_00310790","00310790","0"
"","Global","FUN_0045f8d0","0045f8d0","","Global","FUN_00310860","00310860","0"
"","Global","FUN_0045f940","0045f940","","Global","FUN_00310980","00310980","0"
"","Global","FUN_0045fa20","0045fa20","","Global","FUN_00311200","00311200","0"
"","Global","FUN_0045fa80","0045fa80","","Global","FUN_00310610","00310610","0"
"","Global","FUN_0045faa0","0045faa0","","Global","FUN_00311050","00311050","0"
"","Global","FUN_0045fb50","0045fb50","","Global","FUN_00310720","00310720","0"
"","Global","FUN_0045fbb0","0045fbb0","","Global","FUN_00310dd0","00310dd0","0"
"","Global","FUN_0045fca0","0045fca0","","Global","FUN_00310330","00310330","0"
"","Global","FUN_0045fce0","0045fce0","","Global","FUN_00310f00","00310f00","0"
"","Global","FUN_0045fe30","0045fe30","","Global","FUN_00311600","00311600","0"
"","Global","FUN_0045ff70","0045ff70","","Global","FUN_003110f0","003110f0","0"
"","Global","FUN_0045ffa0","0045ffa0","","Global","FUN_00311160","00311160","0"
"","Global","FUN_00460120","00460120","","Global","FUN_003115b0","003115b0","0"
"","Global","FUN_00460180","00460180","","Global","FUN_00311370","00311370","0"
"","Global","FUN_00460200","00460200","","Global","FUN_00311470","00311470","0"
"","Global","FUN_00460350","00460350","","Global","FUN_00310800","00310800","0"
"","Global","FUN_00460390","00460390","","Global","FUN_003110b0","003110b0","0"
"","Global","FUN_004603e0","004603e0","","Global","FUN_00311c40","00311c40","0"
"","Global","FUN_004604c0","004604c0","","Global","FUN_00310b40","00310b40","0"
"","Global","FUN_00460f50","00460f50","","Global","FUN_0031b430","0031b430","0"
"","Global","FUN_00461020","00461020","","Global","FUN_0031b500","0031b500","0"
"","Global","FUN_00461440","00461440","","Global","FUN_0031b960","0031b960","0"
"","Global","FUN_004617a0","004617a0","","Global","FUN_0031bd10","0031bd10","0"
"","Global","FUN_004617d0","004617d0","","Global","FUN_0031bd40","0031bd40","0"
"","Global","FUN_00461800","00461800","","Global","FUN_0031bd70","0031bd70","0"
"","Global","FUN_00461f20","00461f20","","Global","FUN_0031c540","0031c540","0"
"","Global","FUN_00462000","00462000","","Global","FUN_0031c610","0031c610","0"
"","Global","FUN_00462120","00462120","","Global","FUN_0031c730","0031c730","0"
"","Global","FUN_00462220","00462220","","Global","FUN_0031c830","0031c830","0"
"","Global","FUN_004623b0","004623b0","","Global","FUN_0031c9c0","0031c9c0","0"
"","Global","FUN_00462680","00462680","","Global","FUN_0031cc50","0031cc50","0"
"","Global","FUN_00462700","00462700","","Global","FUN_0031ccd0","0031ccd0","0"
"","Global","FUN_00462800","00462800","","Global","FUN_0031cdb0","0031cdb0","0"
"","Global","FUN_004628a0","004628a0","","Global","FUN_0031ce50","0031ce50","0"
"","Global","FUN_00462c60","00462c60","","Global","FUN_0031d2c0","0031d2c0","0"
"","Global","FUN_00462cc0","00462cc0","","Global","FUN_0031d320","0031d320","0"
"","Global","FUN_00462d30","00462d30","","Global","FUN_0031d390","0031d390","0"
"","Global","FUN_00462d50","00462d50","","Global","FUN_0031d3b0","0031d3b0","0"
"","Global","FUN_00463230","00463230","","Global","FUN_0031d770","0031d770","0"
"","Global","FUN_00463270","00463270","","Global","FUN_0031d7b0","0031d7b0","0"
"","Global","FUN_004632b0","004632b0","","Global","FUN_0031d7f0","0031d7f0","0"
"","Global","FUN_00463350","00463350","","Global","FUN_0031d890","0031d890","0"
"","Global","FUN_004633a0","004633a0","","Global","FUN_0031d8e0","0031d8e0","0"
"","Global","FUN_004633e0","004633e0","","Global","FUN_0031d930","0031d930","0"
"","Global","FUN_00463440","00463440","","Global","FUN_0031d990","0031d990","0"
"","Global","FUN_004634b0","004634b0","","Global","FUN_0031da00","0031da00","0"
"","Global","FUN_00463520","00463520","","Global","FUN_0031da70","0031da70","0"
"","Global","FUN_00463570","00463570","","Global","FUN_0031dac0","0031dac0","0"
"","Global","FUN_004635c0","004635c0","","Global","FUN_0031db10","0031db10","0"
"","Global","FUN_00463650","00463650","","Global","FUN_0031dba0","0031dba0","0"
"","Global","FUN_004638c0","004638c0","","Global","FUN_0031de00","0031de00","0"
"","Global","FUN_00463e10","00463e10","","Global","FUN_0031e360","0031e360","0"
"","Global","FUN_00463f40","00463f40","","Global","FUN_0031e490","0031e490","0"
"","Global","FUN_00463fc0","00463fc0","","Global","FUN_0031e510","0031e510","0"
"","Global","FUN_00464150","00464150","","Global","FUN_0031e6a0","0031e6a0","0"
"","Global","FUN_004653f0","004653f0","","Global","FUN_0031f7f0","0031f7f0","0"
"","Global","FUN_004654c0","004654c0","","Global","FUN_0031f8c0","0031f8c0","0"
"","Global","FUN_00465510","00465510","","Global","FUN_0031f910","0031f910","0"
"","Global","FUN_00465580","00465580","","Global","FUN_0031f980","0031f980","0"
"","Global","FUN_004655b0","004655b0","","Global","FUN_0031f9b0","0031f9b0","0"
"","Global","FUN_004655e0","004655e0","","Global","FUN_0031f9e0","0031f9e0","0"
"","Global","FUN_00465650","00465650","","Global","FUN_0031fa50","0031fa50","0"
"","Global","FUN_00465740","00465740","","Global","FUN_0031fb40","0031fb40","0"
"","Global","FUN_00465780","00465780","","Global","FUN_0031fb80","0031fb80","0"
"","Global","FUN_00465890","00465890","","Global","FUN_0031fc90","0031fc90","0"
"","Global","FUN_004658b0","004658b0","","Global","FUN_0031fcb0","0031fcb0","0"
"","Global","FUN_004658d0","004658d0","","Global","FUN_0031fcd0","0031fcd0","0"
"","Global","FUN_00465a60","00465a60","","Global","FUN_0031fe60","0031fe60","0"
"","Global","FUN_00465ac0","00465ac0","","Global","FUN_0031fec0","0031fec0","0"
"","Global","FUN_004661a0","004661a0","","Global","FUN_00320780","00320780","0"
"","Global","FUN_004661d0","004661d0","","Global","FUN_003207b0","003207b0","0"
"","Global","FUN_00466210","00466210","","Global","FUN_003207f0","003207f0","0"
"","Global","FUN_00466240","00466240","","Global","FUN_00320820","00320820","0"
"","Global","FUN_00466430","00466430","","Global","FUN_00320a10","00320a10","0"
"","Global","FUN_00466490","00466490","","Global","FUN_00320a70","00320a70","0"
"","Global","FUN_00466520","00466520","","Global","FUN_00320b00","00320b00","0"
"","Global","FUN_004666e0","004666e0","","Global","FUN_00320cc0","00320cc0","0"
"","Global","FUN_00467710","00467710","","Global","FUN_00321e80","00321e80","0"
"","Global","FUN_00467740","00467740","","Global","FUN_00321eb0","00321eb0","0"
"","Global","FUN_004677a0","004677a0","","Global","FUN_00321f10","00321f10","0"
"","Global","FUN_00467c10","00467c10","","Global","FUN_00322390","00322390","0"
"","Global","FUN_00468020","00468020","","Global","FUN_003227a0","003227a0","0"
"","Global","FUN_004680a0","004680a0","","Global","FUN_00322820","00322820","0"
"","Global","FUN_004682a0","004682a0","","Global","FUN_00322a20","00322a20","0"
"","Global","FUN_004682f0","004682f0","","Global","FUN_00322a70","00322a70","0"
"","Global","FUN_004683e0","004683e0","","Global","FUN_00322b60","00322b60","0"
"","Global","FUN_00468460","00468460","","Global","FUN_00322be0","00322be0","0"
"","Global","FUN_004688f0","004688f0","","Global","FUN_00323040","00323040","0"
"","Global","FUN_004690a0","004690a0","","Global","FUN_003237a0","003237a0","0"
"","Global","FUN_00469d60","00469d60","","Global","FUN_00324450","00324450","0"
"","Global","FUN_00469da0","00469da0","","Global","FUN_00324490","00324490","0"
"","Global","FUN_00469df0","00469df0","","Global","FUN_003244e0","003244e0","0"
"","Global","FUN_00469f90","00469f90","","Global","FUN_00324680","00324680","0"
"","Global","FUN_0046a040","0046a040","","Global","FUN_00324730","00324730","0"
"","Global","FUN_0046a0e0","0046a0e0","","Global","FUN_003247d0","003247d0","0"
"","Global","FUN_0046a130","0046a130","","Global","FUN_00324820","00324820","0"
"","Global","FUN_0046a170","0046a170","","Global","FUN_00324860","00324860","0"
"","Global","FUN_0046a1c0","0046a1c0","","Global","FUN_003248b0","003248b0","0"
"","Global","FUN_0046a270","0046a270","","Global","FUN_00324960","00324960","0"
"","Global","FUN_0046a290","0046a290","","Global","FUN_00324980","00324980","0"
"","Global","FUN_0046a2f0","0046a2f0","","Global","FUN_003249e0","003249e0","0"
"","Global","FUN_0046a390","0046a390","","Global","FUN_00324a80","00324a80","0"
"","Global","FUN_0046a420","0046a420","","Global","FUN_00324b10","00324b10","0"
"","Global","FUN_0046a440","0046a440","","Global","FUN_00324b30","00324b30","0"
"","Global","FUN_0046a5e0","0046a5e0","","Global","FUN_00324ce0","00324ce0","0"
"","Global","FUN_0046a720","0046a720","","Global","FUN_00324e20","00324e20","0"
"","Global","FUN_0046a7b0","0046a7b0","","Global","FUN_00324eb0","00324eb0","0"
"","Global","FUN_0046a800","0046a800","","Global","FUN_00324f00","00324f00","0"
"","Global","FUN_0046a9c0","0046a9c0","","Global","FUN_003250f0","003250f0","0"
"","Global","FUN_0046a9d0","0046a9d0","","Global","FUN_00325100","00325100","0"
"","Global","FUN_0046aac0","0046aac0","","Global","FUN_003251e0","003251e0","0"
"","Global","FUN_0046ab50","0046ab50","","Global","FUN_00325270","00325270","0"
"","Global","FUN_0046ab80","0046ab80","","Global","FUN_003252a0","003252a0","0"
"","Global","FUN_0046abe0","0046abe0","","Global","FUN_00325300","00325300","0"
"","Global","FUN_0046acc0","0046acc0","","Global","FUN_003253e0","003253e0","0"
"","Global","FUN_0046acf0","0046acf0","","Global","FUN_00325410","00325410","0"
"","Global","FUN_0046ad20","0046ad20","","Global","FUN_00325440","00325440","0"
"","Global","FUN_0046ad50","0046ad50","","Global","FUN_00325470","00325470","0"
"","Global","FUN_0046ae20","0046ae20","","Global","FUN_00325540","00325540","0"
"","Global","FUN_0046ae60","0046ae60","","Global","FUN_00325580","00325580","0"
"","Global","FUN_0046afa0","0046afa0","","Global","FUN_003256c0","003256c0","0"
"","Global","FUN_0046afc0","0046afc0","","Global","FUN_003256e0","003256e0","0"
"","Global","FUN_0046b000","0046b000","","Global","FUN_00325720","00325720","0"
"","Global","FUN_0046b030","0046b030","","Global","FUN_00325750","00325750","0"
"","Global","FUN_0046b070","0046b070","","Global","FUN_00325790","00325790","0"
"","Global","FUN_0046b150","0046b150","","Global","FUN_00325870","00325870","0"
"","Global","FUN_0046b1e0","0046b1e0","","Global","FUN_003258f0","003258f0","0"
"","Global","FUN_0046b270","0046b270","","Global","FUN_00325980","00325980","0"
"","Global","FUN_0046b300","0046b300","","Global","FUN_00325a10","00325a10","0"
"","Global","FUN_0046b320","0046b320","","Global","FUN_00325a30","00325a30","0"
"","Global","FUN_0046b510","0046b510","","Global","FUN_00325c20","00325c20","0"
"","Global","FUN_0046b5d0","0046b5d0","","Global","FUN_00325ce0","00325ce0","0"
"","Global","FUN_0046b5e0","0046b5e0","","Global","FUN_00325cf0","00325cf0","0"
"","Global","FUN_0046b600","0046b600","","Global","FUN_00325d10","00325d10","0"
"","Global","FUN_0046b660","0046b660","","Global","FUN_00325d70","00325d70","0"
"","Global","FUN_0046b680","0046b680","","Global","FUN_00325d90","00325d90","0"
"","Global","FUN_0046b6d0","0046b6d0","","Global","FUN_00325de0","00325de0","0"
"","Global","FUN_0046b940","0046b940","","Global","FUN_00326050","00326050","0"
"","Global","FUN_0046b9a0","0046b9a0","","Global","FUN_003260b0","003260b0","0"
"","Global","FUN_0046b9e0","0046b9e0","","Global","FUN_003260f0","003260f0","0"
"","Global","FUN_0046bb80","0046bb80","","Global","FUN_00326270","00326270","0"
"","Global","FUN_0046bbd0","0046bbd0","","Global","FUN_003262c0","003262c0","0"
"","Global","FUN_0046bbf0","0046bbf0","","Global","FUN_003262e0","003262e0","0"
"","Global","FUN_0046bf00","0046bf00","","Global","FUN_003265e0","003265e0","0"
"","Global","FUN_0046bf10","0046bf10","","Global","FUN_003265f0","003265f0","0"
"","Global","FUN_0046bfe0","0046bfe0","","Global","FUN_003266a0","003266a0","0"
"","Global","FUN_0046c020","0046c020","","Global","FUN_003266e0","003266e0","0"
"","Global","FUN_0046c060","0046c060","","Global","FUN_00326720","00326720","0"
"","Global","FUN_0046c0a0","0046c0a0","","Global","FUN_00326760","00326760","0"
"","Global","FUN_0046c0c0","0046c0c0","","Global","FUN_00326780","00326780","0"
"","Global","FUN_0046c160","0046c160","","Global","FUN_00326820","00326820","0"
"","Global","FUN_0046c1a0","0046c1a0","","Global","FUN_00326860","00326860","0"
"","Global","FUN_0046c2b0","0046c2b0","","Global","FUN_003269a0","003269a0","0"
"","Global","FUN_0046c2e0","0046c2e0","","Global","FUN_003269d0","003269d0","0"
"","Global","FUN_0046c410","0046c410","","Global","FUN_00326b00","00326b00","0"
"","Global","FUN_0046c430","0046c430","","Global","FUN_00326b20","00326b20","0"
"","Global","FUN_0046c4b0","0046c4b0","","Global","FUN_00326bb0","00326bb0","0"
"","Global","FUN_0046c4f0","0046c4f0","","Global","FUN_00326bf0","00326bf0","0"
"","Global","FUN_0046c510","0046c510","","Global","FUN_00326c10","00326c10","0"
"","Global","FUN_0046c530","0046c530","","Global","FUN_00326c30","00326c30","0"
"","Global","FUN_0046c570","0046c570","","Global","FUN_00326c70","00326c70","0"
"","Global","FUN_0046c610","0046c610","","Global","FUN_00326d10","00326d10","0"
"","Global","FUN_0046c6e0","0046c6e0","","Global","FUN_00326de0","00326de0","0"
"","Global","FUN_0046c730","0046c730","","Global","FUN_00326e30","00326e30","0"
"","Global","FUN_0046c7d0","0046c7d0","","Global","FUN_00326ed0","00326ed0","0"
"","Global","FUN_0046c870","0046c870","","Global","FUN_00326f70","00326f70","0"
"","Global","FUN_0046c930","0046c930","","Global","FUN_00327030","00327030","0"
"","Global","FUN_0046c9c0","0046c9c0","","Global","FUN_003270c0","003270c0","0"
"","Global","FUN_0046ca10","0046ca10","","Global","FUN_00327110","00327110","0"
"","Global","FUN_0046cae0","0046cae0","","Global","FUN_003273b0","003273b0","0"
"","Global","FUN_0046cb00","0046cb00","","Global","FUN_003273d0","003273d0","0"
"","Global","FUN_0046d000","0046d000","","Global","FUN_003278d0","003278d0","0"
"","Global","FUN_0046d0f0","0046d0f0","","Global","FUN_003279c0","003279c0","0"
"","Global","FUN_0046d110","0046d110","","Global","FUN_003279e0","003279e0","0"
"","Global","FUN_0046d190","0046d190","","Global","FUN_00327a60","00327a60","0"
"","Global","FUN_0046d1c0","0046d1c0","","Global","FUN_00327a90","00327a90","0"
"","Global","FUN_0046d260","0046d260","","Global","FUN_00327b30","00327b30","0"
"","Global","FUN_0046d2b0","0046d2b0","","Global","FUN_00327b80","00327b80","0"
"","Global","FUN_0046d300","0046d300","","Global","FUN_00327bd0","00327bd0","0"
"","Global","FUN_0046d510","0046d510","","Global","FUN_00327de0","00327de0","0"
"","Global","FUN_0046d670","0046d670","","Global","FUN_00327f40","00327f40","0"
"","Global","FUN_0046d950","0046d950","","Global","FUN_00328280","00328280","0"
"","Global","FUN_0046d980","0046d980","","Global","FUN_003282b0","003282b0","0"
"","Global","FUN_0046d9e0","0046d9e0","","Global","FUN_00328310","00328310","0"
"","Global","FUN_0046db80","0046db80","","Global","FUN_00328550","00328550","0"
"","Global","FUN_0046dc30","0046dc30","","Global","FUN_00328600","00328600","0"
"","Global","FUN_0046dc50","0046dc50","","Global","FUN_00328620","00328620","0"
"","Global","FUN_0046dd00","0046dd00","","Global","FUN_003286d0","003286d0","0"
"","Global","FUN_0046ddb0","0046ddb0","","Global","FUN_00328780","00328780","0"
"","Global","FUN_0046de40","0046de40","","Global","FUN_00328810","00328810","0"
"","Global","FUN_0046e250","0046e250","","Global","FUN_00328c80","00328c80","0"
"","Global","FUN_0046e2e0","0046e2e0","","Global","FUN_00328d10","00328d10","0"
"","Global","FUN_0046e310","0046e310","","Global","FUN_00328d40","00328d40","0"
"","Global","FUN_0046e4c0","0046e4c0","","Global","FUN_00328f20","00328f20","0"
"","Global","FUN_0046e700","0046e700","","Global","FUN_00329150","00329150","0"
"","Global","FUN_0046e7d0","0046e7d0","","Global","FUN_00329220","00329220","0"
"","Global","FUN_0046e860","0046e860","","Global","FUN_003292d0","003292d0","0"
"","Global","FUN_0046e8d0","0046e8d0","","Global","FUN_00329340","00329340","0"
"","Global","FUN_0046e990","0046e990","","Global","FUN_00329400","00329400","0"
"","Global","FUN_0046e9e0","0046e9e0","","Global","FUN_00329450","00329450","0"
"","Global","FUN_0046ebe0","0046ebe0","","Global","FUN_00329660","00329660","0"
"","Global","FUN_0046ec80","0046ec80","","Global","FUN_00329700","00329700","0"
"","Global","FUN_0046ece0","0046ece0","","Global","FUN_00329760","00329760","0"
"","Global","FUN_0046ed40","0046ed40","","Global","FUN_003297c0","003297c0","0"
"","Global","FUN_0046ed80","0046ed80","","Global","FUN_00329800","00329800","0"
"","Global","FUN_0046f300","0046f300","","Global","FUN_00329d80","00329d80","0"
"","Global","FUN_0046f3a0","0046f3a0","","Global","FUN_00329e20","00329e20","0"
"","Global","FUN_0046f3d0","0046f3d0","","Global","FUN_00329e50","00329e50","0"
"","Global","FUN_0046f400","0046f400","","Global","FUN_00329e80","00329e80","0"
"","Global","FUN_0046f430","0046f430","","Global","FUN_00329eb0","00329eb0","0"
"","Global","FUN_0046f460","0046f460","","Global","FUN_00329ee0","00329ee0","0"
"","Global","FUN_0046f4c0","0046f4c0","","Global","FUN_00329f40","00329f40","0"
"","Global","FUN_0046f750","0046f750","","Global","FUN_0032a1d0","0032a1d0","0"
"","Global","FUN_0046f780","0046f780","","Global","FUN_0032a200","0032a200","0"
"","Global","FUN_0046f7f0","0046f7f0","","Global","FUN_0032a270","0032a270","0"
"","Global","FUN_0046f940","0046f940","","Global","FUN_0032a3b0","0032a3b0","0"
"","Global","FUN_0046f9e0","0046f9e0","","Global","FUN_0032a450","0032a450","0"
"","Global","FUN_0046fa90","0046fa90","","Global","FUN_0032a520","0032a520","0"
"","Global","FUN_0046fab0","0046fab0","","Global","FUN_0032a540","0032a540","0"
"","Global","FUN_0046fc70","0046fc70","","Global","FUN_0032a700","0032a700","0"
"","Global","FUN_0046fce0","0046fce0","","Global","FUN_0032a770","0032a770","0"
"","Global","FUN_00470010","00470010","","Global","FUN_0032aa60","0032aa60","0"
"","Global","FUN_004700a0","004700a0","","Global","FUN_0032aaf0","0032aaf0","0"
"","Global","FUN_004700e0","004700e0","","Global","FUN_0032ab30","0032ab30","0"
"","Global","FUN_00470140","00470140","","Global","FUN_0032ab90","0032ab90","0"
"","Global","FUN_004701f0","004701f0","","Global","FUN_0032ac40","0032ac40","0"
"","Global","FUN_00470250","00470250","","Global","FUN_0032aca0","0032aca0","0"
"","Global","FUN_004702b0","004702b0","","Global","FUN_0032ad00","0032ad00","0"
"","Global","FUN_00470310","00470310","","Global","FUN_0032ad60","0032ad60","0"
"","Global","FUN_004703b0","004703b0","","Global","FUN_0032ae40","0032ae40","0"
"","Global","FUN_004703e0","004703e0","","Global","FUN_0032ae70","0032ae70","0"
"","Global","FUN_00470440","00470440","","Global","FUN_0032aed0","0032aed0","0"
"","Global","FUN_00470520","00470520","","Global","FUN_0032afb0","0032afb0","0"
"","Global","FUN_00470870","00470870","","Global","FUN_0032b300","0032b300","0"
"","Global","FUN_00470910","00470910","","Global","FUN_0032b3d0","0032b3d0","0"
"","Global","FUN_00470970","00470970","","Global","FUN_0032b430","0032b430","0"
"","Global","FUN_00470d10","00470d10","","Global","FUN_0032b840","0032b840","0"
"","Global","FUN_00470d30","00470d30","","Global","FUN_0032b870","0032b870","0"
"","Global","FUN_00470ed0","00470ed0","","Global","FUN_0032bba0","0032bba0","0"
"","Global","FUN_00470f70","00470f70","","Global","FUN_0032bc80","0032bc80","0"
"","Global","FUN_00470fc0","00470fc0","","Global","FUN_0032bcd0","0032bcd0","0"
"","Global","FUN_00471210","00471210","","Global","FUN_0032bf30","0032bf30","0"
"","Global","FUN_004712a0","004712a0","","Global","FUN_0032bfc0","0032bfc0","0"
"","Global","FUN_00471650","00471650","","Global","FUN_0032c500","0032c500","0"
"","Global","FUN_004716b0","004716b0","","Global","FUN_0032c560","0032c560","0"
"","Global","FUN_00471750","00471750","","Global","FUN_0032c600","0032c600","0"
"","Global","FUN_00471780","00471780","","Global","FUN_0032c630","0032c630","0"
"","Global","FUN_00471890","00471890","","Global","FUN_0032c740","0032c740","0"
"","Global","FUN_00471950","00471950","","Global","FUN_0032c800","0032c800","0"
"","Global","FUN_00471980","00471980","","Global","FUN_0032c830","0032c830","0"
"","Global","FUN_004719c0","004719c0","","Global","FUN_0032c870","0032c870","0"
"","Global","FUN_00471ba0","00471ba0","","Global","FUN_0032cc60","0032cc60","0"
"","Global","FUN_00471bc0","00471bc0","","Global","FUN_0032cc80","0032cc80","0"
"","Global","FUN_00471d70","00471d70","","Global","FUN_0032ce30","0032ce30","0"
"","Global","FUN_00471e50","00471e50","","Global","FUN_0032cf10","0032cf10","0"
"","Global","FUN_004720e0","004720e0","","Global","FUN_00237250","00237250","0"
"","Global","FUN_00472160","00472160","","Global","FUN_0032d290","0032d290","0"
"","Global","FUN_004722f0","004722f0","","Global","FUN_0032d3f0","0032d3f0","0"
"","Global","FUN_00472310","00472310","","Global","FUN_0032d410","0032d410","0"
"","Global","FUN_00472340","00472340","","Global","FUN_0032d480","0032d480","0"
"","Global","FUN_00472360","00472360","","Global","FUN_0032d6a0","0032d6a0","0"
"","Global","FUN_00472380","00472380","","Global","FUN_0032d7a0","0032d7a0","0"
"","Global","FUN_00472470","00472470","","Global","FUN_0032d920","0032d920","0"
"","Global","FUN_00472480","00472480","","Global","FUN_0032d930","0032d930","0"
"","Global","FUN_004724a0","004724a0","","Global","FUN_0032d950","0032d950","0"
"","Global","FUN_004724f0","004724f0","","Global","FUN_0032d9a0","0032d9a0","0"
"","Global","FUN_00472530","00472530","","Global","FUN_0032da30","0032da30","0"
"","Global","FUN_00472580","00472580","","Global","FUN_0032dce0","0032dce0","0"
"","Global","FUN_004725a0","004725a0","","Global","FUN_0032dd00","0032dd00","0"
"","Global","FUN_004725c0","004725c0","","Global","FUN_0032dd20","0032dd20","0"
"","Global","FUN_004725e0","004725e0","","Global","FUN_0032dd40","0032dd40","0"
"","Global","FUN_00472630","00472630","","Global","FUN_0032dd90","0032dd90","0"
"","Global","FUN_00472650","00472650","","Global","FUN_0032ddb0","0032ddb0","0"
"","Global","FUN_004726f0","004726f0","","Global","FUN_0032de50","0032de50","0"
"","Global","FUN_00472780","00472780","","Global","FUN_0032dee0","0032dee0","0"
"","Global","FUN_00472800","00472800","","Global","FUN_0032df60","0032df60","0"
"","Global","FUN_00472820","00472820","","Global","FUN_0032df80","0032df80","0"
"","Global","FUN_004729b0","004729b0","","Global","FUN_0032e1e0","0032e1e0","0"
"","Global","FUN_00472a40","00472a40","","Global","FUN_0030d8c0","0030d8c0","0"
"","Global","FUN_00472b90","00472b90","","Global","FUN_0030d970","0030d970","0"
"","Global","FUN_00472ca0","00472ca0","","Global","FUN_0030dab0","0030dab0","0"
"","Global","FUN_00473600","00473600","","Global","FUN_0030e240","0030e240","0"
"","Global","FUN_004739f0","004739f0","","Global","FUN_0030e6e0","0030e6e0","0"
"","Global","FUN_00473a30","00473a30","","Global","FUN_0030e720","0030e720","0"
"","Global","FUN_00473aa0","00473aa0","","Global","FUN_0030e7a0","0030e7a0","0"
"","Global","FUN_00473ba0","00473ba0","","Global","FUN_0030e890","0030e890","0"
"","Global","FUN_00473c00","00473c00","","Global","FUN_0030e8f0","0030e8f0","0"
"","Global","FUN_00473cc0","00473cc0","","Global","FUN_0030e9b0","0030e9b0","0"
"","Global","FUN_00473df0","00473df0","","Global","FUN_0030eae0","0030eae0","0"
"","Global","FUN_00473e60","00473e60","","Global","FUN_0030eb70","0030eb70","0"
"","Global","FUN_00474000","00474000","","Global","FUN_0030ecf0","0030ecf0","0"
"","Global","FUN_004740c0","004740c0","","Global","FUN_0030eea0","0030eea0","0"
"","Global","FUN_00474130","00474130","","Global","FUN_0030ef10","0030ef10","0"
"","Global","FUN_00474200","00474200","","Global","FUN_0030efd0","0030efd0","0"
"","Global","FUN_00474230","00474230","","Global","FUN_00331250","00331250","0"
"","Global","FUN_00474250","00474250","","Global","FUN_00331270","00331270","0"
"","Global","FUN_00474840","00474840","","Global","FUN_00331f70","00331f70","0"
"","Global","FUN_00474fb0","00474fb0","","Global","FUN_0032e210","0032e210","0"
"","Global","FUN_00475020","00475020","","Global","FUN_0032e270","0032e270","0"
"","Global","FUN_00475050","00475050","","Global","FUN_0032e2a0","0032e2a0","0"
"","Global","FUN_004750b0","004750b0","","Global","FUN_0032e300","0032e300","0"
"","Global","FUN_00475140","00475140","","Global","FUN_0032e390","0032e390","0"
"","Global","FUN_00475160","00475160","","Global","FUN_0032e3b0","0032e3b0","0"
"","Global","FUN_004751b0","004751b0","","Global","FUN_0032e400","0032e400","0"
"","Global","FUN_00475280","00475280","","Global","FUN_00332580","00332580","0"
"","Global","FUN_004753d0","004753d0","","Global","FUN_00332670","00332670","0"
"","Global","FUN_00475430","00475430","","Global","FUN_0032e470","0032e470","0"
"","Global","FUN_004754e0","004754e0","","Global","FUN_0032e520","0032e520","0"
"","Global","FUN_00475510","00475510","","Global","FUN_0032e550","0032e550","0"
"","Global","FUN_004756b0","004756b0","","Global","FUN_0032e6f0","0032e6f0","0"
"","Global","FUN_004756d0","004756d0","","Global","FUN_0032e710","0032e710","0"
"","Global","FUN_00475950","00475950","","Global","FUN_0032e990","0032e990","0"
"","Global","FUN_004759b0","004759b0","","Global","FUN_0032e9f0","0032e9f0","0"
"","Global","FUN_00475af0","00475af0","","Global","FUN_0032eb30","0032eb30","0"
"","Global","FUN_00475c20","00475c20","","Global","FUN_0032eda0","0032eda0","0"
"","Global","FUN_00475d30","00475d30","","Global","FUN_0032eea0","0032eea0","0"
"","Global","FUN_00475d70","00475d70","","Global","FUN_0032eee0","0032eee0","0"
"","Global","FUN_00475de0","00475de0","","Global","FUN_0032ef50","0032ef50","0"
"","Global","FUN_00475f60","00475f60","","Global","FUN_0032f150","0032f150","0"
"","Global","FUN_00476390","00476390","","Global","FUN_0032f570","0032f570","0"
"","Global","FUN_004763e0","004763e0","","Global","FUN_0032f5c0","0032f5c0","0"
"","Global","FUN_00476440","00476440","","Global","FUN_0032f620","0032f620","0"
"","Global","FUN_004764a0","004764a0","","Global","FUN_0032f680","0032f680","0"
"","Global","FUN_004766d0","004766d0","","Global","FUN_0032f8b0","0032f8b0","0"
"","Global","FUN_00476780","00476780","","Global","FUN_0032f960","0032f960","0"
"","Global","FUN_00476860","00476860","","Global","FUN_0032fa40","0032fa40","0"
"","Global","FUN_004772f0","004772f0","","Global","FUN_00330480","00330480","0"
"","Global","FUN_00477330","00477330","","Global","FUN_003304c0","003304c0","0"
"","Global","FUN_00477380","00477380","","Global","FUN_00330510","00330510","0"
"","Global","FUN_00477420","00477420","","Global","FUN_003305b0","003305b0","0"
"","Global","FUN_00477470","00477470","","Global","FUN_00330600","00330600","0"
"","Global","FUN_004775e0","004775e0","","Global","FUN_00332450","00332450","0"
"","Global","FUN_00477610","00477610","","Global","FUN_00332480","00332480","0"
"","Global","FUN_00477660","00477660","","Global","FUN_003324d0","003324d0","0"
"","Global","FUN_00477730","00477730","","Global","FUN_003326f0","003326f0","0"
"","Global","FUN_00477770","00477770","","Global","FUN_00332730","00332730","0"
"","Global","FUN_00477790","00477790","","Global","FUN_00332750","00332750","0"
"","Global","FUN_004777a0","004777a0","","Global","FUN_00332760","00332760","0"
"","Global","FUN_004777f0","004777f0","","Global","FUN_003327b0","003327b0","0"
"","Global","FUN_00477880","00477880","","Global","FUN_00332840","00332840","0"
"","Global","FUN_004778d0","004778d0","","Global","FUN_00332890","00332890","0"
"","Global","FUN_004778f0","004778f0","","Global","FUN_003328b0","003328b0","0"
"","Global","FUN_004779c0","004779c0","","Global","FUN_00332980","00332980","0"
"","Global","FUN_00477b30","00477b30","","Global","FUN_00332af0","00332af0","0"
"","Global","FUN_00477ba0","00477ba0","","Global","FUN_00332b60","00332b60","0"
"","Global","FUN_00477c10","00477c10","","Global","FUN_00332bd0","00332bd0","0"
"","Global","FUN_00477c80","00477c80","","Global","FUN_00332c40","00332c40","0"
"","Global","FUN_00477d60","00477d60","","Global","FUN_00332d20","00332d20","0"
"","Global","FUN_00477dc0","00477dc0","","Global","FUN_00332d80","00332d80","0"
"","Global","FUN_00477e50","00477e50","","Global","FUN_00332e10","00332e10","0"
"","Global","FUN_00477ef0","00477ef0","","Global","FUN_00332eb0","00332eb0","0"
"","Global","FUN_00477f60","00477f60","","Global","FUN_00332f20","00332f20","0"
"","Global","FUN_00477fd0","00477fd0","","Global","FUN_00332f90","00332f90","0"
"","Global","FUN_00477ff0","00477ff0","","Global","FUN_00332fb0","00332fb0","0"
"","Global","FUN_00478060","00478060","","Global","FUN_00333020","00333020","0"
"","Global","FUN_00478140","00478140","","Global","FUN_00333100","00333100","0"
"","Global","FUN_00478230","00478230","","Global","FUN_00334440","00334440","0"
"","Global","FUN_00478280","00478280","","Global","FUN_00333170","00333170","0"
"","Global","FUN_004782a0","004782a0","","Global","FUN_00333190","00333190","0"
"","Global","FUN_004782f0","004782f0","","Global","FUN_003331e0","003331e0","0"
"","Global","FUN_004784e0","004784e0","","Global","FUN_00333440","00333440","0"
"","Global","FUN_00478570","00478570","","Global","FUN_00333510","00333510","0"
"","Global","FUN_004785b0","004785b0","","Global","FUN_00333550","00333550","0"
"","Global","FUN_00478700","00478700","","Global","FUN_003336a0","003336a0","0"
"","Global","FUN_004787d0","004787d0","","Global","FUN_00333770","00333770","0"
"","Global","FUN_004788a0","004788a0","","Global","FUN_00333840","00333840","0"
"","Global","FUN_00478960","00478960","","Global","FUN_00333900","00333900","0"
"","Global","FUN_00478b00","00478b00","","Global","FUN_00333aa0","00333aa0","0"
"","Global","FUN_00478b40","00478b40","","Global","FUN_00333ae0","00333ae0","0"
"","Global","FUN_00478c10","00478c10","","Global","FUN_00333bb0","00333bb0","0"
"","Global","FUN_00478c70","00478c70","","Global","FUN_00333c10","00333c10","0"
"","Global","FUN_00478ce0","00478ce0","","Global","FUN_00333c80","00333c80","0"
"","Global","FUN_00478e10","00478e10","","Global","FUN_00333db0","00333db0","0"
"","Global","FUN_00478ef0","00478ef0","","Global","FUN_00333e90","00333e90","0"
"","Global","FUN_00478f20","00478f20","","Global","FUN_00333ec0","00333ec0","0"
"","Global","FUN_00478fa0","00478fa0","","Global","FUN_00333f40","00333f40","0"
"","Global","FUN_00478fe0","00478fe0","","Global","FUN_00333f80","00333f80","0"
"","Global","FUN_00479040","00479040","","Global","FUN_00333fe0","00333fe0","0"
"","Global","FUN_00479200","00479200","","Global","FUN_003341a0","003341a0","0"
"","Global","FUN_00479220","00479220","","Global","FUN_003341c0","003341c0","0"
"","Global","FUN_00479240","00479240","","Global","FUN_003341e0","003341e0","0"
"","Global","FUN_00479260","00479260","","Global","FUN_00334200","00334200","0"
"","Global","FUN_00479280","00479280","","Global","FUN_00334220","00334220","0"
"","Global","FUN_004792c0","004792c0","","Global","FUN_00334260","00334260","0"
"","Global","FUN_00479300","00479300","","Global","FUN_003342a0","003342a0","0"
"","Global","FUN_00479340","00479340","","Global","FUN_003342e0","003342e0","0"
"","Global","FUN_00479540","00479540","","Global","FUN_00336a60","00336a60","0"
"","Global","FUN_00479590","00479590","","Global","FUN_00336ab0","00336ab0","0"
"","Global","FUN_004795b0","004795b0","","Global","FUN_00336ad0","00336ad0","0"
"","Global","FUN_004796f0","004796f0","","Global","FUN_00336c10","00336c10","0"
"","Global","FUN_00479760","00479760","","Global","FUN_00336c80","00336c80","0"
"","Global","FUN_004799b0","004799b0","","Global","FUN_00336f00","00336f00","0"
"","Global","FUN_00479c30","00479c30","","Global","FUN_003371c0","003371c0","0"
"","Global","FUN_00479c60","00479c60","","Global","FUN_003371f0","003371f0","0"
"","Global","FUN_00479cf0","00479cf0","","Global","FUN_00337280","00337280","0"
"","Global","FUN_00479d60","00479d60","","Global","FUN_003372f0","003372f0","0"
"","Global","FUN_00479de0","00479de0","","Global","FUN_00337370","00337370","0"
"","Global","FUN_00479e10","00479e10","","Global","FUN_003373a0","003373a0","0"
"","Global","FUN_00479e70","00479e70","","Global","FUN_00337400","00337400","0"
"","Global","FUN_00479ee0","00479ee0","","Global","FUN_00337470","00337470","0"
"","Global","FUN_0047a410","0047a410","","Global","FUN_00337800","00337800","0"
"","Global","FUN_0047a440","0047a440","","Global","FUN_00337830","00337830","0"
"","Global","FUN_0047a4a0","0047a4a0","","Global","FUN_003379f0","003379f0","0"
"","Global","FUN_0047ae60","0047ae60","","Global","FUN_003383b0","003383b0","0"
"","Global","FUN_0047afa0","0047afa0","","Global","FUN_003384f0","003384f0","0"
"","Global","FUN_0047b040","0047b040","","Global","FUN_00338590","00338590","0"
"","Global","FUN_0047b360","0047b360","","Global","FUN_00338760","00338760","0"
"","Global","FUN_0047b420","0047b420","","Global","FUN_00338820","00338820","0"
"","Global","FUN_0047b490","0047b490","","Global","FUN_00338890","00338890","0"
"","Global","FUN_0047b8f0","0047b8f0","","Global","FUN_00338cf0","00338cf0","0"
"","Global","FUN_0047b920","0047b920","","Global","FUN_00338d20","00338d20","0"
"","Global","FUN_0047b980","0047b980","","Global","FUN_00338d80","00338d80","0"
"","Global","FUN_0047b9c0","0047b9c0","","Global","FUN_00338dc0","00338dc0","0"
"","Global","FUN_0047ba70","0047ba70","","Global","FUN_00338e70","00338e70","0"
"","Global","FUN_0047baf0","0047baf0","","Global","FUN_00337890","00337890","0"
"","Global","FUN_0047bb90","0047bb90","","Global","FUN_00337930","00337930","0"
"","Global","FUN_0047bc50","0047bc50","","Global","FUN_00338ef0","00338ef0","0"
"","Global","FUN_0047bd90","0047bd90","","Global","FUN_00339040","00339040","0"
"","Global","FUN_0047d690","0047d690","","Global","FUN_0033a9d0","0033a9d0","0"
"","Global","FUN_0047d820","0047d820","","Global","FUN_0033ab60","0033ab60","0"
"","Global","FUN_0047dc20","0047dc20","","Global","FUN_0033af70","0033af70","0"
"","Global","FUN_0047ddd0","0047ddd0","","Global","FUN_0033b120","0033b120","0"
"","Global","FUN_0047e0c0","0047e0c0","","Global","FUN_0033b420","0033b420","0"
"","Global","FUN_0047e110","0047e110","","Global","FUN_0033b470","0033b470","0"
"","Global","FUN_0047e140","0047e140","","Global","FUN_0033b4a0","0033b4a0","0"
"","Global","FUN_0047e160","0047e160","","Global","FUN_0033b4c0","0033b4c0","0"
"","Global","FUN_0047e1d0","0047e1d0","","Global","FUN_0033b530","0033b530","0"
"","Global","FUN_0047e220","0047e220","","Global","FUN_0033b580","0033b580","0"
"","Global","FUN_0047e750","0047e750","","Global","FUN_0033bab0","0033bab0","0"
"","Global","FUN_0047e7c0","0047e7c0","","Global","FUN_0033bb20","0033bb20","0"
"","Global","FUN_0047e880","0047e880","","Global","FUN_0033bbe0","0033bbe0","0"
"","Global","FUN_0047e960","0047e960","","Global","FUN_0033bcc0","0033bcc0","0"
"","Global","FUN_0047ea00","0047ea00","","Global","FUN_0033bd60","0033bd60","0"
"","Global","FUN_0047ed30","0047ed30","","Global","FUN_0033c090","0033c090","0"
"","Global","FUN_0047ee10","0047ee10","","Global","FUN_0033c170","0033c170","0"
"","Global","FUN_0047eef0","0047eef0","","Global","FUN_0033c260","0033c260","0"
"","Global","FUN_0047ef20","0047ef20","","Global","FUN_0033c290","0033c290","0"
"","Global","FUN_0047ef40","0047ef40","","Global","FUN_0033c2b0","0033c2b0","0"
"","Global","FUN_0047ef80","0047ef80","","Global","FUN_0033c2e0","0033c2e0","0"
"","Global","FUN_0047f040","0047f040","","Global","FUN_0033c3a0","0033c3a0","0"
"","Global","FUN_0047f0a0","0047f0a0","","Global","FUN_0033c400","0033c400","0"
"","Global","FUN_0047f0d0","0047f0d0","","Global","FUN_0033c430","0033c430","0"
"","Global","FUN_0047f1c0","0047f1c0","","Global","FUN_0033c520","0033c520","0"
"","Global","FUN_0047f280","0047f280","","Global","FUN_0033c5e0","0033c5e0","0"
"","Global","FUN_0047f330","0047f330","","Global","FUN_0033c690","0033c690","0"
"","Global","FUN_0047f390","0047f390","","Global","FUN_0033c6f0","0033c6f0","0"
"","Global","FUN_0047f4a0","0047f4a0","","Global","FUN_0033c800","0033c800","0"
"","Global","FUN_0047f5d0","0047f5d0","","Global","FUN_0033c930","0033c930","0"
"","Global","FUN_0047f660","0047f660","","Global","FUN_0033c9c0","0033c9c0","0"
"","Global","FUN_0047f810","0047f810","","Global","FUN_0033cb70","0033cb70","0"
"","Global","FUN_0047f900","0047f900","","Global","FUN_0033cc60","0033cc60","0"
"","Global","FUN_0047fb10","0047fb10","","Global","FUN_0033ce70","0033ce70","0"
"","Global","FUN_0047fc20","0047fc20","","Global","FUN_0033cf80","0033cf80","0"
"","Global","FUN_00481be0","00481be0","","Global","FUN_0033ef00","0033ef00","0"
"","Global","FUN_00481d40","00481d40","","Global","FUN_0033f060","0033f060","0"
"","Global","FUN_00481e10","00481e10","","Global","FUN_0033f130","0033f130","0"
"","Global","FUN_00481fe0","00481fe0","","Global","FUN_0033f2f0","0033f2f0","0"
"","Global","FUN_004820a0","004820a0","","Global","FUN_0033f3b0","0033f3b0","0"
"","Global","FUN_00482750","00482750","","Global","FUN_0033f960","0033f960","0"
"","Global","FUN_00482880","00482880","","Global","FUN_0033fa60","0033fa60","0"
"","Global","FUN_00482990","00482990","","Global","FUN_0033fb70","0033fb70","0"
"","Global","FUN_00482ac0","00482ac0","","Global","FUN_0033fca0","0033fca0","0"
"","Global","FUN_00482bb0","00482bb0","","Global","FUN_0033fd90","0033fd90","0"
"","Global","FUN_00482d50","00482d50","","Global","FUN_0033ff30","0033ff30","0"
"","Global","FUN_00483040","00483040","","Global","FUN_003401a0","003401a0","0"
"","Global","FUN_00483340","00483340","","Global","FUN_003404a0","003404a0","0"
"","Global","FUN_00483620","00483620","","Global","FUN_00340780","00340780","0"
"","Global","FUN_004838d0","004838d0","","Global","FUN_00340a30","00340a30","0"
"","Global","FUN_00483c40","00483c40","","Global","FUN_00340da0","00340da0","0"
"","Global","FUN_00483e80","00483e80","","Global","FUN_00340fd0","00340fd0","0"
"","Global","FUN_004840d0","004840d0","","Global","FUN_00341220","00341220","0"
"","Global","FUN_00484290","00484290","","Global","FUN_003413e0","003413e0","0"
"","Global","FUN_00484430","00484430","","Global","FUN_00341580","00341580","0"
"","Global","FUN_004845a0","004845a0","","Global","FUN_003416f0","003416f0","0"
"","Global","FUN_00484780","00484780","","Global","FUN_003418d0","003418d0","0"
"","Global","FUN_004848a0","004848a0","","Global","FUN_003419f0","003419f0","0"
"","Global","FUN_00484c90","00484c90","","Global","FUN_00341de0","00341de0","0"
"","Global","FUN_00484cc0","00484cc0","","Global","FUN_00341e10","00341e10","0"
"","Global","FUN_00485040","00485040","","Global","FUN_003421a0","003421a0","0"
"","Global","FUN_004850c0","004850c0","","Global","FUN_00342220","00342220","0"
"","Global","FUN_00485120","00485120","","Global","FUN_00342280","00342280","0"
"","Global","FUN_00485240","00485240","","Global","FUN_003423e0","003423e0","0"
"","Global","FUN_004852a0","004852a0","","Global","FUN_00342440","00342440","0"
"","Global","FUN_00485430","00485430","","Global","FUN_003425d0","003425d0","0"
"","Global","FUN_00485470","00485470","","Global","FUN_00342610","00342610","0"
"","Global","FUN_004854c0","004854c0","","Global","FUN_00342660","00342660","0"
"","Global","FUN_00485500","00485500","","Global","FUN_003426a0","003426a0","0"
"","Global","FUN_00485580","00485580","","Global","FUN_00342720","00342720","0"
"","Global","FUN_004855d0","004855d0","","Global","FUN_003427a0","003427a0","0"
"","Global","FUN_004855f0","004855f0","","Global","FUN_003427c0","003427c0","0"
"","Global","FUN_00485640","00485640","","Global","FUN_00342810","00342810","0"
"","Global","FUN_00485910","00485910","","Global","FUN_00342b00","00342b00","0"
"","Global","FUN_00485930","00485930","","Global","FUN_00342b20","00342b20","0"
"","Global","FUN_00485990","00485990","","Global","FUN_00342b80","00342b80","0"
"","Global","FUN_004859b0","004859b0","","Global","FUN_00342ba0","00342ba0","0"
"","Global","FUN_00485a80","00485a80","","Global","FUN_00342c70","00342c70","0"
"","Global","FUN_00485b00","00485b00","","Global","FUN_00342cf0","00342cf0","0"
"","Global","FUN_00485b90","00485b90","","Global","FUN_00342d80","00342d80","0"
"","Global","FUN_00485d00","00485d00","","Global","FUN_00342f30","00342f30","0"
"","Global","FUN_00485d20","00485d20","","Global","FUN_00342f50","00342f50","0"
"","Global","FUN_00485e80","00485e80","","Global","FUN_003430e0","003430e0","0"
"","Global","FUN_00485f10","00485f10","","Global","FUN_00343170","00343170","0"
"","Global","FUN_00485fd0","00485fd0","","Global","FUN_00343230","00343230","0"
"","Global","FUN_00486140","00486140","","Global","FUN_003433e0","003433e0","0"
"","Global","FUN_00486190","00486190","","Global","FUN_00343440","00343440","0"
"","Global","FUN_004864b0","004864b0","","Global","FUN_00343b70","00343b70","0"
"","Global","FUN_004864e0","004864e0","","Global","FUN_00343ba0","00343ba0","0"
"","Global","FUN_004867e0","004867e0","","Global","FUN_00343fd0","00343fd0","0"
"","Global","FUN_00486c70","00486c70","","Global","FUN_00344420","00344420","0"
"","Global","FUN_00486d00","00486d00","","Global","FUN_003444b0","003444b0","0"
"","Global","FUN_004870e0","004870e0","","Global","FUN_00344a70","00344a70","0"
"","Global","FUN_00487180","00487180","","Global","FUN_00344bb0","00344bb0","0"
"","Global","FUN_004871c0","004871c0","","Global","FUN_00344bf0","00344bf0","0"
"","Global","FUN_00487240","00487240","","Global","FUN_00344c70","00344c70","0"
"","Global","FUN_00487280","00487280","","Global","FUN_00344cb0","00344cb0","0"
"","Global","FUN_00487360","00487360","","Global","FUN_00344de0","00344de0","0"
"","Global","FUN_00487550","00487550","","Global","FUN_00345050","00345050","0"
"","Global","FUN_004875a0","004875a0","","Global","FUN_003450b0","003450b0","0"
"","Global","FUN_00487630","00487630","","Global","FUN_00345130","00345130","0"
"","Global","FUN_00487690","00487690","","Global","FUN_00345190","00345190","0"
"","Global","FUN_00487790","00487790","","Global","FUN_003452e0","003452e0","0"
"","Global","FUN_00487940","00487940","","Global","FUN_003454a0","003454a0","0"
"","Global","FUN_00487ba0","00487ba0","","Global","FUN_00345790","00345790","0"
"","Global","FUN_00487bd0","00487bd0","","Global","FUN_003457c0","003457c0","0"
"","Global","FUN_00487c80","00487c80","","Global","FUN_00347130","00347130","0"
"","Global","FUN_00487cb0","00487cb0","","Global","FUN_00347170","00347170","0"
"","Global","FUN_00487e80","00487e80","","Global","FUN_00347390","00347390","0"
"","Global","FUN_00487fd0","00487fd0","","Global","FUN_00347540","00347540","0"
"","Global","FUN_004881c0","004881c0","","Global","FUN_00347730","00347730","0"
"","Global","FUN_00488200","00488200","","Global","FUN_00347770","00347770","0"
"","Global","FUN_00488280","00488280","","Global","FUN_003477f0","003477f0","0"
"","Global","FUN_004882c0","004882c0","","Global","FUN_00347830","00347830","0"
"","Global","FUN_00488440","00488440","","Global","FUN_003479b0","003479b0","0"
"","Global","FUN_004885c0","004885c0","","Global","FUN_00347b90","00347b90","0"
"","Global","FUN_00488680","00488680","","Global","FUN_00347c50","00347c50","0"
"","Global","FUN_00488720","00488720","","Global","FUN_00347d50","00347d50","0"
"","Global","FUN_00488790","00488790","","Global","FUN_00347de0","00347de0","0"
"","Global","FUN_00488840","00488840","","Global","FUN_00347ea0","00347ea0","0"
"","Global","FUN_00488890","00488890","","Global","FUN_00347ef0","00347ef0","0"
"","Global","FUN_004888c0","004888c0","","Global","FUN_00347f20","00347f20","0"
"","Global","FUN_004888e0","004888e0","","Global","FUN_00345810","00345810","0"
"","Global","FUN_00488990","00488990","","Global","FUN_003458f0","003458f0","0"
"","Global","FUN_00488a40","00488a40","","Global","FUN_00345990","00345990","0"
"","Global","FUN_00488a70","00488a70","","Global","FUN_003459c0","003459c0","0"
"","Global","FUN_00488b60","00488b60","","Global","FUN_00345ab0","00345ab0","0"
"","Global","FUN_00488c40","00488c40","","Global","FUN_00345bb0","00345bb0","0"
"","Global","FUN_00488ee0","00488ee0","","Global","FUN_00345ee0","00345ee0","0"
"","Global","FUN_00488f20","00488f20","","Global","FUN_00345f20","00345f20","0"
"","Global","FUN_00489000","00489000","","Global","FUN_00346000","00346000","0"
"","Global","FUN_00489030","00489030","","Global","FUN_00346030","00346030","0"
"","Global","FUN_00489410","00489410","","Global","FUN_00346600","00346600","0"
"","Global","FUN_00489460","00489460","","Global","FUN_00346650","00346650","0"
"","Global","FUN_004894f0","004894f0","","Global","FUN_003466e0","003466e0","0"
"","Global","FUN_004898a0","004898a0","","Global","FUN_00346a90","00346a90","0"
"","Global","FUN_00489aa0","00489aa0","","Global","FUN_00347060","00347060","0"
"","Global","FUN_00489ac0","00489ac0","","Global","FUN_00347080","00347080","0"
"","Global","FUN_0048c710","0048c710","","Global","FUN_0034a5d0","0034a5d0","0"
"","Global","FUN_0048c740","0048c740","","Global","FUN_0034a600","0034a600","0"
"","Global","FUN_0048d120","0048d120","","Global","FUN_0034af30","0034af30","0"
"","Global","FUN_0048d140","0048d140","","Global","FUN_0034af50","0034af50","0"
"","Global","FUN_0048d190","0048d190","","Global","FUN_0034afa0","0034afa0","0"
"","Global","FUN_0048d1c0","0048d1c0","","Global","FUN_0034afd0","0034afd0","0"
"","Global","FUN_0048d520","0048d520","","Global","FUN_0034b3e0","0034b3e0","0"
"","Global","FUN_0048e570","0048e570","","Global","FUN_0034c0a0","0034c0a0","0"
"","Global","FUN_0048e610","0048e610","","Global","FUN_0034c140","0034c140","0"
"","Global","FUN_0048e730","0048e730","","Global","FUN_0034c230","0034c230","0"
"","Global","FUN_0048e750","0048e750","","Global","FUN_0034c250","0034c250","0"
"","Global","FUN_0048e790","0048e790","","Global","FUN_0034c2a0","0034c2a0","0"
"","Global","FUN_0048e7c0","0048e7c0","","Global","FUN_0034c2d0","0034c2d0","0"
"","Global","FUN_0048e7e0","0048e7e0","","Global","FUN_0034c2f0","0034c2f0","0"
"","Global","FUN_0048e800","0048e800","","Global","FUN_0034c310","0034c310","0"
"","Global","FUN_0048e880","0048e880","","Global","FUN_0034c390","0034c390","0"
"","Global","FUN_0048e930","0048e930","","Global","FUN_0034c440","0034c440","0"
"","Global","FUN_0048ea50","0048ea50","","Global","FUN_0034c5a0","0034c5a0","0"
"","Global","FUN_0048eaf0","0048eaf0","","Global","FUN_0034c6c0","0034c6c0","0"
"","Global","FUN_0048eb50","0048eb50","","Global","FUN_0034c720","0034c720","0"
"","Global","FUN_0048eba0","0048eba0","","Global","FUN_0034c780","0034c780","0"
"","Global","FUN_0048ed10","0048ed10","","Global","FUN_0034c8b0","0034c8b0","0"
"","Global","FUN_0048edf0","0048edf0","","Global","FUN_0034c980","0034c980","0"
"","Global","FUN_0048ee10","0048ee10","","Global","FUN_0034c9a0","0034c9a0","0"
"","Global","FUN_0048ee70","0048ee70","","Global","FUN_0034ca00","0034ca00","0"
"","Global","FUN_0048eff0","0048eff0","","Global","FUN_0034cb60","0034cb60","0"
"","Global","FUN_0048f5f0","0048f5f0","","Global","FUN_0034d180","0034d180","0"
"","Global","FUN_0048f6c0","0048f6c0","","Global","FUN_0034d250","0034d250","0"
"","Global","FUN_004907e0","004907e0","","Global","FUN_0034e1f0","0034e1f0","0"
"","Global","FUN_00490a00","00490a00","","Global","FUN_0034e390","0034e390","0"
"","Global","FUN_0049b2f0","0049b2f0","","Global","FUN_0035e920","0035e920","0"
"","Global","FUN_0049dde0","0049dde0","","Global","FUN_002ea500","002ea500","0"
"","Global","FUN_004a8e30","004a8e30","","Global","FUN_003627b0","003627b0","0"
"","Global","FUN_004a8f00","004a8f00","","Global","FUN_003640c0","003640c0","0"
"","Global","FUN_004aa180","004aa180","","Global","FUN_00364b30","00364b30","0"
"","Global","FUN_004aa3f0","004aa3f0","","Global","FUN_00364e20","00364e20","0"
"","Global","FUN_004aaab0","004aaab0","","Global","FUN_003657b0","003657b0","0"
"","Global","FUN_004aab00","004aab00","","Global","FUN_00365800","00365800","0"
"","switchD_004d9622","caseD_4aad70","004aad70","","Global","FUN_00365960","00365960","0"
"","Global","FUN_004ab1f0","004ab1f0","","Global","FUN_00365c20","00365c20","0"
"","Global","FUN_004aba30","004aba30","","Global","FUN_00391490","00391490","0"
"","Global","FUN_004acf30","004acf30","","Global","FUN_00394740","00394740","0"
"","Global","FUN_004b0920","004b0920","","Global","FUN_00398120","00398120","0"
"","Global","FUN_004b0970","004b0970","","Global","FUN_00398170","00398170","0"
"","Global","FUN_004b0da0","004b0da0","","Global","FUN_003982f0","003982f0","0"
"","Global","FUN_004b1370","004b1370","","Global","FUN_00366030","00366030","0"
"","Global","FUN_004b1450","004b1450","","Global","FUN_00366110","00366110","0"
"","Global","FUN_004b3650","004b3650","","Global","FUN_003684e0","003684e0","0"
"","Global","FUN_004b3730","004b3730","","Global","FUN_003685e0","003685e0","0"
"","Global","FUN_004b3c20","004b3c20","","Global","FUN_00369110","00369110","0"
"","Global","FUN_004b3c70","004b3c70","","Global","FUN_00369180","00369180","0"
"","Global","FUN_004b3d20","004b3d20","","Global","FUN_00369250","00369250","0"
"","Global","FUN_004b4060","004b4060","","Global","FUN_003695d0","003695d0","0"
"","Global","FUN_004b4230","004b4230","","Global","FUN_003697a0","003697a0","0"
"","Global","FUN_004b4da0","004b4da0","","Global","FUN_0036ab60","0036ab60","0"
"","Global","FUN_004b4e40","004b4e40","","Global","FUN_0036ac00","0036ac00","0"
"","Global","FUN_004b4e70","004b4e70","","Global","FUN_0036ac30","0036ac30","0"
"","Global","FUN_004b4fb0","004b4fb0","","Global","FUN_0036ae40","0036ae40","0"
"","Global","FUN_004b5450","004b5450","","Global","FUN_0036b560","0036b560","0"
"","Global","FUN_004b54c0","004b54c0","","Global","FUN_0036b5f0","0036b5f0","0"
"","Global","FUN_004b5530","004b5530","","Global","FUN_0036b660","0036b660","0"
"","Global","FUN_004ba370","004ba370","","Global","FUN_00373060","00373060","0"
"","Global","FUN_004ba3a0","004ba3a0","","Global","FUN_00372c00","00372c00","0"
"","Global","FUN_004bdf60","004bdf60","","Global","FUN_00372b90","00372b90","0"
"","Global","FUN_004be330","004be330","","Global","FUN_0037b1c0","0037b1c0","0"
"","Global","FUN_004be370","004be370","","Global","FUN_0037b1f0","0037b1f0","0"
"","Global","FUN_004c1af0","004c1af0","","Global","FUN_00376510","00376510","0"
"","Global","FUN_004c2af0","004c2af0","","Global","FUN_0035a230","0035a230","0"
"","Global","FUN_004c3550","004c3550","","Global","FUN_00380fc0","00380fc0","0"
"","Global","FUN_004c5260","004c5260","","Global","FUN_00382800","00382800","0"
"","Global","FUN_004c5280","004c5280","","Global","FUN_00382300","00382300","0"
"","Global","FUN_004ca320","004ca320","","Global","FUN_00380650","00380650","0"
"","Global","FUN_004ca370","004ca370","","Global","FUN_00380700","00380700","0"
"","Global","FUN_004ca490","004ca490","","Global","FUN_00380790","00380790","0"
"","Global","FUN_004cbaa0","004cbaa0","","Global","FUN_00359a10","00359a10","0"
"","Global","FUN_004db7a0","004db7a0","","Global","FUN_001e8920","001e8920","0"
"","Global","FUN_004dfd80","004dfd80","","Global","FUN_00397dd0","00397dd0","0"
"","Global","FUN_004e2e20","004e2e20","","Global","FUN_00389f20","00389f20","0"
"","Global","FUN_004e3470","004e3470","","Global","FUN_0038a880","0038a880","0"
"","Global","FUN_004e3b80","004e3b80","","Global","FUN_0038ad20","0038ad20","0"
"","Global","FUN_004e4a90","004e4a90","","Global","FUN_0038b640","0038b640","0"
"","Global","FUN_004e58e0","004e58e0","","Global","FUN_0039c6c0","0039c6c0","0"
"","Global","FUN_004e9fd0","004e9fd0","","Global","FUN_003a2c50","003a2c50","0"
"","Global","FUN_004ea000","004ea000","","Global","FUN_003a2c80","003a2c80","0"
"","Global","FUN_004f1770","004f1770","","Global","FUN_003a7310","003a7310","0"
"","Global","FUN_004f5b90","004f5b90","","Global","FUN_003ad640","003ad640","0"
"","Global","FUN_004fa900","004fa900","","Global","FUN_003ad7c0","003ad7c0","0"
"","Global","FUN_00506d90","00506d90","","Global","FUN_00397d50","00397d50","0"
"","Global","FUN_00507ee0","00507ee0","","Global","FUN_003b89f0","003b89f0","0"
"","Global","FUN_00507f00","00507f00","","Global","FUN_003b8a10","003b8a10","0"
"","Global","FUN_00507f50","00507f50","","Global","FUN_003b8b70","003b8b70","0"
"","Global","FUN_00508100","00508100","","Global","FUN_003b8d20","003b8d20","0"
"","Global","FUN_005083e0","005083e0","","Global","FUN_003b9160","003b9160","0"
"","Global","FUN_00508450","00508450","","Global","FUN_003b9220","003b9220","0"
"","Global","FUN_00508480","00508480","","Global","FUN_003b9250","003b9250","0"
"","Global","FUN_005084b0","005084b0","","Global","FUN_003b9280","003b9280","0"
"","Global","FUN_005084e0","005084e0","","Global","FUN_003b92b0","003b92b0","0"
"","Global","FUN_00508550","00508550","","Global","FUN_003b9320","003b9320","0"
"","Global","FUN_00508580","00508580","","Global","FUN_003b9350","003b9350","0"
"","Global","FUN_00508660","00508660","","Global","FUN_003b94d0","003b94d0","0"
"","Global","FUN_005086b0","005086b0","","Global","FUN_003b9520","003b9520","0"
"","Global","FUN_005086d0","005086d0","","Global","FUN_003b9540","003b9540","0"
"","Global","FUN_005087f0","005087f0","","Global","FUN_003b9660","003b9660","0"
"","Global","FUN_00508840","00508840","","Global","FUN_003b96b0","003b96b0","0"
"","Global","FUN_005088b0","005088b0","","Global","FUN_003b9720","003b9720","0"
"","Global","FUN_00508c80","00508c80","","Global","FUN_003b9b50","003b9b50","0"
"","Global","FUN_00508d00","00508d00","","Global","FUN_003b9bd0","003b9bd0","0"
"","Global","FUN_00508dd0","00508dd0","","Global","FUN_003b9ca0","003b9ca0","0"
"","Global","FUN_00508f20","00508f20","","Global","FUN_003b9e20","003b9e20","0"
"","Global","FUN_00509030","00509030","","Global","FUN_003ba020","003ba020","0"
"","Global","FUN_005090c0","005090c0","","Global","FUN_003ba0c0","003ba0c0","0"
"","Global","FUN_00509350","00509350","","Global","FUN_003ba350","003ba350","0"
"","Global","FUN_005097c0","005097c0","","Global","FUN_003ba840","003ba840","0"
"","Global","FUN_00509d30","00509d30","","Global","FUN_003bae40","003bae40","0"
"","Global","FUN_00509dd0","00509dd0","","Global","FUN_003baf00","003baf00","0"
"","Global","FUN_00509e30","00509e30","","Global","FUN_003baf90","003baf90","0"
"","Global","FUN_0050a0e0","0050a0e0","","Global","FUN_003bb280","003bb280","0"
"","Global","FUN_0050a140","0050a140","","Global","FUN_003bb2e0","003bb2e0","0"
"","Global","FUN_0050a1d0","0050a1d0","","Global","FUN_003bb370","003bb370","0"
"","Global","FUN_0050a200","0050a200","","Global","FUN_003bb3a0","003bb3a0","0"
"","Global","FUN_0050a230","0050a230","","Global","FUN_003bb3d0","003bb3d0","0"
"","Global","FUN_0050a400","0050a400","","Global","FUN_003bb6b0","003bb6b0","0"
"","Global","FUN_0050a430","0050a430","","Global","FUN_003bb6e0","003bb6e0","0"
"","Global","FUN_0050a470","0050a470","","Global","FUN_003bb720","003bb720","0"
"","Global","FUN_0050a4a0","0050a4a0","","Global","FUN_003bb750","003bb750","0"
"","Global","FUN_0050a640","0050a640","","Global","FUN_003bb920","003bb920","0"
"","Global","FUN_0050a6f0","0050a6f0","","Global","FUN_003bb9d0","003bb9d0","0"
"","Global","FUN_0050a950","0050a950","","Global","FUN_003bbcf0","003bbcf0","0"
"","Global","FUN_0050a980","0050a980","","Global","FUN_003bbd20","003bbd20","0"
"","Global","FUN_0050a9e0","0050a9e0","","Global","FUN_003bbd80","003bbd80","0"
"","Global","FUN_0050b4b0","0050b4b0","","Global","FUN_003bbee0","003bbee0","0"
"","Global","FUN_0050b5f0","0050b5f0","","Global","FUN_003bc020","003bc020","0"
"","Global","FUN_0050b9d0","0050b9d0","","Global","FUN_003bc400","003bc400","0"
"","Global","FUN_0050bba0","0050bba0","","Global","FUN_003bc5d0","003bc5d0","0"
"","Global","FUN_0050bc70","0050bc70","","Global","FUN_003bd3f0","003bd3f0","0"
"","Global","FUN_0050bdb0","0050bdb0","","Global","FUN_003bd610","003bd610","0"
"","Global","FUN_0050bee0","0050bee0","","Global","FUN_003bda30","003bda30","0"
"","Global","FUN_0050c120","0050c120","","Global","FUN_003bdb60","003bdb60","0"
"","Global","FUN_0050c1f0","0050c1f0","","Global","FUN_003bdc30","003bdc30","0"
"","Global","FUN_0050c230","0050c230","","Global","FUN_003bdc70","003bdc70","0"
"","Global","FUN_0050c270","0050c270","","Global","FUN_003bdcb0","003bdcb0","0"
"","Global","FUN_0050ccb0","0050ccb0","","Global","FUN_003be710","003be710","0"
"","Global","FUN_0050cd10","0050cd10","","Global","FUN_003be770","003be770","0"
"","Global","FUN_0050d260","0050d260","","Global","FUN_003bed80","003bed80","0"
"","Global","FUN_0050da90","0050da90","","Global","FUN_003bf5b0","003bf5b0","0"
"","Global","FUN_0050dd80","0050dd80","","Global","FUN_003bf8f0","003bf8f0","0"
"","Global","FUN_0050dfb0","0050dfb0","","Global","FUN_003bfb20","003bfb20","0"
"","Global","FUN_0050e0b0","0050e0b0","","Global","FUN_003b65b0","003b65b0","0"
"","Global","FUN_0050e2e0","0050e2e0","","Global","FUN_003b67e0","003b67e0","0"
"","Global","FUN_0050e6f0","0050e6f0","","Global","FUN_003b6bf0","003b6bf0","0"
"","Global","FUN_0050ed10","0050ed10","","Global","FUN_003b71e0","003b71e0","0"
"","Global","FUN_0050ed60","0050ed60","","Global","FUN_003b7230","003b7230","0"
"","Global","FUN_0050ef10","0050ef10","","Global","FUN_003b73e0","003b73e0","0"
"","Global","FUN_0050f8e0","0050f8e0","","Global","FUN_003b7e10","003b7e10","0"
"","Global","FUN_00510010","00510010","","Global","FUN_003b8750","003b8750","0"
"","Global","FUN_00510270","00510270","","Global","FUN_003c1130","003c1130","0"
"","Global","FUN_00510340","00510340","","Global","FUN_003c1200","003c1200","0"
"","Global","FUN_005103e0","005103e0","","Global","FUN_003c12a0","003c12a0","0"
"","Global","FUN_005104c0","005104c0","","Global","FUN_003c1380","003c1380","0"
"","Global","FUN_005104e0","005104e0","","Global","FUN_003c13a0","003c13a0","0"
"","Global","FUN_00510510","00510510","","Global","FUN_003c13d0","003c13d0","0"
"","Global","FUN_00510550","00510550","","Global","FUN_003c1410","003c1410","0"
"","Global","FUN_00510580","00510580","","Global","FUN_003c1440","003c1440","0"
"","Global","FUN_005112c0","005112c0","","Global","FUN_003c2180","003c2180","0"
"","Global","FUN_00511380","00511380","","Global","FUN_003c2240","003c2240","0"
"","Global","FUN_005113a0","005113a0","","Global","FUN_003c2260","003c2260","0"
"","Global","FUN_00511620","00511620","","Global","FUN_003c24e0","003c24e0","0"
"","Global","FUN_00511970","00511970","","Global","FUN_003c2830","003c2830","0"
"","Global","FUN_00512b70","00512b70","","Global","FUN_003c36e0","003c36e0","0"
"","Global","FUN_005130f0","005130f0","","Global","FUN_003c3c60","003c3c60","0"
"","Global","FUN_005131d0","005131d0","","Global","FUN_003c3d40","003c3d40","0"
"","Global","FUN_00513f50","00513f50","","Global","FUN_003c4ac0","003c4ac0","0"
"","Global","FUN_00513fd0","00513fd0","","Global","FUN_003c4b40","003c4b40","0"
"","Global","FUN_00514310","00514310","","Global","FUN_003bfe80","003bfe80","0"
"","Global","FUN_005143a0","005143a0","","Global","FUN_003bff10","003bff10","0"
"","Global","FUN_005143c0","005143c0","","Global","FUN_003bff30","003bff30","0"
"","Global","FUN_005144a0","005144a0","","Global","FUN_003c0010","003c0010","0"
"","Global","FUN_00514630","00514630","","Global","FUN_003c01a0","003c01a0","0"
"","Global","FUN_00514700","00514700","","Global","FUN_003c0270","003c0270","0"
"","Global","FUN_005147b0","005147b0","","Global","FUN_003c0320","003c0320","0"
"","Global","FUN_005148a0","005148a0","","Global","FUN_003c0410","003c0410","0"
"","Global","FUN_005148d0","005148d0","","Global","FUN_003c0440","003c0440","0"
"","Global","FUN_00514920","00514920","","Global","FUN_003c0490","003c0490","0"
"","Global","FUN_005149a0","005149a0","","Global","FUN_003c0510","003c0510","0"
"","Global","FUN_00515120","00515120","","Global","FUN_003c0cc0","003c0cc0","0"
"","Global","FUN_005151c0","005151c0","","Global","FUN_003c0d60","003c0d60","0"
"","Global","FUN_005152d0","005152d0","","Global","FUN_003c0e70","003c0e70","0"
"","Global","FUN_00515360","00515360","","Global","FUN_003c4be0","003c4be0","0"
"","Global","FUN_005153a0","005153a0","","Global","FUN_003c4c20","003c4c20","0"
"","Global","FUN_00515b60","00515b60","","Global","FUN_003c5400","003c5400","0"
"","Global","FUN_00515e50","00515e50","","Global","FUN_003c5730","003c5730","0"
"","Global","FUN_00516090","00516090","","Global","FUN_003c5970","003c5970","0"
"","Global","FUN_005161d0","005161d0","","Global","FUN_003c5ac0","003c5ac0","0"
"","Global","FUN_005162f0","005162f0","","Global","FUN_003c5bf0","003c5bf0","0"
"","Global","FUN_00516c80","00516c80","","Global","FUN_003bcc60","003bcc60","0"
"","Global","FUN_00516d40","00516d40","","Global","FUN_003bcd20","003bcd20","0"
"","Global","FUN_00516da0","00516da0","","Global","FUN_003bcd80","003bcd80","0"
"","Global","FUN_00516e60","00516e60","","Global","FUN_003bce40","003bce40","0"
"","Global","FUN_00517050","00517050","","Global","FUN_003bd030","003bd030","0"
"","Global","FUN_005173e0","005173e0","","Global","FUN_003c63d0","003c63d0","0"
"","Global","FUN_00517430","00517430","","Global","FUN_003c6420","003c6420","0"
"","Global","FUN_00517460","00517460","","Global","FUN_003c6450","003c6450","0"
"","Global","FUN_00517d80","00517d80","","Global","FUN_003c6d60","003c6d60","0"
"","Global","FUN_00517e70","00517e70","","Global","FUN_003c6e50","003c6e50","0"
"","Global","FUN_00517f20","00517f20","","Global","FUN_003c6f10","003c6f10","0"
"","Global","FUN_00518090","00518090","","Global","FUN_003c7080","003c7080","0"
"","Global","FUN_00518130","00518130","","Global","FUN_003c7120","003c7120","0"
"","Global","FUN_00518180","00518180","","Global","FUN_003c7170","003c7170","0"
"","Global","FUN_005181c0","005181c0","","Global","FUN_003c71b0","003c71b0","0"
"","Global","FUN_00518370","00518370","","Global","FUN_003c7350","003c7350","0"
"","Global","FUN_00518ba0","00518ba0","","Global","FUN_003c7b40","003c7b40","0"
"","Global","FUN_00519630","00519630","","Global","FUN_003c8570","003c8570","0"
"","Global","FUN_00519a80","00519a80","","Global","FUN_003cd4a0","003cd4a0","0"
"","Global","FUN_00519ab0","00519ab0","","Global","FUN_003cd4d0","003cd4d0","0"
"","Global","FUN_00519ad0","00519ad0","","Global","FUN_003cd4f0","003cd4f0","0"
"","Global","FUN_00519c70","00519c70","","Global","FUN_003cd6c0","003cd6c0","0"
"","Global","FUN_00519ca0","00519ca0","","Global","FUN_003cd6f0","003cd6f0","0"
"","Global","FUN_00519da0","00519da0","","Global","FUN_003cd810","003cd810","0"
"","Global","FUN_00519df0","00519df0","","Global","FUN_003cd860","003cd860","0"
"","Global","FUN_00519e50","00519e50","","Global","FUN_003cd8c0","003cd8c0","0"
"","Global","FUN_00519f10","00519f10","","Global","FUN_003cd990","003cd990","0"
"","Global","FUN_0051a0d0","0051a0d0","","Global","FUN_003cdba0","003cdba0","0"
"","Global","FUN_0051a260","0051a260","","Global","FUN_003cdd50","003cdd50","0"
"","Global","FUN_0051aa00","0051aa00","","Global","FUN_003ce680","003ce680","0"
"","Global","FUN_0051ad10","0051ad10","","Global","FUN_003cec10","003cec10","0"
"","Global","FUN_0051ad40","0051ad40","","Global","FUN_003cec40","003cec40","0"
"","Global","FUN_0051ad80","0051ad80","","Global","FUN_003cec80","003cec80","0"
"","Global","FUN_0051af10","0051af10","","Global","FUN_003cee60","003cee60","0"
"","Global","FUN_0051b070","0051b070","","Global","FUN_00334f70","00334f70","0"
"","Global","FUN_0051b0a0","0051b0a0","","Global","FUN_00334fa0","00334fa0","0"
"","Global","FUN_0051b130","0051b130","","Global","FUN_00335030","00335030","0"
"","Global","FUN_0051b280","0051b280","","Global","FUN_00335190","00335190","0"
"","Global","FUN_0051b4e0","0051b4e0","","Global","FUN_003353f0","003353f0","0"
"","Global","FUN_0051b550","0051b550","","Global","FUN_00335460","00335460","0"
"","Global","FUN_0051b610","0051b610","","Global","FUN_00335520","00335520","0"
"","Global","FUN_0051c090","0051c090","","Global","FUN_00335cc0","00335cc0","0"
"","Global","FUN_0051c0d0","0051c0d0","","Global","FUN_003344a0","003344a0","0"
"","Global","FUN_0051c110","0051c110","","Global","FUN_003344e0","003344e0","0"
"","Global","FUN_0051c150","0051c150","","Global","FUN_00334520","00334520","0"
"","Global","FUN_0051c1e0","0051c1e0","","Global","FUN_003345b0","003345b0","0"
"","Global","FUN_0051c230","0051c230","","Global","FUN_00334600","00334600","0"
"","Global","FUN_0051c280","0051c280","","Global","FUN_00334650","00334650","0"
"","Global","FUN_0051c2d0","0051c2d0","","Global","FUN_003346a0","003346a0","0"
"","Global","FUN_0051c370","0051c370","","Global","FUN_00334740","00334740","0"
"","Global","FUN_0051c410","0051c410","","Global","FUN_003347e0","003347e0","0"
"","Global","FUN_0051c600","0051c600","","Global","FUN_00334960","00334960","0"
"","Global","FUN_0051c6b0","0051c6b0","","Global","FUN_00334a10","00334a10","0"
"","Global","FUN_0051c7e0","0051c7e0","","Global","FUN_00334d00","00334d00","0"
"","Global","FUN_0051cc00","0051cc00","","Global","FUN_003ca910","003ca910","0"
"","Global","FUN_0051ccc0","0051ccc0","","Global","FUN_003ca9d0","003ca9d0","0"
"","Global","FUN_0051cce0","0051cce0","","Global","FUN_003ca9f0","003ca9f0","0"
"","Global","FUN_0051cd00","0051cd00","","Global","FUN_003caa10","003caa10","0"
"","Global","FUN_0051d460","0051d460","","Global","FUN_003cb1e0","003cb1e0","0"
"","Global","FUN_0051d530","0051d530","","Global","FUN_003cb310","003cb310","0"
"","Global","FUN_0051d590","0051d590","","Global","FUN_003cb370","003cb370","0"
"","Global","FUN_0051da30","0051da30","","Global","FUN_003cb8c0","003cb8c0","0"
"","Global","FUN_0051f530","0051f530","","Global","FUN_003cd2e0","003cd2e0","0"
"","Global","FUN_0051f7a0","0051f7a0","","Global","FUN_003db770","003db770","0"
"","Global","FUN_0051f980","0051f980","","Global","FUN_003dba70","003dba70","0"
"","Global","FUN_0051f9b0","0051f9b0","","Global","FUN_003dbaa0","003dbaa0","0"
"","Global","FUN_0051fd00","0051fd00","","Global","FUN_003dbdf0","003dbdf0","0"
"","Global","FUN_0051fd60","0051fd60","","Global","FUN_003dbe80","003dbe80","0"
"","Global","FUN_0051fdc0","0051fdc0","","Global","FUN_003dbee0","003dbee0","0"
"","Global","FUN_0051fdd0","0051fdd0","","Global","FUN_003dbef0","003dbef0","0"
"","Global","FUN_0051fe00","0051fe00","","Global","FUN_003dbf20","003dbf20","0"
"","Global","FUN_0051ffb0","0051ffb0","","Global","FUN_003dc100","003dc100","0"
"","Global","FUN_00520020","00520020","","Global","FUN_003d9720","003d9720","0"
"","Global","FUN_00520050","00520050","","Global","FUN_003d9750","003d9750","0"
"","Global","FUN_00520100","00520100","","Global","FUN_003d9840","003d9840","0"
"","Global","FUN_005201a0","005201a0","","Global","FUN_003d98e0","003d98e0","0"
"","Global","FUN_005202b0","005202b0","","Global","FUN_003d99e0","003d99e0","0"
"","Global","FUN_005202e0","005202e0","","Global","FUN_003d9a10","003d9a10","0"
"","Global","FUN_00520460","00520460","","Global","FUN_003d9b90","003d9b90","0"
"","Global","FUN_005204b0","005204b0","","Global","FUN_003d9be0","003d9be0","0"
"","Global","FUN_00520540","00520540","","Global","FUN_003da510","003da510","0"
"","Global","FUN_00520650","00520650","","Global","FUN_003da620","003da620","0"
"","Global","FUN_00520670","00520670","","Global","FUN_003da640","003da640","0"
"","Global","FUN_005206f0","005206f0","","Global","FUN_003da6c0","003da6c0","0"
"","Global","FUN_00520870","00520870","","Global","FUN_003daac0","003daac0","0"
"","Global","FUN_00520950","00520950","","Global","FUN_003daba0","003daba0","0"
"","Global","FUN_005209a0","005209a0","","Global","FUN_003dabf0","003dabf0","0"
"","Global","FUN_005209e0","005209e0","","Global","FUN_003dac30","003dac30","0"
"","Global","FUN_00520aa0","00520aa0","","Global","FUN_003dace0","003dace0","0"
"","Global","FUN_005210a0","005210a0","","Global","FUN_003db080","003db080","0"
"","Global","FUN_00521200","00521200","","Global","FUN_003db1e0","003db1e0","0"
"","Global","FUN_00521280","00521280","","Global","FUN_003d8140","003d8140","0"
"","Global","FUN_00521300","00521300","","Global","FUN_003d81c0","003d81c0","0"
"","Global","FUN_005213d0","005213d0","","Global","FUN_003d8350","003d8350","0"
"","Global","FUN_00521410","00521410","","Global","FUN_003d8390","003d8390","0"
"","Global","FUN_005214e0","005214e0","","Global","FUN_003d8460","003d8460","0"
"","Global","FUN_00521640","00521640","","Global","FUN_003db260","003db260","0"
"","Global","FUN_005216b0","005216b0","","Global","FUN_003db2d0","003db2d0","0"
"","Global","FUN_00521770","00521770","","Global","FUN_003db390","003db390","0"
"","Global","FUN_005217b0","005217b0","","Global","FUN_003db3d0","003db3d0","0"
"","Global","FUN_005217e0","005217e0","","Global","FUN_003db400","003db400","0"
"","Global","FUN_005218c0","005218c0","","Global","FUN_003d9c70","003d9c70","0"
"","Global","FUN_00521940","00521940","","Global","FUN_003d9cf0","003d9cf0","0"
"","Global","FUN_005219a0","005219a0","","Global","FUN_003d9d50","003d9d50","0"
"","Global","FUN_005219e0","005219e0","","Global","FUN_003d9d90","003d9d90","0"
"","Global","FUN_00521a50","00521a50","","Global","FUN_003d9e00","003d9e00","0"
"","Global","FUN_00521be0","00521be0","","Global","FUN_003d9f80","003d9f80","0"
"","Global","FUN_00521c20","00521c20","","Global","FUN_003d9fc0","003d9fc0","0"
"","Global","FUN_00521ce0","00521ce0","","Global","FUN_003da080","003da080","0"
"","Global","FUN_005220c0","005220c0","","Global","FUN_003dc120","003dc120","0"
"","Global","FUN_00522140","00522140","","Global","FUN_003dc1b0","003dc1b0","0"
"","Global","FUN_00522160","00522160","","Global","FUN_003dc1d0","003dc1d0","0"
"","Global","FUN_005221e0","005221e0","","Global","FUN_003dc280","003dc280","0"
"","Global","FUN_00522210","00522210","","Global","FUN_003dc2b0","003dc2b0","0"
"","Global","FUN_00522290","00522290","","Global","FUN_003d65f0","003d65f0","0"
"","Global","FUN_00522300","00522300","","Global","FUN_003d6660","003d6660","0"
"","Global","FUN_00522350","00522350","","Global","FUN_003d66b0","003d66b0","0"
"","Global","FUN_00522560","00522560","","Global","FUN_003d6960","003d6960","0"
"","Global","FUN_00522930","00522930","","Global","FUN_003d6e00","003d6e00","0"
"","Global","FUN_00522b70","00522b70","","Global","FUN_003d7070","003d7070","0"
"","Global","FUN_00522be0","00522be0","","Global","FUN_003d70f0","003d70f0","0"
"","Global","FUN_00522c50","00522c50","","Global","FUN_003d7160","003d7160","0"
"","Global","FUN_00522e60","00522e60","","Global","FUN_003d73c0","003d73c0","0"
"","Global","FUN_00522ef0","00522ef0","","Global","FUN_003d7480","003d7480","0"
"","Global","FUN_00522f50","00522f50","","Global","FUN_003d74e0","003d74e0","0"
"","Global","FUN_00523240","00523240","","Global","FUN_003dc3f0","003dc3f0","0"
"","Global","FUN_00523280","00523280","","Global","FUN_003dc430","003dc430","0"
"","Global","FUN_00523b60","00523b60","","Global","FUN_003dccf0","003dccf0","0"
"","Global","FUN_00523ed0","00523ed0","","Global","FUN_003dd060","003dd060","0"
"","Global","FUN_00524090","00524090","","Global","FUN_003dd220","003dd220","0"
"","Global","FUN_005242f0","005242f0","","Global","FUN_003dd480","003dd480","0"
"","Global","FUN_00524390","00524390","","Global","FUN_003dd520","003dd520","0"
"","Global","FUN_005243c0","005243c0","","Global","FUN_003dd550","003dd550","0"
"","Global","FUN_005248c0","005248c0","","Global","FUN_003ddba0","003ddba0","0"
"","Global","FUN_00524ba0","00524ba0","","Global","FUN_003ddf40","003ddf40","0"
"","Global","FUN_00524bc0","00524bc0","","Global","FUN_003ddf60","003ddf60","0"
"","Global","FUN_00524bf0","00524bf0","","Global","FUN_003ddf90","003ddf90","0"
"","Global","FUN_00524df0","00524df0","","Global","FUN_003de210","003de210","0"
"","Global","FUN_00525140","00525140","","Global","FUN_003de710","003de710","0"
"","Global","FUN_005256d0","005256d0","","Global","FUN_003deed0","003deed0","0"
"","Global","FUN_00525710","00525710","","Global","FUN_003def10","003def10","0"
"","Global","FUN_00525730","00525730","","Global","FUN_003dc330","003dc330","0"
"","Global","FUN_005257f0","005257f0","","Global","FUN_003d8020","003d8020","0"
"","Global","FUN_005258b0","005258b0","","Global","FUN_003d82a0","003d82a0","0"
"","Global","FUN_005259c0","005259c0","","Global","FUN_003c8950","003c8950","0"
"","Global","FUN_00525b60","00525b60","","Global","FUN_003c8af0","003c8af0","0"
"","Global","FUN_00525db0","00525db0","","Global","FUN_003c8e00","003c8e00","0"
"","Global","FUN_00525ea0","00525ea0","","Global","FUN_003c8ef0","003c8ef0","0"
"","Global","FUN_00526c00","00526c00","","Global","FUN_003c9d40","003c9d40","0"
"","Global","FUN_00526c80","00526c80","","Global","FUN_003c9dc0","003c9dc0","0"
"","Global","FUN_005270c0","005270c0","","Global","FUN_003ca220","003ca220","0"
"","Global","FUN_00527520","00527520","","Global","FUN_003d95e0","003d95e0","0"
"","Global","FUN_00527570","00527570","","Global","FUN_003d77b0","003d77b0","0"
"","Global","FUN_00527600","00527600","","Global","FUN_003d7890","003d7890","0"
"","Global","FUN_00527a20","00527a20","","Global","FUN_003d7ec0","003d7ec0","0"
"","Global","FUN_00527a40","00527a40","","Global","FUN_003d7ee0","003d7ee0","0"
"","Global","FUN_00527a50","00527a50","","Global","FUN_003d7ef0","003d7ef0","0"
"","Global","FUN_00527a70","00527a70","","Global","FUN_003d7f10","003d7f10","0"
"","Global","FUN_00527be0","00527be0","","Global","FUN_003d8780","003d8780","0"
"","Global","FUN_00527fa0","00527fa0","","Global","FUN_003d8bb0","003d8bb0","0"
"","Global","FUN_00528180","00528180","","Global","FUN_003d8e10","003d8e10","0"
"","Global","FUN_00528270","00528270","","Global","FUN_003d8f70","003d8f70","0"
"","Global","FUN_00528300","00528300","","Global","FUN_003d9020","003d9020","0"
"","Global","FUN_00528320","00528320","","Global","FUN_003d9040","003d9040","0"
"","Global","FUN_00528460","00528460","","Global","FUN_003d91e0","003d91e0","0"
"","Global","FUN_005284d0","005284d0","","Global","FUN_003d9250","003d9250","0"
"","Global","FUN_00528540","00528540","","Global","FUN_003d92c0","003d92c0","0"
"","Global","FUN_00528660","00528660","","Global","FUN_003e6ac0","003e6ac0","0"
"","Global","FUN_00528800","00528800","","Global","FUN_003e6d70","003e6d70","0"
"","Global","FUN_00528870","00528870","","Global","FUN_003e6de0","003e6de0","0"
"","Global","FUN_005289b0","005289b0","","Global","FUN_003e6f90","003e6f90","0"
"","Global","FUN_005289f0","005289f0","","Global","FUN_003e6fd0","003e6fd0","0"
"","Global","FUN_00529090","00529090","","Global","FUN_003e7e00","003e7e00","0"
"","Global","FUN_00529230","00529230","","Global","FUN_003e8040","003e8040","0"
"","Global","FUN_00529360","00529360","","Global","FUN_003e8220","003e8220","0"
"","Global","FUN_005293d0","005293d0","","Global","FUN_003e8290","003e8290","0"
"","Global","FUN_00529570","00529570","","Global","FUN_003e8590","003e8590","0"
"","Global","FUN_00529910","00529910","","Global","FUN_003e4c10","003e4c10","0"
"","Global","FUN_00529930","00529930","","Global","FUN_003e4c30","003e4c30","0"
"","Global","FUN_00529950","00529950","","Global","FUN_003e4c50","003e4c50","0"
"","Global","FUN_005299b0","005299b0","","Global","FUN_003e4cb0","003e4cb0","0"
"","Global","FUN_00529b60","00529b60","","Global","FUN_003e4e80","003e4e80","0"
"","Global","FUN_00529f50","00529f50","","Global","FUN_003e56c0","003e56c0","0"
"","Global","FUN_0052ac90","0052ac90","","Global","FUN_003e6710","003e6710","0"
"","Global","FUN_0052acf0","0052acf0","","Global","FUN_003e6770","003e6770","0"
"","Global","FUN_0052ad20","0052ad20","","Global","FUN_003e67a0","003e67a0","0"
"","Global","FUN_0052ad80","0052ad80","","Global","FUN_003e6800","003e6800","0"
"","Global","FUN_0052ade0","0052ade0","","Global","FUN_003e6860","003e6860","0"
"","Global","FUN_0052af00","0052af00","","Global","FUN_003e4860","003e4860","0"
"","Global","FUN_0052b0d0","0052b0d0","","Global","FUN_003e4b40","003e4b40","0"
"","Global","FUN_0052b160","0052b160","","Global","FUN_003e4bd0","003e4bd0","0"
"","Global","FUN_0052b270","0052b270","","Global","FUN_003dfdb0","003dfdb0","0"
"","Global","FUN_0052b2c0","0052b2c0","","Global","FUN_003dfe00","003dfe00","0"
"","Global","FUN_0052b2f0","0052b2f0","","Global","FUN_003dfe30","003dfe30","0"
"","Global","FUN_0052b390","0052b390","","Global","FUN_003dfed0","003dfed0","0"
"","Global","FUN_0052b460","0052b460","","Global","FUN_003e0110","003e0110","0"
"","Global","FUN_0052b710","0052b710","","Global","FUN_003e03f0","003e03f0","0"
"","Global","FUN_0052b780","0052b780","","Global","FUN_003e0460","003e0460","0"
"","Global","FUN_0052b820","0052b820","","Global","FUN_003def90","003def90","0"
"","Global","FUN_0052b860","0052b860","","Global","FUN_003defd0","003defd0","0"
"","Global","FUN_0052b940","0052b940","","Global","FUN_003df0c0","003df0c0","0"
"","Global","FUN_0052b960","0052b960","","Global","FUN_003df2c0","003df2c0","0"
"","Global","FUN_0052bdd0","0052bdd0","","Global","FUN_003df7f0","003df7f0","0"
"","Global","FUN_0052bf80","0052bf80","","Global","FUN_003dfa50","003dfa50","0"
"","Global","FUN_0052c060","0052c060","","Global","FUN_003dfb30","003dfb30","0"
"","Global","FUN_0052c080","0052c080","","Global","FUN_003dfb50","003dfb50","0"
"","Global","FUN_0052c0a0","0052c0a0","","Global","FUN_003dfb70","003dfb70","0"
"","Global","FUN_0052c0f0","0052c0f0","","Global","FUN_003dfbc0","003dfbc0","0"
"","Global","FUN_0052c130","0052c130","","Global","FUN_003e04b0","003e04b0","0"
"","Global","FUN_0052c960","0052c960","","Global","FUN_003e0d40","003e0d40","0"
"","Global","FUN_0052ccf0","0052ccf0","","Global","FUN_003e1150","003e1150","0"
"","Global","FUN_0052cdd0","0052cdd0","","Global","FUN_003e1230","003e1230","0"
"","Global","FUN_0052d360","0052d360","","Global","FUN_003e8d60","003e8d60","0"
"","Global","FUN_0052d3e0","0052d3e0","","Global","FUN_003e8de0","003e8de0","0"
"","Global","FUN_0052d470","0052d470","","Global","FUN_003e8e80","003e8e80","0"
"","Global","FUN_0052d490","0052d490","","Global","FUN_003e8ea0","003e8ea0","0"
"","Global","FUN_0052d4d0","0052d4d0","","Global","FUN_003e8ee0","003e8ee0","0"
"","Global","FUN_0052d4f0","0052d4f0","","Global","FUN_003e8f00","003e8f00","0"
"","Global","FUN_0052d510","0052d510","","Global","FUN_003e8f20","003e8f20","0"
"","Global","FUN_0052d7e0","0052d7e0","","Global","FUN_003e18f0","003e18f0","0"
"","Global","FUN_0052d810","0052d810","","Global","FUN_003e1920","003e1920","0"
"","Global","FUN_0052d880","0052d880","","Global","FUN_003e1990","003e1990","0"
"","Global","FUN_0052dcd0","0052dcd0","","Global","FUN_003e1f90","003e1f90","0"
"","Global","FUN_0052de30","0052de30","","Global","FUN_003e2100","003e2100","0"
"","Global","FUN_0052ded0","0052ded0","","Global","FUN_003e21c0","003e21c0","0"
"","Global","FUN_0052dfb0","0052dfb0","","Global","FUN_003e22c0","003e22c0","0"
"","Global","FUN_0052e1c0","0052e1c0","","Global","FUN_003e25b0","003e25b0","0"
"","Global","FUN_0052e1e0","0052e1e0","","Global","FUN_003e25d0","003e25d0","0"
"","Global","FUN_0052e400","0052e400","","Global","FUN_003e2970","003e2970","0"
"","Global","FUN_0052e430","0052e430","","Global","FUN_003e29a0","003e29a0","0"
"","Global","FUN_0052e4f0","0052e4f0","","Global","FUN_003e2a60","003e2a60","0"
"","Global","FUN_0052e580","0052e580","","Global","FUN_003e2af0","003e2af0","0"
"","Global","FUN_0052e680","0052e680","","Global","FUN_003e2bf0","003e2bf0","0"
"","Global","FUN_0052e6b0","0052e6b0","","Global","FUN_003e2c20","003e2c20","0"
"","Global","FUN_0052e750","0052e750","","Global","FUN_003e2ce0","003e2ce0","0"
"","Global","FUN_0052e960","0052e960","","Global","FUN_003e2f90","003e2f90","0"
"","Global","FUN_0052e9a0","0052e9a0","","Global","FUN_003e2fd0","003e2fd0","0"
"","Global","FUN_0052e9c0","0052e9c0","","Global","FUN_003e2ff0","003e2ff0","0"
"","Global","FUN_0052ea40","0052ea40","","Global","FUN_003e3070","003e3070","0"
"","Global","FUN_0052eb20","0052eb20","","Global","FUN_003e3150","003e3150","0"
"","Global","FUN_0052eba0","0052eba0","","Global","FUN_003e31d0","003e31d0","0"
"","Global","FUN_0052ebf0","0052ebf0","","Global","FUN_003e3220","003e3220","0"
"","Global","FUN_0052ec20","0052ec20","","Global","FUN_003e3250","003e3250","0"
"","Global","FUN_0052ec60","0052ec60","","Global","FUN_003e3290","003e3290","0"
"","Global","FUN_0052ec90","0052ec90","","Global","FUN_003e90a0","003e90a0","0"
"","Global","FUN_0052ecb0","0052ecb0","","Global","FUN_003e90c0","003e90c0","0"
"","Global","FUN_0052ed10","0052ed10","","Global","FUN_003e9130","003e9130","0"
"","Global","FUN_0052ed90","0052ed90","","Global","FUN_003e91c0","003e91c0","0"
"","Global","FUN_0052ede0","0052ede0","","Global","FUN_003e9210","003e9210","0"
"","Global","FUN_0052ee20","0052ee20","","Global","FUN_003e9250","003e9250","0"
"","Global","FUN_0052efd0","0052efd0","","Global","FUN_003e93a0","003e93a0","0"
"","Global","FUN_0052f4a0","0052f4a0","","Global","FUN_003e97f0","003e97f0","0"
"","Global","FUN_0052f6b0","0052f6b0","","Global","FUN_003e9a30","003e9a30","0"
"","Global","FUN_0052f750","0052f750","","Global","FUN_003e9aa0","003e9aa0","0"
"","Global","FUN_0052f770","0052f770","","Global","FUN_003e9ac0","003e9ac0","0"
"","Global","FUN_0052f8e0","0052f8e0","","Global","FUN_003e9d80","003e9d80","0"
"","Global","FUN_0052f920","0052f920","","Global","FUN_003e9dc0","003e9dc0","0"
"","Global","FUN_0052f970","0052f970","","Global","FUN_003e9e10","003e9e10","0"
"","Global","FUN_0052fe30","0052fe30","","Global","FUN_003ea390","003ea390","0"
"","Global","FUN_0052fee0","0052fee0","","Global","FUN_003ea460","003ea460","0"
"","Global","FUN_0052ff20","0052ff20","","Global","FUN_003ea4a0","003ea4a0","0"
"","Global","FUN_00530030","00530030","","Global","FUN_003ea5b0","003ea5b0","0"
"","Global","FUN_005300a0","005300a0","","Global","FUN_003ea670","003ea670","0"
"","Global","FUN_005301e0","005301e0","","Global","FUN_003ea7b0","003ea7b0","0"
"","Global","FUN_00530220","00530220","","Global","FUN_003ea7f0","003ea7f0","0"
"","Global","FUN_00530260","00530260","","Global","FUN_003ea830","003ea830","0"
"","Global","FUN_00530290","00530290","","Global","FUN_003ea860","003ea860","0"
"","Global","FUN_005302e0","005302e0","","Global","FUN_003ea8b0","003ea8b0","0"
"","Global","FUN_00530300","00530300","","Global","FUN_003ea8d0","003ea8d0","0"
"","Global","FUN_00530390","00530390","","Global","FUN_003ea960","003ea960","0"
"","Global","FUN_005303e0","005303e0","","Global","FUN_003ea9b0","003ea9b0","0"
"","Global","FUN_00530430","00530430","","Global","FUN_003eaa00","003eaa00","0"
"","Global","FUN_00530460","00530460","","Global","FUN_003eaa30","003eaa30","0"
"","Global","FUN_005304b0","005304b0","","Global","FUN_003eaa80","003eaa80","0"
"","Global","FUN_00530500","00530500","","Global","FUN_003eaae0","003eaae0","0"
"","Global","FUN_00530520","00530520","","Global","FUN_003eab00","003eab00","0"
"","Global","FUN_00530860","00530860","","Global","FUN_003df110","003df110","0"
"","Global","FUN_00530880","00530880","","Global","FUN_003df130","003df130","0"
"","Global","FUN_005308a0","005308a0","","Global","FUN_003df150","003df150","0"
"","Global","FUN_005308d0","005308d0","","Global","FUN_003df180","003df180","0"
"","Global","FUN_00530920","00530920","","Global","FUN_003df1d0","003df1d0","0"
"","Global","FUN_00530a10","00530a10","","Global","FUN_003cfc40","003cfc40","0"
"","Global","FUN_00530ba0","00530ba0","","Global","FUN_003cfdd0","003cfdd0","0"
"","Global","FUN_00530c00","00530c00","","Global","FUN_003cfe30","003cfe30","0"
"","Global","FUN_00530c60","00530c60","","Global","FUN_003cfe90","003cfe90","0"
"","Global","FUN_00530d80","00530d80","","Global","FUN_003cffb0","003cffb0","0"
"","Global","FUN_00530e70","00530e70","","Global","FUN_003d00b0","003d00b0","0"
"","Global","FUN_00531050","00531050","","Global","FUN_003d0290","003d0290","0"
"","Global","FUN_005313f0","005313f0","","Global","FUN_003d0630","003d0630","0"
"","Global","FUN_00531910","00531910","","Global","FUN_003d0b50","003d0b50","0"
"","Global","FUN_00532320","00532320","","Global","FUN_003d1560","003d1560","0"
"","Global","FUN_00532570","00532570","","Global","FUN_003d1750","003d1750","0"
"","Global","FUN_005325c0","005325c0","","Global","FUN_003d17a0","003d17a0","0"
"","Global","FUN_00532a60","00532a60","","Global","FUN_003d1c40","003d1c40","0"
"","Global","FUN_00532f20","00532f20","","Global","FUN_003d20f0","003d20f0","0"
"","Global","FUN_00533aa0","00533aa0","","Global","FUN_003d2c70","003d2c70","0"
"","Global","FUN_00533c80","00533c80","","Global","FUN_003d2e50","003d2e50","0"
"","Global","FUN_00534110","00534110","","Global","FUN_003d32d0","003d32d0","0"
"","Global","FUN_00534250","00534250","","Global","FUN_003d3410","003d3410","0"
"","Global","FUN_00534390","00534390","","Global","FUN_003d3550","003d3550","0"
"","Global","FUN_00534470","00534470","","Global","FUN_003d3630","003d3630","0"
"","Global","FUN_00534af0","00534af0","","Global","FUN_003d3cb0","003d3cb0","0"
"","Global","FUN_00534b50","00534b50","","Global","FUN_003d3d10","003d3d10","0"
"","Global","FUN_00534fb0","00534fb0","","Global","FUN_003d4170","003d4170","0"
"","Global","FUN_00535690","00535690","","Global","FUN_003d4870","003d4870","0"
"","Global","FUN_00535710","00535710","","Global","FUN_003d48f0","003d48f0","0"
"","Global","FUN_00535820","00535820","","Global","FUN_003d4a00","003d4a00","0"
"","Global","FUN_005363f0","005363f0","","Global","FUN_003d55e0","003d55e0","0"
"","Global","FUN_005364a0","005364a0","","Global","FUN_003d5690","003d5690","0"
"","Global","FUN_005364d0","005364d0","","Global","FUN_003d56c0","003d56c0","0"
"","Global","FUN_00536570","00536570","","Global","FUN_003d5760","003d5760","0"
"","Global","FUN_005365c0","005365c0","","Global","FUN_003d57b0","003d57b0","0"
"","Global","FUN_00536840","00536840","","Global","FUN_003d5a30","003d5a30","0"
"","Global","FUN_00536a00","00536a00","","Global","FUN_003d5bf0","003d5bf0","0"
"","Global","FUN_00537190","00537190","","Global","FUN_003d6380","003d6380","0"
"","Global","FUN_00537400","00537400","","Global","FUN_003eee60","003eee60","0"
"","Global","FUN_00537440","00537440","","Global","FUN_003eeea0","003eeea0","0"
"","Global","FUN_005374f0","005374f0","","Global","FUN_003eef50","003eef50","0"
"","Global","FUN_00537780","00537780","","Global","FUN_003e4070","003e4070","0"
"","Global","FUN_005377e0","005377e0","","Global","FUN_003e40d0","003e40d0","0"
"","Global","FUN_00537960","00537960","","Global","FUN_003e4250","003e4250","0"
"","Global","FUN_00537b20","00537b20","","Global","FUN_003e4420","003e4420","0"
"","Global","FUN_00537ef0","00537ef0","","Global","FUN_003e47d0","003e47d0","0"
"","Global","FUN_00537f70","00537f70","","Global","FUN_003ead90","003ead90","0"
"","Global","FUN_00538010","00538010","","Global","FUN_003eae30","003eae30","0"
"","Global","FUN_00538080","00538080","","Global","FUN_003eaea0","003eaea0","0"
"","Global","FUN_00538230","00538230","","Global","FUN_003eb050","003eb050","0"
"","Global","FUN_005382a0","005382a0","","Global","FUN_003eb0c0","003eb0c0","0"
"","Global","FUN_00538350","00538350","","Global","FUN_003eb170","003eb170","0"
"","Global","FUN_00538570","00538570","","Global","FUN_003eb390","003eb390","0"
"","Global","FUN_00538590","00538590","","Global","FUN_003eb3b0","003eb3b0","0"
"","Global","FUN_00538a10","00538a10","","Global","FUN_003eb830","003eb830","0"
"","Global","FUN_00538cc0","00538cc0","","Global","FUN_003ebae0","003ebae0","0"
"","Global","FUN_00538d20","00538d20","","Global","FUN_003ebb40","003ebb40","0"
"","Global","FUN_00538f10","00538f10","","Global","FUN_003ebd20","003ebd20","0"
"","Global","FUN_00538f40","00538f40","","Global","FUN_003ebd50","003ebd50","0"
"","Global","FUN_00538fd0","00538fd0","","Global","FUN_003ebde0","003ebde0","0"
"","Global","FUN_00539040","00539040","","Global","FUN_003ebe50","003ebe50","0"
"","Global","FUN_00539480","00539480","","Global","FUN_003ec290","003ec290","0"
"","Global","FUN_005396a0","005396a0","","Global","FUN_003ec4b0","003ec4b0","0"
"","Global","FUN_00539720","00539720","","Global","FUN_003ec530","003ec530","0"
"","Global","FUN_005397f0","005397f0","","Global","FUN_003ec600","003ec600","0"
"","Global","FUN_00539930","00539930","","Global","FUN_003ec740","003ec740","0"
"","Global","FUN_00539950","00539950","","Global","FUN_003ec760","003ec760","0"
"","Global","FUN_005399c0","005399c0","","Global","FUN_003ec7d0","003ec7d0","0"
"","Global","FUN_005399f0","005399f0","","Global","FUN_003ec800","003ec800","0"
"","Global","FUN_0053a280","0053a280","","Global","FUN_003ed0a0","003ed0a0","0"
"","Global","FUN_0053a630","0053a630","","Global","FUN_003ed450","003ed450","0"
"","Global","FUN_0053a650","0053a650","","Global","FUN_003ed470","003ed470","0"
"","Global","FUN_0053a7e0","0053a7e0","","Global","FUN_003ed600","003ed600","0"
"","Global","FUN_0053a800","0053a800","","Global","FUN_003ed620","003ed620","0"
"","Global","FUN_0053a890","0053a890","","Global","FUN_003ed6b0","003ed6b0","0"
"","Global","FUN_0053aa60","0053aa60","","Global","FUN_003ed890","003ed890","0"
"","Global","FUN_0053ab80","0053ab80","","Global","FUN_003ed9b0","003ed9b0","0"
"","Global","FUN_0053acb0","0053acb0","","Global","FUN_003edae0","003edae0","0"
"","Global","FUN_0053ad60","0053ad60","","Global","FUN_003edb90","003edb90","0"
"","Global","FUN_0053adf0","0053adf0","","Global","FUN_003edc20","003edc20","0"
"","Global","FUN_0053ae60","0053ae60","","Global","FUN_003edc90","003edc90","0"
"","Global","FUN_0053aec0","0053aec0","","Global","FUN_003edcf0","003edcf0","0"
"","Global","FUN_0053aee0","0053aee0","","Global","FUN_003edd10","003edd10","0"
"","Global","FUN_0053b110","0053b110","","Global","FUN_003edf40","003edf40","0"
"","Global","FUN_0053b200","0053b200","","Global","FUN_003ee030","003ee030","0"
"","Global","FUN_0053b3e0","0053b3e0","","Global","FUN_003ee210","003ee210","0"
"","Global","FUN_0053b590","0053b590","","Global","FUN_003ee3c0","003ee3c0","0"
"","Global","FUN_0053b6b0","0053b6b0","","Global","FUN_003ee4e0","003ee4e0","0"
"","Global","FUN_0053bbc0","0053bbc0","","Global","FUN_003ee9f0","003ee9f0","0"
"","Global","FUN_0053c060","0053c060","","Global","FUN_003e32d0","003e32d0","0"
"","Global","FUN_0053c120","0053c120","","Global","FUN_003e3390","003e3390","0"
"","Global","FUN_0053c150","0053c150","","Global","FUN_003e33c0","003e33c0","0"
"","Global","FUN_0053c1d0","0053c1d0","","Global","FUN_003e3440","003e3440","0"
"","Global","FUN_0053c210","0053c210","","Global","FUN_003e3480","003e3480","0"
"","Global","FUN_0053c270","0053c270","","Global","FUN_003e34e0","003e34e0","0"
"","Global","FUN_0053c2c0","0053c2c0","","Global","FUN_003e3530","003e3530","0"
"","Global","FUN_0053c2e0","0053c2e0","","Global","FUN_003e3550","003e3550","0"
"","Global","FUN_0053c3f0","0053c3f0","","Global","FUN_003e3660","003e3660","0"
"","Global","FUN_0053c730","0053c730","","Global","FUN_003e39a0","003e39a0","0"
"","Global","FUN_0053c860","0053c860","","Global","FUN_003e3ad0","003e3ad0","0"
"","Global","FUN_0053ce10","0053ce10","","Global","FUN_003f37b0","003f37b0","0"
"","Global","FUN_0053ce80","0053ce80","","Global","FUN_003f3820","003f3820","0"
"","Global","FUN_0053cfa0","0053cfa0","","Global","FUN_003f3940","003f3940","0"
"","Global","FUN_0053d030","0053d030","","Global","FUN_003f39d0","003f39d0","0"
"","Global","FUN_0053d3d0","0053d3d0","","Global","FUN_003f3eb0","003f3eb0","0"
"","Global","FUN_0053d710","0053d710","","Global","FUN_003f43e0","003f43e0","0"
"","Global","FUN_0053d900","0053d900","","Global","FUN_003f4630","003f4630","0"
"","Global","FUN_0053e570","0053e570","","Global","FUN_003ef060","003ef060","0"
"","Global","FUN_0053f900","0053f900","","Global","FUN_003f03f0","003f03f0","0"
"","Global","FUN_0053fd60","0053fd60","","Global","FUN_003f0850","003f0850","0"
"","Global","FUN_0053feb0","0053feb0","","Global","FUN_003f09a0","003f09a0","0"
"","Global","FUN_005402c0","005402c0","","Global","FUN_003f0dd0","003f0dd0","0"
"","Global","FUN_00540580","00540580","","Global","FUN_003f10d0","003f10d0","0"
"","Global","FUN_00540f30","00540f30","","Global","FUN_003f1ab0","003f1ab0","0"
"","Global","FUN_00541460","00541460","","Global","FUN_003f1ff0","003f1ff0","0"
"","Global","FUN_005415e0","005415e0","","Global","FUN_003f2170","003f2170","0"
"","Global","FUN_00541860","00541860","","Global","FUN_003f23d0","003f23d0","0"
"","Global","FUN_00541980","00541980","","Global","FUN_003f24f0","003f24f0","0"
"","Global","FUN_00541a30","00541a30","","Global","FUN_003f25a0","003f25a0","0"
"","Global","FUN_00541ae0","00541ae0","","Global","FUN_003f2650","003f2650","0"
"","Global","FUN_00541b60","00541b60","","Global","FUN_003f26d0","003f26d0","0"
"","Global","FUN_00541c00","00541c00","","Global","FUN_003f2770","003f2770","0"
"","Global","FUN_00541df0","00541df0","","Global","FUN_003f2960","003f2960","0"
"","Global","FUN_00541e60","00541e60","","Global","FUN_003f29d0","003f29d0","0"
"","Global","FUN_00542030","00542030","","Global","FUN_003f2ba0","003f2ba0","0"
"","Global","FUN_00542060","00542060","","Global","FUN_003f2bd0","003f2bd0","0"
"","Global","FUN_00542110","00542110","","Global","FUN_003f2c80","003f2c80","0"
"","Global","FUN_00542140","00542140","","Global","FUN_003f2cb0","003f2cb0","0"
"","Global","FUN_00542260","00542260","","Global","FUN_003f2dd0","003f2dd0","0"
"","Global","FUN_00542320","00542320","","Global","FUN_003f2e90","003f2e90","0"
"","Global","FUN_00542520","00542520","","Global","FUN_003f30d0","003f30d0","0"
"","Global","FUN_005426e0","005426e0","","Global","FUN_00476fe0","00476fe0","0"
"","Global","FUN_005427f0","005427f0","","Global","FUN_004770f0","004770f0","0"
"","Global","FUN_00542830","00542830","","Global","FUN_00477130","00477130","0"
"","Global","FUN_005428a0","005428a0","","Global","FUN_004771a0","004771a0","0"
"","Global","FUN_005428b0","005428b0","","Global","FUN_004771b0","004771b0","0"
"","Global","FUN_00542950","00542950","","Global","FUN_00477250","00477250","0"
"","Global","FUN_00542a40","00542a40","","Global","FUN_00477340","00477340","0"
"","Global","FUN_00542a80","00542a80","","Global","FUN_00477380","00477380","0"
"","Global","FUN_00542b60","00542b60","","Global","FUN_00477460","00477460","0"
"","Global","FUN_00542d00","00542d00","","Global","FUN_00477600","00477600","0"
"","Global","FUN_00542d80","00542d80","","Global","FUN_00477680","00477680","0"
"","Global","FUN_00542dc0","00542dc0","","Global","FUN_004776c0","004776c0","0"
"","Global","FUN_00542f00","00542f00","","Global","FUN_00477800","00477800","0"
"","Global","FUN_00543020","00543020","","Global","FUN_00477920","00477920","0"
"","Global","FUN_00543050","00543050","","Global","FUN_00477950","00477950","0"
"","Global","FUN_005430f0","005430f0","","Global","FUN_004779f0","004779f0","0"
"","Global","FUN_00543130","00543130","","Global","FUN_00477a30","00477a30","0"
"","Global","FUN_005432e0","005432e0","","Global","FUN_00477be0","00477be0","0"
"","Global","FUN_00543380","00543380","","Global","FUN_00477c80","00477c80","0"
"","Global","FUN_00543450","00543450","","Global","FUN_00477d50","00477d50","0"
"","Global","FUN_00543480","00543480","","Global","FUN_00477d80","00477d80","0"
"","Global","FUN_005434c0","005434c0","","Global","FUN_00477dc0","00477dc0","0"
"","Global","FUN_00543580","00543580","","Global","FUN_00477e80","00477e80","0"
"","Global","FUN_005435a0","005435a0","","Global","FUN_00477ea0","00477ea0","0"
"","Global","FUN_00543680","00543680","","Global","FUN_00477f80","00477f80","0"
"","Global","FUN_005436f0","005436f0","","Global","FUN_00478000","00478000","0"
"","Global","FUN_005437c0","005437c0","","Global","FUN_004780d0","004780d0","0"
"","Global","FUN_00543810","00543810","","Global","FUN_00478120","00478120","0"
"","Global","FUN_00543830","00543830","","Global","FUN_00478140","00478140","0"
"","Global","FUN_005438b0","005438b0","","Global","FUN_004781c0","004781c0","0"
"","Global","FUN_005438e0","005438e0","","Global","FUN_004781f0","004781f0","0"
"","Global","FUN_00543940","00543940","","Global","FUN_00478250","00478250","0"
"","Global","FUN_005439a0","005439a0","","Global","FUN_004782b0","004782b0","0"
"","Global","FUN_005439d0","005439d0","","Global","FUN_004782e0","004782e0","0"
"","Global","FUN_005439f0","005439f0","","Global","FUN_00478300","00478300","0"
"","Global","FUN_00543a50","00543a50","","Global","FUN_00478360","00478360","0"
"","Global","FUN_00543b10","00543b10","","Global","FUN_00478420","00478420","0"
"","Global","FUN_00543c50","00543c50","","Global","FUN_00478560","00478560","0"
"","Global","FUN_00543cf0","00543cf0","","Global","FUN_00478600","00478600","0"
"","Global","FUN_00543d30","00543d30","","Global","FUN_00478640","00478640","0"
"","Global","FUN_00543e10","00543e10","","Global","FUN_00478720","00478720","0"
"","Global","FUN_00543e30","00543e30","","Global","FUN_00478740","00478740","0"
"","Global","FUN_00543f20","00543f20","","Global","FUN_00478830","00478830","0"
"","Global","FUN_00543f40","00543f40","","Global","FUN_00478850","00478850","0"
"","Global","FUN_00544080","00544080","","Global","FUN_00478980","00478980","0"
"","Global","FUN_00544160","00544160","","Global","FUN_00478a60","00478a60","0"
"","Global","FUN_00544190","00544190","","Global","FUN_00478a90","00478a90","0"
"","Global","FUN_005442a0","005442a0","","Global","FUN_00478ba0","00478ba0","0"
"","Global","FUN_00544440","00544440","","Global","FUN_00478d40","00478d40","0"
"","Global","FUN_00544540","00544540","","Global","FUN_00478e40","00478e40","0"
"","Global","FUN_00544580","00544580","","Global","FUN_00478e80","00478e80","0"
"","Global","FUN_005447a0","005447a0","","Global","FUN_004790a0","004790a0","0"
"","Global","FUN_00544800","00544800","","Global","FUN_00479100","00479100","0"
"","Global","FUN_005448e0","005448e0","","Global","FUN_004791e0","004791e0","0"
"","Global","FUN_00544930","00544930","","Global","FUN_00479230","00479230","0"
"","Global","FUN_005449b0","005449b0","","Global","FUN_004792b0","004792b0","0"
"","Global","FUN_005449e0","005449e0","","Global","FUN_004792e0","004792e0","0"
"","Global","FUN_00544a20","00544a20","","Global","FUN_00479320","00479320","0"
"","Global","FUN_00544a60","00544a60","","Global","FUN_00479360","00479360","0"
"","Global","FUN_00544a90","00544a90","","Global","FUN_00479390","00479390","0"
"","Global","FUN_00544af0","00544af0","","Global","FUN_004793f0","004793f0","0"
"","Global","FUN_00544b40","00544b40","","Global","FUN_00479440","00479440","0"
"","Global","FUN_00544ba0","00544ba0","","Global","FUN_004794a0","004794a0","0"
"","Global","FUN_00544c80","00544c80","","Global","FUN_00479580","00479580","0"
"","Global","FUN_00544d50","00544d50","","Global","FUN_00479650","00479650","0"
"","Global","FUN_00544f80","00544f80","","Global","FUN_00479880","00479880","0"
"","Global","FUN_00545120","00545120","","Global","FUN_00479a20","00479a20","0"
"","Global","FUN_00545270","00545270","","Global","FUN_00479b70","00479b70","0"
"","Global","FUN_005453d0","005453d0","","Global","FUN_00479cd0","00479cd0","0"
"","Global","FUN_005455d0","005455d0","","Global","FUN_00479ed0","00479ed0","0"
"","Global","FUN_005457b0","005457b0","","Global","FUN_0047a0b0","0047a0b0","0"
"","Global","FUN_00545920","00545920","","Global","FUN_0047a220","0047a220","0"
"","Global","FUN_005459a0","005459a0","","Global","FUN_0047a2a0","0047a2a0","0"
"","Global","FUN_00545a00","00545a00","","Global","FUN_0047a300","0047a300","0"
"","Global","FUN_00545b20","00545b20","","Global","FUN_0047a420","0047a420","0"
"","Global","FUN_00545b80","00545b80","","Global","FUN_0047a480","0047a480","0"
"","Global","FUN_00545c30","00545c30","","Global","FUN_0047a530","0047a530","0"
"","Global","FUN_00545ce0","00545ce0","","Global","FUN_0047a5e0","0047a5e0","0"
"","Global","FUN_00545d80","00545d80","","Global","FUN_0047a680","0047a680","0"
"","Global","FUN_00545de0","00545de0","","Global","FUN_0047a6e0","0047a6e0","0"
"","Global","FUN_00545f40","00545f40","","Global","FUN_0047a840","0047a840","0"
"","Global","FUN_00546060","00546060","","Global","FUN_0047a960","0047a960","0"
"","Global","FUN_00546100","00546100","","Global","FUN_0047aa00","0047aa00","0"
"","Global","FUN_00546230","00546230","","Global","FUN_0047ab30","0047ab30","0"
"","Global","FUN_005462d0","005462d0","","Global","FUN_0047abd0","0047abd0","0"
"","Global","FUN_00546340","00546340","","Global","FUN_0047ac40","0047ac40","0"
"","Global","FUN_005463b0","005463b0","","Global","FUN_0047acb0","0047acb0","0"
"","Global","FUN_00546440","00546440","","Global","FUN_0047ad40","0047ad40","0"
"","Global","FUN_00546560","00546560","","Global","FUN_0047ae60","0047ae60","0"
"","Global","FUN_00546590","00546590","","Global","FUN_0047ae90","0047ae90","0"
"","Global","FUN_00546660","00546660","","Global","FUN_0047af60","0047af60","0"
"","Global","FUN_00546740","00546740","","Global","FUN_0047b040","0047b040","0"
"","Global","FUN_00546790","00546790","","Global","FUN_0047b090","0047b090","0"
"","Global","FUN_005467c0","005467c0","","Global","FUN_0047b0c0","0047b0c0","0"
"","Global","FUN_005467f0","005467f0","","Global","FUN_0047b0f0","0047b0f0","0"
"","Global","FUN_00546840","00546840","","Global","FUN_0047b140","0047b140","0"
"","Global","FUN_005468f0","005468f0","","Global","FUN_0047b1f0","0047b1f0","0"
"","Global","FUN_00546950","00546950","","Global","FUN_0047b250","0047b250","0"
"","Global","FUN_00546a10","00546a10","","Global","FUN_0047b310","0047b310","0"
"","Global","FUN_00546b20","00546b20","","Global","FUN_0047b420","0047b420","0"
"","Global","FUN_00546d30","00546d30","","Global","FUN_0047b630","0047b630","0"
"","Global","FUN_00546d50","00546d50","","Global","FUN_0047b650","0047b650","0"
"","Global","FUN_00546ef0","00546ef0","","Global","FUN_0047b7f0","0047b7f0","0"
"","Global","FUN_00546f50","00546f50","","Global","FUN_0047b850","0047b850","0"
"","Global","FUN_00547140","00547140","","Global","FUN_0047ba40","0047ba40","0"
"","Global","FUN_005471d0","005471d0","","Global","FUN_0047bad0","0047bad0","0"
"","Global","FUN_00547590","00547590","","Global","FUN_0047be90","0047be90","0"
"","Global","FUN_00547630","00547630","","Global","FUN_0047bf30","0047bf30","0"
"","Global","FUN_00547690","00547690","","Global","FUN_0047bf90","0047bf90","0"
"","Global","FUN_00547750","00547750","","Global","FUN_0047c050","0047c050","0"
"","Global","FUN_00547820","00547820","","Global","FUN_0047c120","0047c120","0"
"","Global","FUN_00547890","00547890","","Global","FUN_0047c190","0047c190","0"
"","Global","FUN_005478e0","005478e0","","Global","FUN_0047c1e0","0047c1e0","0"
"","Global","FUN_00547ba0","00547ba0","","Global","FUN_0047c4a0","0047c4a0","0"
"","Global","FUN_00547c10","00547c10","","Global","FUN_0047c510","0047c510","0"
"","Global","FUN_00547cc0","00547cc0","","Global","FUN_0047c5c0","0047c5c0","0"
"","Global","FUN_00547ec0","00547ec0","","Global","FUN_0047c7c0","0047c7c0","0"
"","Global","FUN_00548130","00548130","","Global","FUN_0047ca30","0047ca30","0"
"","Global","FUN_005483d0","005483d0","","Global","FUN_0047ccd0","0047ccd0","0"
"","Global","FUN_00548590","00548590","","Global","FUN_0047ce90","0047ce90","0"
"","Global","FUN_005485b0","005485b0","","Global","FUN_0047ceb0","0047ceb0","0"
"","Global","FUN_005485f0","005485f0","","Global","FUN_0047cef0","0047cef0","0"
"","Global","FUN_00548680","00548680","","Global","FUN_0047cf80","0047cf80","0"
"","Global","FUN_005486a0","005486a0","","Global","FUN_0047cfa0","0047cfa0","0"
"","Global","FUN_00548720","00548720","","Global","FUN_0047d020","0047d020","0"
"","Global","FUN_00548750","00548750","","Global","FUN_0047d050","0047d050","0"
"","Global","FUN_00548820","00548820","","Global","FUN_0047d120","0047d120","0"
"","Global","FUN_005488a0","005488a0","","Global","FUN_0047d1a0","0047d1a0","0"
"","Global","FUN_00548900","00548900","","Global","FUN_0047d200","0047d200","0"
"","Global","FUN_00548970","00548970","","Global","FUN_0047d270","0047d270","0"
"","Global","FUN_00548990","00548990","","Global","FUN_0047d290","0047d290","0"
"","Global","FUN_005489d0","005489d0","","Global","FUN_0047d2d0","0047d2d0","0"
"","Global","FUN_00548a40","00548a40","","Global","FUN_0047d340","0047d340","0"
"","Global","FUN_00548a80","00548a80","","Global","FUN_0047d380","0047d380","0"
"","Global","FUN_00548a90","00548a90","","Global","FUN_0047d390","0047d390","0"
"","Global","FUN_00548b30","00548b30","","Global","FUN_0047d430","0047d430","0"
"","Global","FUN_00548b70","00548b70","","Global","FUN_0047d470","0047d470","0"
"","Global","FUN_00548b80","00548b80","","Global","FUN_0047d480","0047d480","0"
"","Global","FUN_00548bc0","00548bc0","","Global","FUN_0047d4c0","0047d4c0","0"
"","Global","FUN_00548c10","00548c10","","Global","FUN_0047d510","0047d510","0"
"","Global","FUN_00548c30","00548c30","","Global","FUN_0047d530","0047d530","0"
"","Global","FUN_00548c40","00548c40","","Global","FUN_0047d540","0047d540","0"
"","Global","FUN_00548c60","00548c60","","Global","FUN_0047d560","0047d560","0"
"","Global","__onexit","00549162","","Global","__onexit","0047d7b2","0"
"","Global","_atexit","00549207","","Global","_atexit","0047d857","0"
"2","Global","__security_check_cookie","0054923a","2","Global","__security_check_cookie","0047d890","0"
"3","Global","FID_conflict:`vector_deleting_destructor'","0054926c","3","Global","FID_conflict:`vector_deleting_destructor'","0047d8c2","0"
"","Global","entry","005493c1","","Global","entry","0047da17","0"
"2","Global","__alloca_probe","00549620","2","Global","__alloca_probe","0047dfa0","0"
"2","Global","`eh_vector_constructor_iterator'","0054966a","2","Global","`eh_vector_constructor_iterator'","0047e1df","0"
"2","Global","`eh_vector_destructor_iterator'","005496d2","2","Global","`eh_vector_destructor_iterator'","0047e07b","0"
"","Global","FUN_00549741","00549741","","Global","FUN_0047e0ea","0047e0ea","0"
"2","Global","__ArrayUnwind","0054975a","2","Global","__ArrayUnwind","0047e103","0"
"","Global","FUN_005497e0","005497e0","","Global","FUN_0047dfd0","0047dfd0","0"
"","Global","FUN_00549816","00549816","","Global","FUN_0047e006","0047e006","0"
"","Global","__allshl","00549910","","Global","__allshl","0047e410","0"
"","Global","FUN_00549960","00549960","","Global","FUN_0078b0f4","0078b0f4","0"
"","Global","Catch_All@0054997b","0054997b","","Global","Catch_All@0078b10f","0078b10f","0"
"","Global","___raise_securityfailure","005499cc","","Global","___raise_securityfailure","0047dc2a","0"
"","Global","___report_gsfailure","00549a09","","Global","___report_gsfailure","0047dc67","0"
"","Global","___report_rangecheckfailure","00549b02","","Global","___report_rangecheckfailure","0047dd60","0"
"","Global","___report_securityfailure","00549b0e","","Global","___report_securityfailure","0047dd6c","0"
"","Global","___report_securityfailureEx","00549bdc","","Global","___report_securityfailureEx","0047de3a","0"
"","Global","__aullshr","00549d00","","Global","__aullshr","0047e1c0","0"
"","Global","__aullrem","00549db0","","Global","__aullrem","0047e320","0"
"","Global","__aulldiv","00549e30","","Global","__aulldiv","0047e3a0","0"
"","Global","__alldiv","00549ea0","","Global","__alldiv","0047e440","0"
"","Global","__allmul","00549f80","","Global","__allmul","0047e4f0","0"
"","Global","__SEH_prolog4","00549ff0","","Global","__SEH_prolog4","0047e5e0","0"
"","Global","__FindPESection","0054a0d0","","Global","__FindPESection","0047e6c0","0"
"","Global","__IsNonwritableInCurrentImage","0054a120","","Global","__IsNonwritableInCurrentImage","0047e710","0"
"","Global","__ValidateImageBase","0054a1e0","","Global","__ValidateImageBase","0047e7d0","0"
"","Global","___security_init_cookie","0054a224","","Global","___security_init_cookie","0047e814","0"
"","Global","FUN_0054a2e8","0054a2e8","","Global","FUN_0047e8d8","0047e8d8","0"
"","Global","__EH_prolog3_catch","0054a548","","Global","__EH_prolog3_catch","0078b36b","0"
"2","std::_Fac_node","~_Fac_node","0054a62c","2","std::_Fac_node","~_Fac_node","006ad752","0"
"","Global","FUN_0054a641","0054a641","","Global","FUN_006ad767","006ad767","0"
"","Global","Facet_Register","0054a684","","Global","Facet_Register","006ad7aa","0"
"","Global","FUN_0054a950","0054a950","","Global","FUN_006bf420","006bf420","0"
"","Global","FUN_0054a9f0","0054a9f0","","Global","FUN_006bf4c0","006bf4c0","0"
"","Global","FUN_0054aa10","0054aa10","","Global","FUN_006bf4e0","006bf4e0","0"
"","Global","FUN_0054aa60","0054aa60","","Global","FUN_006bf530","006bf530","0"
"","Global","FUN_0054aad0","0054aad0","","Global","FUN_006bf5a0","006bf5a0","0"
"","Global","FUN_0054ab00","0054ab00","","Global","FUN_006bf5d0","006bf5d0","0"
"","Global","FUN_0054ab80","0054ab80","","Global","FUN_006bf650","006bf650","0"
"","Global","FUN_0054aba0","0054aba0","","Global","FUN_006bf670","006bf670","0"
"","Global","FUN_0054ac00","0054ac00","","Global","FUN_006bf6d0","006bf6d0","0"
"","Global","FUN_0054ac70","0054ac70","","Global","FUN_006bf740","006bf740","0"
"","Global","FUN_0054ad00","0054ad00","","Global","FUN_006bf7d0","006bf7d0","0"
"","Global","FUN_0054ad60","0054ad60","","Global","FUN_006bf830","006bf830","0"
"","Global","FUN_0054adc0","0054adc0","","Global","FUN_006bf890","006bf890","0"
"","Global","FUN_0054ae10","0054ae10","","Global","FUN_006bf8e0","006bf8e0","0"
"","Global","FUN_0054ae40","0054ae40","","Global","FUN_006bf910","006bf910","0"
"","Global","FUN_0054ae50","0054ae50","","Global","FUN_006bf920","006bf920","0"
"","Global","FUN_0054afd0","0054afd0","","Global","FUN_006bfaa0","006bfaa0","0"
"","Global","FUN_0054b030","0054b030","","Global","FUN_006bfb00","006bfb00","0"
"","Global","FUN_0054b080","0054b080","","Global","FUN_006bfb50","006bfb50","0"
"","Global","FUN_0054b0d0","0054b0d0","","Global","FUN_006bfba0","006bfba0","0"
"","Global","FUN_0054b130","0054b130","","Global","FUN_006bfc00","006bfc00","0"
"","Global","FUN_0054b160","0054b160","","Global","FUN_006bfc30","006bfc30","0"
"","Global","FUN_0054b180","0054b180","","Global","FUN_006bfc50","006bfc50","0"
"","Global","FUN_0054b210","0054b210","","Global","FUN_006bfce0","006bfce0","0"
"","Global","FUN_0054b250","0054b250","","Global","FUN_006bfd20","006bfd20","0"
"","Global","FUN_0054b2d0","0054b2d0","","Global","FUN_006bfda0","006bfda0","0"
"","Global","FUN_0054b310","0054b310","","Global","FUN_006bfde0","006bfde0","0"
"","Global","FUN_0054b380","0054b380","","Global","FUN_006bfe50","006bfe50","0"
"","Global","FUN_0054b3b0","0054b3b0","","Global","FUN_006bfe80","006bfe80","0"
"","Global","FUN_0054b450","0054b450","","Global","FUN_006bff20","006bff20","0"
"","Global","FUN_0054b490","0054b490","","Global","FUN_006bff60","006bff60","0"
"","Global","FUN_0054b5a0","0054b5a0","","Global","FUN_006c0070","006c0070","0"
"","Global","FUN_0054b5c0","0054b5c0","","Global","FUN_006c0090","006c0090","0"
"","Global","FUN_0054b660","0054b660","","Global","FUN_006c0130","006c0130","0"
"","Global","FUN_0054b690","0054b690","","Global","FUN_006c0160","006c0160","0"
"","Global","FUN_0054b6c0","0054b6c0","","Global","FUN_006c0190","006c0190","0"
"","Global","FUN_0054b6e0","0054b6e0","","Global","FUN_006c01b0","006c01b0","0"
"","Global","FUN_0054b730","0054b730","","Global","FUN_006c0200","006c0200","0"
"","Global","FUN_0054b750","0054b750","","Global","FUN_006c0220","006c0220","0"
"","Global","FUN_0054b770","0054b770","","Global","FUN_006c0240","006c0240","0"
"","Global","FUN_0054b7d0","0054b7d0","","Global","FUN_006c02a0","006c02a0","0"
"","Global","FUN_0054b800","0054b800","","Global","FUN_006c02d0","006c02d0","0"
"","Global","FUN_0054b850","0054b850","","Global","FUN_006c0320","006c0320","0"
"","Global","FUN_0054b880","0054b880","","Global","FUN_006c0350","006c0350","0"
"","Global","FUN_0054b8b0","0054b8b0","","Global","FUN_006c0380","006c0380","0"
"","Global","FUN_0054b910","0054b910","","Global","FUN_006c03e0","006c03e0","0"
"","Global","FUN_0054b950","0054b950","","Global","FUN_006c0420","006c0420","0"
"","Global","FUN_0054b990","0054b990","","Global","FUN_006c0460","006c0460","0"
"","Global","FUN_0054b9e0","0054b9e0","","Global","FUN_006c04b0","006c04b0","0"
"","Global","FUN_0054ba30","0054ba30","","Global","FUN_006c0500","006c0500","0"
"","Global","FUN_0054baa0","0054baa0","","Global","FUN_006c0570","006c0570","0"
"","Global","FUN_0054bb00","0054bb00","","Global","FUN_006c05d0","006c05d0","0"
"","Global","FUN_0054bb70","0054bb70","","Global","FUN_006c0640","006c0640","0"
"","Global","FUN_0054bc10","0054bc10","","Global","FUN_006c06e0","006c06e0","0"
"","Global","FUN_0054bc30","0054bc30","","Global","FUN_006c0700","006c0700","0"
"","Global","FUN_0054bc80","0054bc80","","Global","FUN_006c0750","006c0750","0"
"","Global","FUN_0054bce0","0054bce0","","Global","FUN_006c07b0","006c07b0","0"
"","Global","FUN_0054bd90","0054bd90","","Global","FUN_006c0860","006c0860","0"
"","Global","FUN_0054bdc0","0054bdc0","","Global","FUN_006c0890","006c0890","0"
"","Global","FUN_0054be10","0054be10","","Global","FUN_006c08e0","006c08e0","0"
"","Global","FUN_0054be90","0054be90","","Global","FUN_006c0960","006c0960","0"
"","Global","FUN_0054bf00","0054bf00","","Global","FUN_006c09d0","006c09d0","0"
"","Global","FUN_0054bf30","0054bf30","","Global","FUN_006c0a00","006c0a00","0"
"","Global","FUN_0054c040","0054c040","","Global","FUN_006c0b10","006c0b10","0"
"","Global","FUN_0054c0a0","0054c0a0","","Global","FUN_006c0b70","006c0b70","0"
"","Global","FUN_0054c130","0054c130","","Global","FUN_006c0c00","006c0c00","0"
"","Global","FUN_0054c1b0","0054c1b0","","Global","FUN_006c0c80","006c0c80","0"
"","Global","FUN_0054c1e0","0054c1e0","","Global","FUN_006c0cb0","006c0cb0","0"
"","Global","FUN_0054c220","0054c220","","Global","FUN_006c0cf0","006c0cf0","0"
"","Global","FUN_0054c270","0054c270","","Global","FUN_006c0d40","006c0d40","0"
"","Global","FUN_0054c2c0","0054c2c0","","Global","FUN_006c0d90","006c0d90","0"
"","Global","FUN_0054c2e0","0054c2e0","","Global","FUN_006c0db0","006c0db0","0"
"","Global","FUN_0054c330","0054c330","","Global","FUN_006c0e00","006c0e00","0"
"","Global","FUN_0054c390","0054c390","","Global","FUN_006c0e60","006c0e60","0"
"","Global","FUN_0054c430","0054c430","","Global","FUN_006c0f00","006c0f00","0"
"","Global","FUN_0054c480","0054c480","","Global","FUN_006c0f50","006c0f50","0"
"","Global","FUN_0054c560","0054c560","","Global","FUN_006c1030","006c1030","0"
"","Global","FUN_0054c5c0","0054c5c0","","Global","FUN_006c1090","006c1090","0"
"","Global","FUN_0054c5f0","0054c5f0","","Global","FUN_006c10c0","006c10c0","0"
"","Global","FUN_0054c620","0054c620","","Global","FUN_006c10f0","006c10f0","0"
"","Global","FUN_0054c650","0054c650","","Global","FUN_006c1120","006c1120","0"
"","Global","FUN_0054c690","0054c690","","Global","FUN_006c1160","006c1160","0"
"","Global","FUN_0054c810","0054c810","","Global","FUN_006c12e0","006c12e0","0"
"","Global","FUN_0054c840","0054c840","","Global","FUN_006c1310","006c1310","0"
"","Global","FUN_0054c870","0054c870","","Global","FUN_006c1340","006c1340","0"
"","Global","FUN_0054c8f0","0054c8f0","","Global","FUN_006c13c0","006c13c0","0"
"","Global","FUN_0054c980","0054c980","","Global","FUN_006c1450","006c1450","0"
"","Global","FUN_0054c9e0","0054c9e0","","Global","FUN_006c14b0","006c14b0","0"
"","Global","FUN_0054ca40","0054ca40","","Global","FUN_006c1510","006c1510","0"
"","Global","FUN_0054cb30","0054cb30","","Global","FUN_006c1600","006c1600","0"
"","Global","FUN_0054cb90","0054cb90","","Global","FUN_006c1660","006c1660","0"
"","Global","FUN_0054cd50","0054cd50","","Global","FUN_006c1820","006c1820","0"
"","Global","FUN_0054cd80","0054cd80","","Global","FUN_006c1850","006c1850","0"
"","Global","FUN_0054ce00","0054ce00","","Global","FUN_006c18d0","006c18d0","0"
"","Global","FUN_0054ce90","0054ce90","","Global","FUN_006c1960","006c1960","0"
"","Global","FUN_0054cef0","0054cef0","","Global","FUN_006c19c0","006c19c0","0"
"","Global","FUN_0054d280","0054d280","","Global","FUN_006c1d50","006c1d50","0"
"","Global","FUN_0054d2b0","0054d2b0","","Global","FUN_006c1d80","006c1d80","0"
"","Global","FUN_0054d510","0054d510","","Global","FUN_006c1fe0","006c1fe0","0"
"","Global","FUN_0054d550","0054d550","","Global","FUN_006c2020","006c2020","0"
"","Global","FUN_0054d610","0054d610","","Global","FUN_006c20e0","006c20e0","0"
"","Global","FUN_0054d670","0054d670","","Global","FUN_006c2140","006c2140","0"
"","Global","FUN_0054d760","0054d760","","Global","FUN_006c2230","006c2230","0"
"","Global","FUN_0054d790","0054d790","","Global","FUN_006c2260","006c2260","0"
"","Global","FUN_0054d7d0","0054d7d0","","Global","FUN_006c22a0","006c22a0","0"
"","Global","FUN_0054d870","0054d870","","Global","FUN_006c2340","006c2340","0"
"","Global","FUN_0054d9e0","0054d9e0","","Global","FUN_006c24b0","006c24b0","0"
"","Global","FUN_0054da10","0054da10","","Global","FUN_006c24e0","006c24e0","0"
"","Global","FUN_0054da80","0054da80","","Global","FUN_006c2550","006c2550","0"
"","Global","FUN_0054db70","0054db70","","Global","FUN_006c2640","006c2640","0"
"","Global","FUN_0054dcd0","0054dcd0","","Global","FUN_006c27a0","006c27a0","0"
"","Global","FUN_0054dd20","0054dd20","","Global","FUN_006c27f0","006c27f0","0"
"","Global","FUN_0054ddb0","0054ddb0","","Global","FUN_006c2880","006c2880","0"
"","Global","FUN_0054ddf0","0054ddf0","","Global","FUN_006c28c0","006c28c0","0"
"","Global","FUN_0054de90","0054de90","","Global","FUN_006c2960","006c2960","0"
"","Global","FUN_0054df00","0054df00","","Global","FUN_006c29d0","006c29d0","0"
"","Global","FUN_0054df60","0054df60","","Global","FUN_006c2a30","006c2a30","0"
"","Global","FUN_0054dfb0","0054dfb0","","Global","FUN_006c2a80","006c2a80","0"
"","Global","FUN_0054e040","0054e040","","Global","FUN_006c2b10","006c2b10","0"
"","Global","FUN_0054e160","0054e160","","Global","FUN_006c2c30","006c2c30","0"
"","Global","FUN_0054e2d0","0054e2d0","","Global","FUN_006c2da0","006c2da0","0"
"","Global","FUN_0054e410","0054e410","","Global","FUN_006c2ee0","006c2ee0","0"
"","Global","FUN_0054e460","0054e460","","Global","FUN_006c2f30","006c2f30","0"
"","Global","FUN_0054e4f0","0054e4f0","","Global","FUN_006c2fc0","006c2fc0","0"
"","Global","FUN_0054e5d0","0054e5d0","","Global","FUN_006c30a0","006c30a0","0"
"","Global","FUN_0054e620","0054e620","","Global","FUN_006c30f0","006c30f0","0"
"","Global","FUN_0054e640","0054e640","","Global","FUN_006c3110","006c3110","0"
"","Global","FUN_0054e690","0054e690","","Global","FUN_006c3160","006c3160","0"
"","Global","FUN_0054e790","0054e790","","Global","FUN_006c3260","006c3260","0"
"","Global","FUN_0054e810","0054e810","","Global","FUN_006c32e0","006c32e0","0"
"","Global","FUN_0054ea90","0054ea90","","Global","FUN_006c3560","006c3560","0"
"","Global","FUN_0054ead0","0054ead0","","Global","FUN_006c35a0","006c35a0","0"
"","Global","FUN_0054eb10","0054eb10","","Global","FUN_006c35e0","006c35e0","0"
"","Global","FUN_0054eb30","0054eb30","","Global","FUN_006c3600","006c3600","0"
"","Global","FUN_0054eb80","0054eb80","","Global","FUN_006c3650","006c3650","0"
"","Global","FUN_0054ebd0","0054ebd0","","Global","FUN_006c36a0","006c36a0","0"
"","Global","FUN_0054ec80","0054ec80","","Global","FUN_006c3750","006c3750","0"
"","Global","FUN_0054ece0","0054ece0","","Global","FUN_006c37b0","006c37b0","0"
"","Global","FUN_0054ed40","0054ed40","","Global","FUN_006c3810","006c3810","0"
"","Global","FUN_0054edd0","0054edd0","","Global","FUN_006c38a0","006c38a0","0"
"","Global","FUN_0054eed0","0054eed0","","Global","FUN_006c39a0","006c39a0","0"
"","Global","FUN_0054ef20","0054ef20","","Global","FUN_006c39f0","006c39f0","0"
"","Global","FUN_0054f0e0","0054f0e0","","Global","FUN_006c3bb0","006c3bb0","0"
"","Global","FUN_0054f110","0054f110","","Global","FUN_006c3be0","006c3be0","0"
"","Global","FUN_0054f240","0054f240","","Global","FUN_006c3d10","006c3d10","0"
"","Global","FUN_0054f380","0054f380","","Global","FUN_006c3e50","006c3e50","0"
"","Global","FUN_0054f3f0","0054f3f0","","Global","FUN_006c3ec0","006c3ec0","0"
"","Global","FUN_0054f4d0","0054f4d0","","Global","FUN_006c3fa0","006c3fa0","0"
"","Global","FUN_0054f4f0","0054f4f0","","Global","FUN_006c3fc0","006c3fc0","0"
"","Global","FUN_0054f5e0","0054f5e0","","Global","FUN_006c40b0","006c40b0","0"
"","Global","FUN_0054f710","0054f710","","Global","FUN_006c41e0","006c41e0","0"
"","Global","FUN_0054f750","0054f750","","Global","FUN_006c4220","006c4220","0"
"","Global","FUN_0054f770","0054f770","","Global","FUN_006c4240","006c4240","0"
"","Global","FUN_0054f7d0","0054f7d0","","Global","FUN_006c42a0","006c42a0","0"
"","Global","FUN_0054f820","0054f820","","Global","FUN_006c42f0","006c42f0","0"
"","Global","FUN_0054f970","0054f970","","Global","FUN_006c4440","006c4440","0"
"","Global","FUN_0054fa60","0054fa60","","Global","FUN_006c4530","006c4530","0"
"","Global","FUN_0054faa0","0054faa0","","Global","FUN_006c4570","006c4570","0"
"","Global","FUN_0054fbc0","0054fbc0","","Global","FUN_006c4690","006c4690","0"
"","Global","FUN_0054fd30","0054fd30","","Global","FUN_006c4800","006c4800","0"
"","Global","FUN_0054fea0","0054fea0","","Global","FUN_006c4970","006c4970","0"
"","Global","FUN_00550100","00550100","","Global","FUN_006c4bd0","006c4bd0","0"
"","Global","FUN_00550170","00550170","","Global","FUN_006c4c40","006c4c40","0"
"","Global","FUN_00550220","00550220","","Global","FUN_006c4cf0","006c4cf0","0"
"","Global","FUN_00550310","00550310","","Global","FUN_006c4de0","006c4de0","0"
"","Global","FUN_00550400","00550400","","Global","FUN_006c4ed0","006c4ed0","0"
"","Global","FUN_00550440","00550440","","Global","FUN_006c4f10","006c4f10","0"
"","Global","FUN_005504d0","005504d0","","Global","FUN_006c4fa0","006c4fa0","0"
"","Global","FUN_00550520","00550520","","Global","FUN_006c4ff0","006c4ff0","0"
"","Global","FUN_00550560","00550560","","Global","FUN_006c5030","006c5030","0"
"","Global","FUN_005505d0","005505d0","","Global","FUN_006c50a0","006c50a0","0"
"","Global","FUN_00550600","00550600","","Global","FUN_006c50d0","006c50d0","0"
"","Global","FUN_00550640","00550640","","Global","FUN_006c5110","006c5110","0"
"","Global","FUN_00550690","00550690","","Global","FUN_006c5160","006c5160","0"
"","Global","FUN_005506b0","005506b0","","Global","FUN_006c5180","006c5180","0"
"","Global","FUN_005506d0","005506d0","","Global","FUN_006c51a0","006c51a0","0"
"","Global","FUN_00550880","00550880","","Global","FUN_006c5350","006c5350","0"
"","Global","FUN_00550940","00550940","","Global","FUN_006c5410","006c5410","0"
"","Global","FUN_005509a0","005509a0","","Global","FUN_006c5470","006c5470","0"
"","Global","FUN_00550a00","00550a00","","Global","FUN_006c54d0","006c54d0","0"
"","Global","FUN_00550aa0","00550aa0","","Global","FUN_006c5570","006c5570","0"
"","Global","FUN_00550b20","00550b20","","Global","FUN_006c55f0","006c55f0","0"
"","Global","FUN_00550b60","00550b60","","Global","FUN_006c5630","006c5630","0"
"","Global","FUN_00550bb0","00550bb0","","Global","FUN_006c5680","006c5680","0"
"","Global","FUN_00550bd0","00550bd0","","Global","FUN_006c56a0","006c56a0","0"
"","Global","FUN_00550c80","00550c80","","Global","FUN_006c5750","006c5750","0"
"","Global","FUN_00550ca0","00550ca0","","Global","FUN_006c5770","006c5770","0"
"","Global","FUN_00550d90","00550d90","","Global","FUN_006c5860","006c5860","0"
"","Global","FUN_00550e30","00550e30","","Global","FUN_006c5900","006c5900","0"
"","Global","FUN_00550e60","00550e60","","Global","FUN_006c5930","006c5930","0"
"","Global","FUN_00550f10","00550f10","","Global","FUN_006c59e0","006c59e0","0"
"","Global","FUN_00551340","00551340","","Global","FUN_006c5e10","006c5e10","0"
"","Global","FUN_005514c0","005514c0","","Global","FUN_006c5f90","006c5f90","0"
"","Global","FUN_00551d80","00551d80","","Global","FUN_006c6850","006c6850","0"
"","Global","FUN_00551dd0","00551dd0","","Global","FUN_006c68a0","006c68a0","0"
"","Global","FUN_005520b0","005520b0","","Global","FUN_006c6b80","006c6b80","0"
"","Global","FUN_005521d0","005521d0","","Global","FUN_006c6ca0","006c6ca0","0"
"","Global","FUN_00552290","00552290","","Global","FUN_006c6d60","006c6d60","0"
"","Global","FUN_00552660","00552660","","Global","FUN_006c7130","006c7130","0"
"","Global","FUN_00552820","00552820","","Global","FUN_006c72f0","006c72f0","0"
"","Global","FUN_005529f0","005529f0","","Global","FUN_006c74c0","006c74c0","0"
"","Global","FUN_00552a90","00552a90","","Global","FUN_006c7560","006c7560","0"
"","Global","FUN_00552b20","00552b20","","Global","FUN_006c75f0","006c75f0","0"
"","Global","FUN_00552b80","00552b80","","Global","FUN_006c7650","006c7650","0"
"","Global","FUN_00552dd0","00552dd0","","Global","FUN_006c78a0","006c78a0","0"
"","Global","FUN_005530e0","005530e0","","Global","FUN_006c7bb0","006c7bb0","0"
"","Global","FUN_00553130","00553130","","Global","FUN_006c7c00","006c7c00","0"
"","Global","FUN_00553190","00553190","","Global","FUN_006c7c60","006c7c60","0"
"","Global","FUN_005531e0","005531e0","","Global","FUN_006c7cb0","006c7cb0","0"
"","Global","FUN_00553230","00553230","","Global","FUN_006c7d00","006c7d00","0"
"","Global","FUN_00553260","00553260","","Global","FUN_006c7d30","006c7d30","0"
"","Global","FUN_005532d0","005532d0","","Global","FUN_006c7da0","006c7da0","0"
"","Global","FUN_00553340","00553340","","Global","FUN_006c7e10","006c7e10","0"
"","Global","FUN_005533c0","005533c0","","Global","FUN_006c7e90","006c7e90","0"
"","Global","FUN_00553400","00553400","","Global","FUN_006c7ed0","006c7ed0","0"
"","Global","FUN_00553440","00553440","","Global","FUN_006c7f10","006c7f10","0"
"","Global","FUN_00553490","00553490","","Global","FUN_006c7f60","006c7f60","0"
"","Global","FUN_005534f0","005534f0","","Global","FUN_006c7fc0","006c7fc0","0"
"","Global","FUN_00553530","00553530","","Global","FUN_006c8000","006c8000","0"
"","Global","FUN_00553560","00553560","","Global","FUN_006c8030","006c8030","0"
"","Global","FUN_00553670","00553670","","Global","FUN_006c8140","006c8140","0"
"","Global","FUN_005539a0","005539a0","","Global","FUN_006c8470","006c8470","0"
"","Global","FUN_005539e0","005539e0","","Global","FUN_006c84b0","006c84b0","0"
"","Global","FUN_00553aa0","00553aa0","","Global","FUN_006c8570","006c8570","0"
"","Global","FUN_00553b00","00553b00","","Global","FUN_006c85d0","006c85d0","0"
"","Global","FUN_00553b50","00553b50","","Global","FUN_006c8620","006c8620","0"
"","Global","FUN_00553bb0","00553bb0","","Global","FUN_006c8680","006c8680","0"
"","Global","FUN_00553ca0","00553ca0","","Global","FUN_006c8770","006c8770","0"
"","Global","FUN_00553cf0","00553cf0","","Global","FUN_006c87c0","006c87c0","0"
"","Global","FUN_00553d40","00553d40","","Global","FUN_006c8810","006c8810","0"
"","Global","FUN_00553d90","00553d90","","Global","FUN_006c8860","006c8860","0"
"","Global","FUN_00554050","00554050","","Global","FUN_006c8b20","006c8b20","0"
"","Global","FUN_00554080","00554080","","Global","FUN_006c8b50","006c8b50","0"
"","Global","FUN_005540f0","005540f0","","Global","FUN_006c8bc0","006c8bc0","0"
"","Global","FUN_00554280","00554280","","Global","FUN_006c8d50","006c8d50","0"
"","Global","FUN_00554430","00554430","","Global","FUN_006c8f00","006c8f00","0"
"","Global","FUN_00554490","00554490","","Global","FUN_006c8f60","006c8f60","0"
"","Global","FUN_00554560","00554560","","Global","FUN_006c9040","006c9040","0"
"","Global","FUN_005545a0","005545a0","","Global","FUN_006c9080","006c9080","0"
"","Global","FUN_005545f0","005545f0","","Global","FUN_006c90d0","006c90d0","0"
"","Global","FUN_00554630","00554630","","Global","FUN_006c9110","006c9110","0"
"","Global","FUN_00554670","00554670","","Global","FUN_006c9150","006c9150","0"
"","Global","FUN_00554730","00554730","","Global","FUN_006c9210","006c9210","0"
"","Global","FUN_00554760","00554760","","Global","FUN_006c9240","006c9240","0"
"","Global","FUN_005547b0","005547b0","","Global","FUN_006c9290","006c9290","0"
"","Global","FUN_00554820","00554820","","Global","FUN_006c9300","006c9300","0"
"","Global","FUN_00554890","00554890","","Global","FUN_006c9370","006c9370","0"
"","Global","FUN_00554920","00554920","","Global","FUN_006c9400","006c9400","0"
"","Global","FUN_00554a00","00554a00","","Global","FUN_006c94e0","006c94e0","0"
"","Global","FUN_00554ab0","00554ab0","","Global","FUN_006c9590","006c9590","0"
"","Global","FUN_00554b40","00554b40","","Global","FUN_006c9620","006c9620","0"
"","Global","FUN_00554be0","00554be0","","Global","FUN_006c96c0","006c96c0","0"
"","Global","FUN_00554ca0","00554ca0","","Global","FUN_006c9780","006c9780","0"
"","Global","FUN_00554cd0","00554cd0","","Global","FUN_006c97b0","006c97b0","0"
"","Global","FUN_00554cf0","00554cf0","","Global","FUN_006c97d0","006c97d0","0"
"","Global","FUN_00554de0","00554de0","","Global","FUN_006c98c0","006c98c0","0"
"","Global","FUN_00554e30","00554e30","","Global","FUN_006c9910","006c9910","0"
"","Global","FUN_00554e60","00554e60","","Global","FUN_006c9940","006c9940","0"
"","Global","FUN_00554ec0","00554ec0","","Global","FUN_006c99a0","006c99a0","0"
"","Global","FUN_00554f50","00554f50","","Global","FUN_006c9a30","006c9a30","0"
"","Global","FUN_00555070","00555070","","Global","FUN_006c9b50","006c9b50","0"
"","Global","FUN_00555260","00555260","","Global","FUN_006c9d40","006c9d40","0"
"","Global","FUN_00555390","00555390","","Global","FUN_006c9e70","006c9e70","0"
"","Global","FUN_00555890","00555890","","Global","FUN_006ca370","006ca370","0"
"","Global","FUN_005558b0","005558b0","","Global","FUN_006ca390","006ca390","0"
"","Global","FUN_00555930","00555930","","Global","FUN_006ca410","006ca410","0"
"","Global","FUN_00555960","00555960","","Global","FUN_006ca440","006ca440","0"
"","Global","FUN_00555a80","00555a80","","Global","FUN_006ca560","006ca560","0"
"","Global","FUN_00555ab0","00555ab0","","Global","FUN_006ca590","006ca590","0"
"","Global","FUN_00555bd0","00555bd0","","Global","FUN_006ca6b0","006ca6b0","0"
"","Global","FUN_00555bf0","00555bf0","","Global","FUN_006ca6d0","006ca6d0","0"
"","Global","FUN_00555c10","00555c10","","Global","FUN_006ca6f0","006ca6f0","0"
"","Global","FUN_00555c40","00555c40","","Global","FUN_006ca720","006ca720","0"
"","Global","FUN_00555c60","00555c60","","Global","FUN_006ca740","006ca740","0"
"","Global","FUN_00555f20","00555f20","","Global","FUN_006caa00","006caa00","0"
"","Global","FUN_00556110","00556110","","Global","FUN_006cabf0","006cabf0","0"
"","Global","FUN_00556160","00556160","","Global","FUN_006cac40","006cac40","0"
"","Global","FUN_005561e0","005561e0","","Global","FUN_006cacc0","006cacc0","0"
"","Global","FUN_00556220","00556220","","Global","FUN_006cad00","006cad00","0"
"","Global","FUN_00556250","00556250","","Global","FUN_006cad30","006cad30","0"
"","Global","FUN_005562a0","005562a0","","Global","FUN_006cad80","006cad80","0"
"","Global","FUN_00556330","00556330","","Global","FUN_006cae10","006cae10","0"
"","Global","FUN_00556540","00556540","","Global","FUN_006cb020","006cb020","0"
"","Global","FUN_00556620","00556620","","Global","FUN_006cb100","006cb100","0"
"","Global","FUN_00556650","00556650","","Global","FUN_006cb130","006cb130","0"
"","Global","FUN_00556670","00556670","","Global","FUN_006cb150","006cb150","0"
"","Global","FUN_00556720","00556720","","Global","FUN_006cb200","006cb200","0"
"","Global","FUN_00556830","00556830","","Global","FUN_006cb310","006cb310","0"
"","Global","FUN_00556870","00556870","","Global","FUN_006cb350","006cb350","0"
"","Global","FUN_00556900","00556900","","Global","FUN_006cb3e0","006cb3e0","0"
"","Global","FUN_00556a50","00556a50","","Global","FUN_006cb530","006cb530","0"
"","Global","FUN_00556c10","00556c10","","Global","FUN_006cb6f0","006cb6f0","0"
"","Global","FUN_00556c80","00556c80","","Global","FUN_006cb760","006cb760","0"
"","Global","FUN_00556cb0","00556cb0","","Global","FUN_006cb790","006cb790","0"
"","Global","FUN_00556d10","00556d10","","Global","FUN_006cb7f0","006cb7f0","0"
"","Global","FUN_00556d40","00556d40","","Global","FUN_006cb820","006cb820","0"
"","Global","FUN_00556d70","00556d70","","Global","FUN_006cb850","006cb850","0"
"","Global","FUN_00556df0","00556df0","","Global","FUN_006cb8d0","006cb8d0","0"
"","Global","FUN_00556e40","00556e40","","Global","FUN_006cb920","006cb920","0"
"","Global","FUN_00556e70","00556e70","","Global","FUN_006cb950","006cb950","0"
"","Global","FUN_00556f50","00556f50","","Global","FUN_006cba30","006cba30","0"
"","Global","FUN_00557000","00557000","","Global","FUN_006cbae0","006cbae0","0"
"","Global","FUN_00557070","00557070","","Global","FUN_006cbb50","006cbb50","0"
"","Global","FUN_005570c0","005570c0","","Global","FUN_006cbba0","006cbba0","0"
"","Global","FUN_00557100","00557100","","Global","FUN_006cbbe0","006cbbe0","0"
"","Global","FUN_00557150","00557150","","Global","FUN_006cbc30","006cbc30","0"
"","Global","FUN_00557170","00557170","","Global","FUN_006cbc50","006cbc50","0"
"","Global","FUN_005571d0","005571d0","","Global","FUN_006cbcb0","006cbcb0","0"
"","Global","FUN_00557220","00557220","","Global","FUN_006cbd00","006cbd00","0"
"","Global","FUN_00557270","00557270","","Global","FUN_006cbd50","006cbd50","0"
"","Global","FUN_00557300","00557300","","Global","FUN_006cbde0","006cbde0","0"
"","Global","FUN_00557420","00557420","","Global","FUN_006cbf00","006cbf00","0"
"","Global","FUN_00557450","00557450","","Global","FUN_006cbf30","006cbf30","0"
"","Global","FUN_005574a0","005574a0","","Global","FUN_006cbf80","006cbf80","0"
"","Global","FUN_00557530","00557530","","Global","FUN_006cc010","006cc010","0"
"","Global","FUN_005575a0","005575a0","","Global","FUN_006cc080","006cc080","0"
"","Global","FUN_00557650","00557650","","Global","FUN_006cc130","006cc130","0"
"","Global","FUN_005576e0","005576e0","","Global","FUN_006cc1c0","006cc1c0","0"
"","Global","FUN_00557790","00557790","","Global","FUN_006cc270","006cc270","0"
"","Global","FUN_00557960","00557960","","Global","FUN_006cc440","006cc440","0"
"","Global","FUN_00557a40","00557a40","","Global","FUN_006cc520","006cc520","0"
"","Global","FUN_00557ac0","00557ac0","","Global","FUN_006cc5a0","006cc5a0","0"
"","Global","FUN_00557ba0","00557ba0","","Global","FUN_006cc680","006cc680","0"
"","Global","FUN_00557c00","00557c00","","Global","FUN_006cc6e0","006cc6e0","0"
"","Global","FUN_00557c80","00557c80","","Global","FUN_006cc760","006cc760","0"
"","Global","FUN_00557d30","00557d30","","Global","FUN_006cc810","006cc810","0"
"","Global","FUN_00557db0","00557db0","","Global","FUN_006cc890","006cc890","0"
"","Global","FUN_00557e20","00557e20","","Global","FUN_006cc900","006cc900","0"
"","Global","FUN_00557f00","00557f00","","Global","FUN_006cc9e0","006cc9e0","0"
"","Global","FUN_00557f50","00557f50","","Global","FUN_006cca30","006cca30","0"
"","Global","FUN_00557fd0","00557fd0","","Global","FUN_006ccab0","006ccab0","0"
"","Global","FUN_00558000","00558000","","Global","FUN_006ccae0","006ccae0","0"
"","Global","FUN_005580d0","005580d0","","Global","FUN_006ccbb0","006ccbb0","0"
"","Global","FUN_00558150","00558150","","Global","FUN_006ccc30","006ccc30","0"
"","Global","FUN_005581f0","005581f0","","Global","FUN_006cccd0","006cccd0","0"
"","Global","FUN_00558260","00558260","","Global","FUN_006ccd40","006ccd40","0"
"","Global","FUN_005582f0","005582f0","","Global","FUN_006ccdd0","006ccdd0","0"
"","Global","FUN_00558330","00558330","","Global","FUN_006cce10","006cce10","0"
"","Global","FUN_00558380","00558380","","Global","FUN_006cce60","006cce60","0"
"","Global","FUN_005583b0","005583b0","","Global","FUN_006cce90","006cce90","0"
"","Global","FUN_00558400","00558400","","Global","FUN_006ccee0","006ccee0","0"
"","Global","FUN_005584a0","005584a0","","Global","FUN_006ccf80","006ccf80","0"
"","Global","FUN_005584f0","005584f0","","Global","FUN_006ccfd0","006ccfd0","0"
"","Global","FUN_00558540","00558540","","Global","FUN_006cd020","006cd020","0"
"","Global","FUN_005586a0","005586a0","","Global","FUN_006cd180","006cd180","0"
"","Global","FUN_00558720","00558720","","Global","FUN_006cd200","006cd200","0"
"","Global","FUN_00558760","00558760","","Global","FUN_006cd240","006cd240","0"
"","Global","FUN_005587a0","005587a0","","Global","FUN_006cd280","006cd280","0"
"","Global","FUN_005587d0","005587d0","","Global","FUN_006cd2b0","006cd2b0","0"
"","Global","FUN_00558850","00558850","","Global","FUN_006cd330","006cd330","0"
"","Global","FUN_00558890","00558890","","Global","FUN_006cd370","006cd370","0"
"","Global","FUN_005589b0","005589b0","","Global","FUN_006cd490","006cd490","0"
"","Global","FUN_00558a30","00558a30","","Global","FUN_006cd510","006cd510","0"
"","Global","FUN_00558a60","00558a60","","Global","FUN_006cd540","006cd540","0"
"","Global","FUN_00558ad0","00558ad0","","Global","FUN_006cd5b0","006cd5b0","0"
"","Global","FUN_00558b20","00558b20","","Global","FUN_006cd600","006cd600","0"
"","Global","FUN_00558be0","00558be0","","Global","FUN_006cd6c0","006cd6c0","0"
"","Global","FUN_00558c10","00558c10","","Global","FUN_006cd6f0","006cd6f0","0"
"","Global","FUN_00558c90","00558c90","","Global","FUN_006cd770","006cd770","0"
"","Global","FUN_00558cf0","00558cf0","","Global","FUN_006cd7d0","006cd7d0","0"
"","Global","FUN_00558dc0","00558dc0","","Global","FUN_006cd8a0","006cd8a0","0"
"","Global","FUN_00558e30","00558e30","","Global","FUN_006cd910","006cd910","0"
"","Global","FUN_00558e90","00558e90","","Global","FUN_006cd970","006cd970","0"
"","Global","FUN_00558ed0","00558ed0","","Global","FUN_006cd9b0","006cd9b0","0"
"","Global","FUN_00559060","00559060","","Global","FUN_006cdb40","006cdb40","0"
"","Global","FUN_00559140","00559140","","Global","FUN_006cdc20","006cdc20","0"
"","Global","FUN_005592d0","005592d0","","Global","FUN_006cddb0","006cddb0","0"
"","Global","FUN_00559310","00559310","","Global","FUN_006cddf0","006cddf0","0"
"","Global","FUN_00559330","00559330","","Global","FUN_006cde10","006cde10","0"
"","Global","FUN_00559390","00559390","","Global","FUN_006cde70","006cde70","0"
"","Global","FUN_00559490","00559490","","Global","FUN_006cdf70","006cdf70","0"
"","Global","FUN_00559510","00559510","","Global","FUN_006cdff0","006cdff0","0"
"","Global","FUN_005595b0","005595b0","","Global","FUN_006ce090","006ce090","0"
"","Global","FUN_005596e0","005596e0","","Global","FUN_006ce1c0","006ce1c0","0"
"","Global","FUN_00559740","00559740","","Global","FUN_006ce220","006ce220","0"
"","Global","FUN_00559810","00559810","","Global","FUN_006ce2f0","006ce2f0","0"
"","Global","FUN_00559aa0","00559aa0","","Global","FUN_006ce580","006ce580","0"
"","Global","FUN_00559ad0","00559ad0","","Global","FUN_006ce5b0","006ce5b0","0"
"","Global","FUN_00559b00","00559b00","","Global","FUN_006ce5e0","006ce5e0","0"
"","Global","FUN_00559c20","00559c20","","Global","FUN_006ce700","006ce700","0"
"","Global","FUN_00559e40","00559e40","","Global","FUN_006ce920","006ce920","0"
"","Global","FUN_00559f60","00559f60","","Global","FUN_006cea40","006cea40","0"
"","Global","FUN_0055a010","0055a010","","Global","FUN_006ceaf0","006ceaf0","0"
"","Global","FUN_0055a090","0055a090","","Global","FUN_006ceb70","006ceb70","0"
"","Global","FUN_0055a130","0055a130","","Global","FUN_006cec10","006cec10","0"
"","Global","FUN_0055a180","0055a180","","Global","FUN_006cec60","006cec60","0"
"","Global","FUN_0055a200","0055a200","","Global","FUN_006cece0","006cece0","0"
"","Global","FUN_0055a2d0","0055a2d0","","Global","FUN_006cedb0","006cedb0","0"
"","Global","FUN_0055a3b0","0055a3b0","","Global","FUN_006cee90","006cee90","0"
"","Global","FUN_0055a400","0055a400","","Global","FUN_006ceee0","006ceee0","0"
"","Global","FUN_0055a4a0","0055a4a0","","Global","FUN_006cef80","006cef80","0"
"","Global","FUN_0055a510","0055a510","","Global","FUN_006ceff0","006ceff0","0"
"","Global","FUN_0055a590","0055a590","","Global","FUN_006cf070","006cf070","0"
"","Global","FUN_0055a680","0055a680","","Global","FUN_006cf160","006cf160","0"
"","Global","FUN_0055a910","0055a910","","Global","FUN_006cf3f0","006cf3f0","0"
"","Global","FUN_0055aa10","0055aa10","","Global","FUN_006cf4f0","006cf4f0","0"
"","Global","FUN_0055bb20","0055bb20","","Global","FUN_006d0600","006d0600","0"
"","Global","FUN_0055bcb0","0055bcb0","","Global","FUN_006d0790","006d0790","0"
"","Global","FUN_0055be00","0055be00","","Global","FUN_006d08e0","006d08e0","0"
"","Global","FUN_0055bee0","0055bee0","","Global","FUN_006d09c0","006d09c0","0"
"","Global","FUN_0055bf80","0055bf80","","Global","FUN_006d0a60","006d0a60","0"
"","Global","FUN_0055c0e0","0055c0e0","","Global","FUN_006d0bc0","006d0bc0","0"
"","Global","FUN_0055c270","0055c270","","Global","FUN_006d0d50","006d0d50","0"
"","Global","FUN_0055c2c0","0055c2c0","","Global","FUN_006d0da0","006d0da0","0"
"","Global","FUN_0055c340","0055c340","","Global","FUN_006d0e20","006d0e20","0"
"","Global","FUN_0055c3e0","0055c3e0","","Global","FUN_006d0ec0","006d0ec0","0"
"","Global","FUN_0055c4c0","0055c4c0","","Global","FUN_006d0fa0","006d0fa0","0"
"","Global","FUN_0055c4f0","0055c4f0","","Global","FUN_006d0fd0","006d0fd0","0"
"","Global","FUN_0055c550","0055c550","","Global","FUN_006d1030","006d1030","0"
"","Global","FUN_0055c5a0","0055c5a0","","Global","FUN_006d1080","006d1080","0"
"","Global","FUN_0055c620","0055c620","","Global","FUN_006d1100","006d1100","0"
"","Global","FUN_0055c690","0055c690","","Global","FUN_006d1170","006d1170","0"
"","Global","FUN_0055c6b0","0055c6b0","","Global","FUN_006d1190","006d1190","0"
"","Global","FUN_0055c6e0","0055c6e0","","Global","FUN_006d11c0","006d11c0","0"
"","Global","FUN_0055c750","0055c750","","Global","FUN_006d1230","006d1230","0"
"","Global","FUN_0055c800","0055c800","","Global","FUN_006d12e0","006d12e0","0"
"","Global","FUN_0055c8a0","0055c8a0","","Global","FUN_006d1380","006d1380","0"
"","Global","FUN_0055c940","0055c940","","Global","FUN_006d1420","006d1420","0"
"","Global","FUN_0055cf70","0055cf70","","Global","FUN_006d1a50","006d1a50","0"
"","Global","FUN_0055cfb0","0055cfb0","","Global","FUN_006d1a90","006d1a90","0"
"","Global","FUN_0055d050","0055d050","","Global","FUN_006d1b30","006d1b30","0"
"","Global","FUN_0055d090","0055d090","","Global","FUN_006d1b70","006d1b70","0"
"","Global","FUN_0055d110","0055d110","","Global","FUN_006d1bf0","006d1bf0","0"
"","Global","FUN_0055d130","0055d130","","Global","FUN_006d1c10","006d1c10","0"
"","Global","FUN_0055d1a0","0055d1a0","","Global","FUN_006d1c80","006d1c80","0"
"","Global","FUN_0055d460","0055d460","","Global","FUN_006d1f40","006d1f40","0"
"","Global","FUN_0055d6d0","0055d6d0","","Global","FUN_006d21b0","006d21b0","0"
"","Global","FUN_0055db40","0055db40","","Global","FUN_006d2620","006d2620","0"
"","Global","FUN_0055dbe0","0055dbe0","","Global","FUN_006d26c0","006d26c0","0"
"","Global","FUN_0055dc80","0055dc80","","Global","FUN_006d2760","006d2760","0"
"","Global","FUN_0055dcf0","0055dcf0","","Global","FUN_006d27d0","006d27d0","0"
"","Global","FUN_0055de00","0055de00","","Global","FUN_006d28e0","006d28e0","0"
"","Global","FUN_0055de90","0055de90","","Global","FUN_006d2970","006d2970","0"
"","Global","FUN_0055e330","0055e330","","Global","FUN_006d2e10","006d2e10","0"
"","Global","FUN_0055e3a0","0055e3a0","","Global","FUN_006d2e80","006d2e80","0"
"","Global","FUN_0055e460","0055e460","","Global","FUN_006d2f40","006d2f40","0"
"","Global","FUN_0055e590","0055e590","","Global","FUN_006d3070","006d3070","0"
"","Global","FUN_0055e610","0055e610","","Global","FUN_006d30f0","006d30f0","0"
"","Global","FUN_0055e6b0","0055e6b0","","Global","FUN_006d3190","006d3190","0"
"","Global","FUN_0055e6e0","0055e6e0","","Global","FUN_006d31c0","006d31c0","0"
"","Global","FUN_0055e760","0055e760","","Global","FUN_006d3240","006d3240","0"
"","Global","FUN_0055e7b0","0055e7b0","","Global","FUN_006d3290","006d3290","0"
"","Global","FUN_0055e8b0","0055e8b0","","Global","FUN_006d3390","006d3390","0"
"","Global","FUN_0055eb30","0055eb30","","Global","FUN_006d3610","006d3610","0"
"","Global","FUN_0055ec40","0055ec40","","Global","FUN_006d3720","006d3720","0"
"","Global","FUN_0055ec80","0055ec80","","Global","FUN_006d3760","006d3760","0"
"","Global","FUN_0055ecc0","0055ecc0","","Global","FUN_006d37a0","006d37a0","0"
"","Global","FUN_0055ee00","0055ee00","","Global","FUN_006d38e0","006d38e0","0"
"","Global","FUN_0055ef60","0055ef60","","Global","FUN_006d3a40","006d3a40","0"
"","Global","FUN_0055efa0","0055efa0","","Global","FUN_006d3a80","006d3a80","0"
"","Global","FUN_0055f040","0055f040","","Global","FUN_006d3b20","006d3b20","0"
"","Global","FUN_0055f0e0","0055f0e0","","Global","FUN_006d3bc0","006d3bc0","0"
"","Global","FUN_0055f160","0055f160","","Global","FUN_006d3c40","006d3c40","0"
"","Global","FUN_0055f260","0055f260","","Global","FUN_006d3d40","006d3d40","0"
"","Global","FUN_0055f2b0","0055f2b0","","Global","FUN_006d3d90","006d3d90","0"
"","Global","FUN_0055f330","0055f330","","Global","FUN_006d3e10","006d3e10","0"
"","Global","FUN_0055f380","0055f380","","Global","FUN_006d3e60","006d3e60","0"
"","Global","FUN_0055f3b0","0055f3b0","","Global","FUN_006d3e90","006d3e90","0"
"","Global","FUN_0055f460","0055f460","","Global","FUN_006d3f40","006d3f40","0"
"","Global","FUN_0055f490","0055f490","","Global","FUN_006d3f70","006d3f70","0"
"","Global","FUN_0055f4c0","0055f4c0","","Global","FUN_006d3fa0","006d3fa0","0"
"","Global","FUN_0055f9c0","0055f9c0","","Global","FUN_006d44a0","006d44a0","0"
"","Global","FUN_0055fa20","0055fa20","","Global","FUN_006d4500","006d4500","0"
"","Global","FUN_0055fa70","0055fa70","","Global","FUN_006d4550","006d4550","0"
"","Global","FUN_0055fae0","0055fae0","","Global","FUN_006d45c0","006d45c0","0"
"","Global","FUN_0055fb80","0055fb80","","Global","FUN_006d4660","006d4660","0"
"","Global","FUN_0055fba0","0055fba0","","Global","FUN_006d4680","006d4680","0"
"","Global","FUN_0055fcc0","0055fcc0","","Global","FUN_006d47a0","006d47a0","0"
"","Global","FUN_0055fd20","0055fd20","","Global","FUN_006d4800","006d4800","0"
"","Global","FUN_0055fe80","0055fe80","","Global","FUN_006d4960","006d4960","0"
"","Global","FUN_0055ff80","0055ff80","","Global","FUN_006d4a60","006d4a60","0"
"","Global","FUN_005600f0","005600f0","","Global","FUN_006d4bd0","006d4bd0","0"
"","Global","FUN_005601b0","005601b0","","Global","FUN_006d4c90","006d4c90","0"
"","Global","FUN_005601e0","005601e0","","Global","FUN_006d4cc0","006d4cc0","0"
"","Global","FUN_00560230","00560230","","Global","FUN_006d4d10","006d4d10","0"
"","Global","FUN_00560270","00560270","","Global","FUN_006d4d50","006d4d50","0"
"","Global","FUN_005602e0","005602e0","","Global","FUN_006d4dc0","006d4dc0","0"
"","Global","FUN_005605e0","005605e0","","Global","FUN_006d50c0","006d50c0","0"
"","Global","FUN_00560700","00560700","","Global","FUN_006d51e0","006d51e0","0"
"","Global","FUN_005607e0","005607e0","","Global","FUN_006d52c0","006d52c0","0"
"","Global","FUN_00560830","00560830","","Global","FUN_006d5310","006d5310","0"
"","Global","FUN_00560890","00560890","","Global","FUN_006d5370","006d5370","0"
"","Global","FUN_00560920","00560920","","Global","FUN_006d5400","006d5400","0"
"","Global","FUN_00560a30","00560a30","","Global","FUN_006d5510","006d5510","0"
"","Global","FUN_00560aa0","00560aa0","","Global","FUN_006d5580","006d5580","0"
"","Global","FUN_00560b20","00560b20","","Global","FUN_006d5600","006d5600","0"
"","Global","FUN_00560b60","00560b60","","Global","FUN_006d5640","006d5640","0"
"","Global","FUN_00560c20","00560c20","","Global","FUN_006d5700","006d5700","0"
"","Global","FUN_00560cd0","00560cd0","","Global","FUN_006d57b0","006d57b0","0"
"","Global","FUN_00560d20","00560d20","","Global","FUN_006d5800","006d5800","0"
"","Global","FUN_00560d60","00560d60","","Global","FUN_006d5840","006d5840","0"
"","Global","FUN_00560dd0","00560dd0","","Global","FUN_006d58b0","006d58b0","0"
"","Global","FUN_00561100","00561100","","Global","FUN_006d5be0","006d5be0","0"
"","Global","FUN_00561160","00561160","","Global","FUN_006d5c40","006d5c40","0"
"","Global","FUN_00561290","00561290","","Global","FUN_006d5d70","006d5d70","0"
"","Global","FUN_00561470","00561470","","Global","FUN_006d5f50","006d5f50","0"
"","Global","FUN_005614c0","005614c0","","Global","FUN_006d5fa0","006d5fa0","0"
"","Global","FUN_00561520","00561520","","Global","FUN_006d6000","006d6000","0"
"","Global","FUN_00561560","00561560","","Global","FUN_006d6040","006d6040","0"
"","Global","FUN_00561590","00561590","","Global","FUN_006d6070","006d6070","0"
"","Global","FUN_00561650","00561650","","Global","FUN_006d6130","006d6130","0"
"","Global","FUN_00561690","00561690","","Global","FUN_006d6170","006d6170","0"
"","Global","FUN_00561710","00561710","","Global","FUN_006d61f0","006d61f0","0"
"","Global","FUN_00561850","00561850","","Global","FUN_006d6330","006d6330","0"
"","Global","FUN_00561890","00561890","","Global","FUN_006d6370","006d6370","0"
"","Global","FUN_00561920","00561920","","Global","FUN_006d6400","006d6400","0"
"","Global","FUN_00561980","00561980","","Global","FUN_006d6460","006d6460","0"
"","Global","FUN_005619b0","005619b0","","Global","FUN_006d6490","006d6490","0"
"","Global","FUN_00561b10","00561b10","","Global","FUN_006d65f0","006d65f0","0"
"","Global","FUN_00561c70","00561c70","","Global","FUN_006d6750","006d6750","0"
"","Global","FUN_00561d10","00561d10","","Global","FUN_006d67f0","006d67f0","0"
"","Global","FUN_00561d90","00561d90","","Global","FUN_006d6870","006d6870","0"
"","Global","FUN_00561dd0","00561dd0","","Global","FUN_006d68b0","006d68b0","0"
"","Global","FUN_00561e00","00561e00","","Global","FUN_006d68e0","006d68e0","0"
"","Global","FUN_00561f70","00561f70","","Global","FUN_006d6a50","006d6a50","0"
"","Global","FUN_00561fd0","00561fd0","","Global","FUN_006d6ab0","006d6ab0","0"
"","Global","FUN_00562030","00562030","","Global","FUN_006d6b10","006d6b10","0"
"","Global","FUN_00562190","00562190","","Global","FUN_006d6c70","006d6c70","0"
"","Global","FUN_005621d0","005621d0","","Global","FUN_006d6cb0","006d6cb0","0"
"","Global","FUN_005621f0","005621f0","","Global","FUN_006d6cd0","006d6cd0","0"
"","Global","FUN_00562280","00562280","","Global","FUN_006d6d60","006d6d60","0"
"","Global","FUN_005622e0","005622e0","","Global","FUN_006d6dc0","006d6dc0","0"
"","Global","FUN_00562300","00562300","","Global","FUN_006d6de0","006d6de0","0"
"","Global","FUN_00562350","00562350","","Global","FUN_006d6e30","006d6e30","0"
"","Global","FUN_00562380","00562380","","Global","FUN_006d6e60","006d6e60","0"
"","Global","FUN_00562400","00562400","","Global","FUN_006d6ee0","006d6ee0","0"
"","Global","FUN_005625e0","005625e0","","Global","FUN_006d70c0","006d70c0","0"
"","Global","FUN_005626c0","005626c0","","Global","FUN_006d71a0","006d71a0","0"
"","Global","FUN_00562710","00562710","","Global","FUN_006d71f0","006d71f0","0"
"","Global","FUN_00562760","00562760","","Global","FUN_006d7240","006d7240","0"
"","Global","FUN_00562790","00562790","","Global","FUN_006d7270","006d7270","0"
"","Global","FUN_005627f0","005627f0","","Global","FUN_006d72d0","006d72d0","0"
"","Global","FUN_00562a10","00562a10","","Global","FUN_006d74f0","006d74f0","0"
"","Global","FUN_00562a50","00562a50","","Global","FUN_006d7530","006d7530","0"
"","Global","FUN_00562a80","00562a80","","Global","FUN_006d7560","006d7560","0"
"","Global","FUN_00562ab0","00562ab0","","Global","FUN_006d7590","006d7590","0"
"","Global","FUN_00562b00","00562b00","","Global","FUN_006d75e0","006d75e0","0"
"","Global","FUN_00562b50","00562b50","","Global","FUN_006d7630","006d7630","0"
"","Global","FUN_00562bc0","00562bc0","","Global","FUN_006d76a0","006d76a0","0"
"","Global","FUN_00562c60","00562c60","","Global","FUN_006d7740","006d7740","0"
"","Global","FUN_00562ce0","00562ce0","","Global","FUN_006d77c0","006d77c0","0"
"","Global","FUN_00562d70","00562d70","","Global","FUN_006d7850","006d7850","0"
"","Global","FUN_00562e90","00562e90","","Global","FUN_006d7970","006d7970","0"
"","Global","FUN_005631a0","005631a0","","Global","FUN_006d7c80","006d7c80","0"
"","Global","FUN_00563330","00563330","","Global","FUN_006d7e10","006d7e10","0"
"","Global","FUN_00563480","00563480","","Global","FUN_006d7f60","006d7f60","0"
"","Global","FUN_005635a0","005635a0","","Global","FUN_006d8080","006d8080","0"
"","Global","FUN_00563720","00563720","","Global","FUN_006d8200","006d8200","0"
"","Global","FUN_005637f0","005637f0","","Global","FUN_006d82d0","006d82d0","0"
"","Global","FUN_00563850","00563850","","Global","FUN_006d8330","006d8330","0"
"","Global","FUN_00563a20","00563a20","","Global","FUN_006d8500","006d8500","0"
"","Global","FUN_00563a50","00563a50","","Global","FUN_006d8530","006d8530","0"
"","Global","FUN_00563a80","00563a80","","Global","FUN_006d8560","006d8560","0"
"","Global","FUN_00563b00","00563b00","","Global","FUN_006d85e0","006d85e0","0"
"","Global","FUN_00563c10","00563c10","","Global","FUN_006d86f0","006d86f0","0"
"","Global","FUN_00563c40","00563c40","","Global","FUN_006d8720","006d8720","0"
"","Global","FUN_00563d20","00563d20","","Global","FUN_006d8800","006d8800","0"
"","Global","FUN_00563d90","00563d90","","Global","FUN_006d8870","006d8870","0"
"","Global","FUN_00563e60","00563e60","","Global","FUN_006d8940","006d8940","0"
"","Global","FUN_00563ea0","00563ea0","","Global","FUN_006d8980","006d8980","0"
"","Global","FUN_00563f50","00563f50","","Global","FUN_006d8a30","006d8a30","0"
"","Global","FUN_00564070","00564070","","Global","FUN_006d8b50","006d8b50","0"
"","Global","FUN_00564120","00564120","","Global","FUN_006d8c00","006d8c00","0"
"","Global","FUN_005641a0","005641a0","","Global","FUN_006d8c80","006d8c80","0"
"","Global","FUN_005641d0","005641d0","","Global","FUN_006d8cb0","006d8cb0","0"
"","Global","FUN_00564300","00564300","","Global","FUN_006d8de0","006d8de0","0"
"","Global","FUN_00564380","00564380","","Global","FUN_006d8e60","006d8e60","0"
"","Global","FUN_005643a0","005643a0","","Global","FUN_006d8e80","006d8e80","0"
"","Global","FUN_00564410","00564410","","Global","FUN_006d8ef0","006d8ef0","0"
"","Global","FUN_005644e0","005644e0","","Global","FUN_006d8fc0","006d8fc0","0"
"","Global","FUN_005645c0","005645c0","","Global","FUN_006d90a0","006d90a0","0"
"","Global","FUN_00564660","00564660","","Global","FUN_006d9140","006d9140","0"
"","Global","FUN_00564710","00564710","","Global","FUN_006d91f0","006d91f0","0"
"","Global","FUN_00564830","00564830","","Global","FUN_006d9310","006d9310","0"
"","Global","FUN_005648e0","005648e0","","Global","FUN_006d93c0","006d93c0","0"
"","Global","FUN_00564940","00564940","","Global","FUN_006d9420","006d9420","0"
"","Global","FUN_00564ab0","00564ab0","","Global","FUN_006d9590","006d9590","0"
"","Global","FUN_00564bc0","00564bc0","","Global","FUN_006d96a0","006d96a0","0"
"","Global","FUN_00564c10","00564c10","","Global","FUN_006d96f0","006d96f0","0"
"","Global","FUN_00564c60","00564c60","","Global","FUN_006d9740","006d9740","0"
"","Global","FUN_00564c80","00564c80","","Global","FUN_006d9760","006d9760","0"
"","Global","FUN_00564ec0","00564ec0","","Global","FUN_006d99a0","006d99a0","0"
"","Global","FUN_00564f60","00564f60","","Global","FUN_006d9a40","006d9a40","0"
"","Global","FUN_00565020","00565020","","Global","FUN_006d9b00","006d9b00","0"
"","Global","FUN_00565050","00565050","","Global","FUN_006d9b30","006d9b30","0"
"","Global","FUN_005652c0","005652c0","","Global","FUN_006d9da0","006d9da0","0"
"","Global","FUN_00565310","00565310","","Global","FUN_006d9df0","006d9df0","0"
"","Global","FUN_00565340","00565340","","Global","FUN_006d9e20","006d9e20","0"
"","Global","FUN_00565470","00565470","","Global","FUN_006d9f50","006d9f50","0"
"","Global","FUN_005656d0","005656d0","","Global","FUN_006da1b0","006da1b0","0"
"","Global","FUN_00565870","00565870","","Global","FUN_006da350","006da350","0"
"","Global","FUN_005658a0","005658a0","","Global","FUN_006da380","006da380","0"
"","Global","FUN_005658f0","005658f0","","Global","FUN_006da3d0","006da3d0","0"
"","Global","FUN_00565a80","00565a80","","Global","FUN_006da560","006da560","0"
"","Global","FUN_00565ad0","00565ad0","","Global","FUN_006da5b0","006da5b0","0"
"","Global","FUN_00565b00","00565b00","","Global","FUN_006da5e0","006da5e0","0"
"","Global","FUN_00565b40","00565b40","","Global","FUN_006da620","006da620","0"
"","Global","FUN_00565bd0","00565bd0","","Global","FUN_006da6b0","006da6b0","0"
"","Global","FUN_00565e10","00565e10","","Global","FUN_006da8f0","006da8f0","0"
"","Global","FUN_005660c0","005660c0","","Global","FUN_006daba0","006daba0","0"
"","Global","FUN_005661e0","005661e0","","Global","FUN_006dacc0","006dacc0","0"
"","Global","FUN_005662e0","005662e0","","Global","FUN_006dadc0","006dadc0","0"
"","Global","FUN_00566320","00566320","","Global","FUN_006dae00","006dae00","0"
"","Global","FUN_00566360","00566360","","Global","FUN_006dae40","006dae40","0"
"","Global","FUN_005663e0","005663e0","","Global","FUN_006daec0","006daec0","0"
"","Global","FUN_005664d0","005664d0","","Global","FUN_006dafb0","006dafb0","0"
"","Global","FUN_00566500","00566500","","Global","FUN_006dafe0","006dafe0","0"
"","Global","FUN_00566530","00566530","","Global","FUN_006db010","006db010","0"
"","Global","FUN_00566600","00566600","","Global","FUN_006db0e0","006db0e0","0"
"","Global","FUN_00566710","00566710","","Global","FUN_006db1f0","006db1f0","0"
"","Global","FUN_00566740","00566740","","Global","FUN_006db220","006db220","0"
"","Global","FUN_00566770","00566770","","Global","FUN_006db250","006db250","0"
"","Global","FUN_00566860","00566860","","Global","FUN_006db340","006db340","0"
"","Global","FUN_00566930","00566930","","Global","FUN_006db410","006db410","0"
"","Global","FUN_00566950","00566950","","Global","FUN_006db430","006db430","0"
"","Global","FUN_00566a20","00566a20","","Global","FUN_006db500","006db500","0"
"","Global","FUN_00566a80","00566a80","","Global","FUN_006db560","006db560","0"
"","Global","FUN_00566b00","00566b00","","Global","FUN_006db5e0","006db5e0","0"
"","Global","FUN_00566b50","00566b50","","Global","FUN_006db630","006db630","0"
"","Global","FUN_00566c80","00566c80","","Global","FUN_006db760","006db760","0"
"","Global","FUN_00566cb0","00566cb0","","Global","FUN_006db790","006db790","0"
"","Global","FUN_00566df0","00566df0","","Global","FUN_006db8d0","006db8d0","0"
"","Global","FUN_00566e40","00566e40","","Global","FUN_006db920","006db920","0"
"","Global","FUN_00566e70","00566e70","","Global","FUN_006db950","006db950","0"
"","Global","FUN_00566e90","00566e90","","Global","FUN_006db970","006db970","0"
"","Global","FUN_00566ec0","00566ec0","","Global","FUN_006db9a0","006db9a0","0"
"","Global","FUN_00566ef0","00566ef0","","Global","FUN_006db9d0","006db9d0","0"
"","Global","FUN_00566f40","00566f40","","Global","FUN_006dba20","006dba20","0"
"","Global","FUN_00566f70","00566f70","","Global","FUN_006dba50","006dba50","0"
"","Global","FUN_00567060","00567060","","Global","FUN_006dbb40","006dbb40","0"
"","Global","FUN_005670a0","005670a0","","Global","FUN_006dbb80","006dbb80","0"
"","Global","FUN_00567150","00567150","","Global","FUN_006dbc30","006dbc30","0"
"","Global","FUN_00567180","00567180","","Global","FUN_006dbc60","006dbc60","0"
"","Global","FUN_005671a0","005671a0","","Global","FUN_006dbc80","006dbc80","0"
"","Global","FUN_00567200","00567200","","Global","FUN_006dbce0","006dbce0","0"
"","Global","FUN_00567280","00567280","","Global","FUN_006dbd60","006dbd60","0"
"","Global","FUN_00567360","00567360","","Global","FUN_006dbe40","006dbe40","0"
"","Global","FUN_00567470","00567470","","Global","FUN_006dbf50","006dbf50","0"
"","Global","FUN_005674c0","005674c0","","Global","FUN_006dbfa0","006dbfa0","0"
"","Global","FUN_00567590","00567590","","Global","FUN_006dc070","006dc070","0"
"","Global","FUN_00567600","00567600","","Global","FUN_006dc0e0","006dc0e0","0"
"","Global","FUN_00567630","00567630","","Global","FUN_006dc110","006dc110","0"
"","Global","FUN_005676a0","005676a0","","Global","FUN_006dc180","006dc180","0"
"","Global","FUN_00567740","00567740","","Global","FUN_006dc220","006dc220","0"
"","Global","FUN_00567780","00567780","","Global","FUN_006dc260","006dc260","0"
"","Global","FUN_00567820","00567820","","Global","FUN_006dc300","006dc300","0"
"","Global","FUN_00567860","00567860","","Global","FUN_006dc340","006dc340","0"
"","Global","FUN_00567910","00567910","","Global","FUN_006dc3f0","006dc3f0","0"
"","Global","FUN_005679c0","005679c0","","Global","FUN_006dc4a0","006dc4a0","0"
"","Global","FUN_00567a20","00567a20","","Global","FUN_006dc500","006dc500","0"
"","Global","FUN_00567a60","00567a60","","Global","FUN_006dc540","006dc540","0"
"","Global","FUN_00567a80","00567a80","","Global","FUN_006dc560","006dc560","0"
"","Global","FUN_00567c00","00567c00","","Global","FUN_006dc6e0","006dc6e0","0"
"","Global","FUN_00567cc0","00567cc0","","Global","FUN_006dc7a0","006dc7a0","0"
"","Global","FUN_00567d00","00567d00","","Global","FUN_006dc7e0","006dc7e0","0"
"","Global","FUN_00567d30","00567d30","","Global","FUN_006dc810","006dc810","0"
"","Global","FUN_00567e20","00567e20","","Global","FUN_006dc900","006dc900","0"
"","Global","FUN_00567ed0","00567ed0","","Global","FUN_006dc9b0","006dc9b0","0"
"","Global","FUN_00567f30","00567f30","","Global","FUN_006dca10","006dca10","0"
"","Global","FUN_005680b0","005680b0","","Global","FUN_006dcb90","006dcb90","0"
"","Global","FUN_005680e0","005680e0","","Global","FUN_006dcbc0","006dcbc0","0"
"","Global","FUN_00568140","00568140","","Global","FUN_006dcc20","006dcc20","0"
"","Global","FUN_00568180","00568180","","Global","FUN_006dcc60","006dcc60","0"
"","Global","FUN_00568280","00568280","","Global","FUN_006dcd60","006dcd60","0"
"","Global","FUN_00568310","00568310","","Global","FUN_006dcdf0","006dcdf0","0"
"","Global","FUN_005683d0","005683d0","","Global","FUN_006dcfa0","006dcfa0","0"
"","Global","FUN_00568600","00568600","","Global","FUN_006dd1d0","006dd1d0","0"
"","Global","FUN_00568660","00568660","","Global","FUN_006dd230","006dd230","0"
"","Global","FUN_00568780","00568780","","Global","FUN_006dd350","006dd350","0"
"","Global","FUN_005687a0","005687a0","","Global","FUN_006dd370","006dd370","0"
"","Global","FUN_00568860","00568860","","Global","FUN_006dd430","006dd430","0"
"","Global","FUN_005688c0","005688c0","","Global","FUN_006dd490","006dd490","0"
"","Global","FUN_005689a0","005689a0","","Global","FUN_006dd570","006dd570","0"
"","Global","FUN_00568d80","00568d80","","Global","FUN_006dd950","006dd950","0"
"","Global","FUN_005695e0","005695e0","","Global","FUN_006de1b0","006de1b0","0"
"","Global","FUN_00569b20","00569b20","","Global","FUN_006de6f0","006de6f0","0"
"","Global","FUN_0056a210","0056a210","","Global","FUN_006dede0","006dede0","0"
"","Global","FUN_0056a270","0056a270","","Global","FUN_006dee40","006dee40","0"
"","Global","FUN_0056a370","0056a370","","Global","FUN_006def40","006def40","0"
"","Global","FUN_0056a3e0","0056a3e0","","Global","FUN_006defb0","006defb0","0"
"","Global","FUN_0056ace0","0056ace0","","Global","FUN_006df8b0","006df8b0","0"
"","Global","FUN_0056ad60","0056ad60","","Global","FUN_006df930","006df930","0"
"","Global","FUN_0056add0","0056add0","","Global","FUN_006df9a0","006df9a0","0"
"","Global","FUN_0056aeb0","0056aeb0","","Global","FUN_006dfa80","006dfa80","0"
"","Global","FUN_0056af90","0056af90","","Global","FUN_006dfb60","006dfb60","0"
"","Global","FUN_0056b130","0056b130","","Global","FUN_006dfd00","006dfd00","0"
"","Global","FUN_0056b4d0","0056b4d0","","Global","FUN_006e00a0","006e00a0","0"
"","Global","FUN_0056b9f0","0056b9f0","","Global","FUN_006e05c0","006e05c0","0"
"","Global","FUN_0056bbf0","0056bbf0","","Global","FUN_006e07c0","006e07c0","0"
"","Global","FUN_0056bdc0","0056bdc0","","Global","FUN_006e0990","006e0990","0"
"","Global","FUN_0056c120","0056c120","","Global","FUN_006e0cf0","006e0cf0","0"
"","Global","FUN_0056c980","0056c980","","Global","FUN_006e1550","006e1550","0"
"","Global","FUN_0056cbd0","0056cbd0","","Global","FUN_006e17a0","006e17a0","0"
"","Global","FUN_0056cf80","0056cf80","","Global","FUN_006e1b50","006e1b50","0"
"","Global","FUN_0056d300","0056d300","","Global","FUN_006e1ed0","006e1ed0","0"
"","Global","FUN_0056d3d0","0056d3d0","","Global","FUN_006e1fa0","006e1fa0","0"
"","Global","FUN_0056d520","0056d520","","Global","FUN_006e20f0","006e20f0","0"
"","Global","FUN_0056d570","0056d570","","Global","FUN_006e2140","006e2140","0"
"","Global","FUN_0056d630","0056d630","","Global","FUN_006e2200","006e2200","0"
"","Global","FUN_0056d6d0","0056d6d0","","Global","FUN_006e22a0","006e22a0","0"
"","Global","FUN_0056d920","0056d920","","Global","FUN_006e24f0","006e24f0","0"
"","Global","FUN_0056dbc0","0056dbc0","","Global","FUN_006e2790","006e2790","0"
"","Global","FUN_0056dc20","0056dc20","","Global","FUN_006e27f0","006e27f0","0"
"","Global","FUN_0056dd60","0056dd60","","Global","FUN_006e2930","006e2930","0"
"","Global","FUN_0056df90","0056df90","","Global","FUN_006e2b60","006e2b60","0"
"","Global","FUN_0056e050","0056e050","","Global","FUN_006e2c20","006e2c20","0"
"","Global","FUN_0056e1b0","0056e1b0","","Global","FUN_006e2d80","006e2d80","0"
"","Global","FUN_0056e3c0","0056e3c0","","Global","FUN_006e2f90","006e2f90","0"
"","Global","FUN_0056e4d0","0056e4d0","","Global","FUN_006e30a0","006e30a0","0"
"","Global","FUN_0056e510","0056e510","","Global","FUN_006e30e0","006e30e0","0"
"","Global","FUN_0056e710","0056e710","","Global","FUN_006e32e0","006e32e0","0"
"","Global","FUN_0056eac0","0056eac0","","Global","FUN_006e3690","006e3690","0"
"","Global","FUN_0056ebc0","0056ebc0","","Global","FUN_006e3790","006e3790","0"
"","Global","FUN_0056ed50","0056ed50","","Global","FUN_006e3920","006e3920","0"
"","Global","FUN_0056f090","0056f090","","Global","FUN_006e3c60","006e3c60","0"
"","Global","FUN_0056f220","0056f220","","Global","FUN_006e3df0","006e3df0","0"
"","Global","FUN_00570350","00570350","","Global","FUN_006e4f20","006e4f20","0"
"","Global","FUN_00570810","00570810","","Global","FUN_006e53e0","006e53e0","0"
"","Global","FUN_00570920","00570920","","Global","FUN_006e54f0","006e54f0","0"
"","Global","FUN_00571070","00571070","","Global","FUN_006e5c40","006e5c40","0"
"","Global","FUN_00571240","00571240","","Global","FUN_006e5e10","006e5e10","0"
"","Global","FUN_005714a0","005714a0","","Global","FUN_006e6070","006e6070","0"
"","Global","FUN_005715c0","005715c0","","Global","FUN_006e6190","006e6190","0"
"","Global","FUN_005716e0","005716e0","","Global","FUN_006e62b0","006e62b0","0"
"","Global","FUN_00571be0","00571be0","","Global","FUN_006e67b0","006e67b0","0"
"","Global","FUN_00571cc0","00571cc0","","Global","FUN_006e6890","006e6890","0"
"","Global","FUN_00571e50","00571e50","","Global","FUN_006e6a20","006e6a20","0"
"","Global","FUN_00572150","00572150","","Global","FUN_006e6d20","006e6d20","0"
"","Global","FUN_00572180","00572180","","Global","FUN_006e6d50","006e6d50","0"
"","Global","FUN_00572290","00572290","","Global","FUN_006e6e60","006e6e60","0"
"","Global","FUN_005728f0","005728f0","","Global","FUN_006e74c0","006e74c0","0"
"","Global","FUN_00572ba0","00572ba0","","Global","FUN_006e7770","006e7770","0"
"","Global","FUN_00572ec0","00572ec0","","Global","FUN_006e7a90","006e7a90","0"
"","Global","FUN_00572f40","00572f40","","Global","FUN_006e7b10","006e7b10","0"
"","Global","FUN_005730b0","005730b0","","Global","FUN_006e7c80","006e7c80","0"
"","Global","FUN_00573240","00573240","","Global","FUN_006e7e10","006e7e10","0"
"","Global","FUN_005732f0","005732f0","","Global","FUN_006e7ec0","006e7ec0","0"
"","Global","FUN_00573370","00573370","","Global","FUN_006e7f40","006e7f40","0"
"","Global","FUN_00573470","00573470","","Global","FUN_006e8040","006e8040","0"
"","Global","FUN_005735a0","005735a0","","Global","FUN_006e8170","006e8170","0"
"","Global","FUN_00573660","00573660","","Global","FUN_006e8230","006e8230","0"
"","Global","FUN_00573740","00573740","","Global","FUN_006e8310","006e8310","0"
"","Global","FUN_00573760","00573760","","Global","FUN_006e8330","006e8330","0"
"","Global","FUN_00573860","00573860","","Global","FUN_006e8430","006e8430","0"
"","Global","FUN_005738d0","005738d0","","Global","FUN_006e84a0","006e84a0","0"
"","Global","FUN_00573940","00573940","","Global","FUN_006e8510","006e8510","0"
"","Global","FUN_00573ed0","00573ed0","","Global","FUN_006e8aa0","006e8aa0","0"
"","Global","FUN_00574120","00574120","","Global","FUN_006e8cf0","006e8cf0","0"
"","Global","FUN_00574150","00574150","","Global","FUN_006e8d20","006e8d20","0"
"","Global","FUN_00574340","00574340","","Global","FUN_006e8f10","006e8f10","0"
"","Global","FUN_00574470","00574470","","Global","FUN_006e9040","006e9040","0"
"","Global","FUN_00574580","00574580","","Global","FUN_006e9150","006e9150","0"
"","Global","FUN_00574650","00574650","","Global","FUN_006e9220","006e9220","0"
"","Global","FUN_00574700","00574700","","Global","FUN_006e92d0","006e92d0","0"
"","Global","FUN_00574770","00574770","","Global","FUN_006e9340","006e9340","0"
"","Global","FUN_005747f0","005747f0","","Global","FUN_006e93c0","006e93c0","0"
"","Global","FUN_00575000","00575000","","Global","FUN_006e9bd0","006e9bd0","0"
"","Global","FUN_00575040","00575040","","Global","FUN_006e9c10","006e9c10","0"
"","Global","FUN_00575090","00575090","","Global","FUN_006e9c60","006e9c60","0"
"","Global","FUN_00575170","00575170","","Global","FUN_006e9d40","006e9d40","0"
"","Global","FUN_005752f0","005752f0","","Global","FUN_006e9ec0","006e9ec0","0"
"","Global","FUN_005757c0","005757c0","","Global","FUN_006ea390","006ea390","0"
"","Global","FUN_00575810","00575810","","Global","FUN_006ea3e0","006ea3e0","0"
"","Global","FUN_00575960","00575960","","Global","FUN_006ea530","006ea530","0"
"","Global","FUN_00575e90","00575e90","","Global","FUN_006eaa60","006eaa60","0"
"","Global","FUN_00575ec0","00575ec0","","Global","FUN_006eaa90","006eaa90","0"
"","Global","FUN_00576090","00576090","","Global","FUN_006eac60","006eac60","0"
"","Global","FUN_00576130","00576130","","Global","FUN_006ead00","006ead00","0"
"","Global","FUN_00576220","00576220","","Global","FUN_006eadf0","006eadf0","0"
"","Global","FUN_005763c0","005763c0","","Global","FUN_006eaf90","006eaf90","0"
"","Global","FUN_00576460","00576460","","Global","FUN_006eb030","006eb030","0"
"","Global","FUN_00576570","00576570","","Global","FUN_006eb140","006eb140","0"
"","Global","FUN_005765b0","005765b0","","Global","FUN_006eb180","006eb180","0"
"","Global","FUN_005765f0","005765f0","","Global","FUN_006eb1c0","006eb1c0","0"
"","Global","FUN_005767a0","005767a0","","Global","FUN_006eb370","006eb370","0"
"","Global","FUN_00576af0","00576af0","","Global","FUN_006eb6c0","006eb6c0","0"
"","Global","FUN_00576e70","00576e70","","Global","FUN_006eba40","006eba40","0"
"","Global","FUN_00576ea0","00576ea0","","Global","FUN_006eba70","006eba70","0"
"","Global","FUN_00577190","00577190","","Global","FUN_006ebd50","006ebd50","0"
"","Global","FUN_00577250","00577250","","Global","FUN_006ebe10","006ebe10","0"
"","Global","FUN_00577290","00577290","","Global","FUN_006ebe50","006ebe50","0"
"","Global","FUN_005775b0","005775b0","","Global","FUN_006ec180","006ec180","0"
"","Global","FUN_00577620","00577620","","Global","FUN_006ec1f0","006ec1f0","0"
"","Global","FUN_005776f0","005776f0","","Global","FUN_006ec2c0","006ec2c0","0"
"","Global","FUN_005777b0","005777b0","","Global","FUN_006ec380","006ec380","0"
"","Global","FUN_00577940","00577940","","Global","FUN_006ec510","006ec510","0"
"","Global","FUN_005782d0","005782d0","","Global","FUN_006ecea0","006ecea0","0"
"","Global","FUN_00578330","00578330","","Global","FUN_006ecf00","006ecf00","0"
"","Global","FUN_00578390","00578390","","Global","FUN_006ecf60","006ecf60","0"
"","Global","FUN_00578450","00578450","","Global","FUN_006ed020","006ed020","0"
"","Global","FUN_00578490","00578490","","Global","FUN_006ed060","006ed060","0"
"","Global","FUN_005784d0","005784d0","","Global","FUN_006ed0a0","006ed0a0","0"
"","Global","FUN_00578500","00578500","","Global","FUN_006ed0d0","006ed0d0","0"
"","Global","FUN_00578630","00578630","","Global","FUN_006ed200","006ed200","0"
"","Global","FUN_00578750","00578750","","Global","FUN_006ed320","006ed320","0"
"","Global","FUN_005788c0","005788c0","","Global","FUN_006ed490","006ed490","0"
"","Global","FUN_00578a50","00578a50","","Global","FUN_006ed620","006ed620","0"
"","Global","FUN_00578ac0","00578ac0","","Global","FUN_006ed690","006ed690","0"
"","Global","FUN_00578b30","00578b30","","Global","FUN_006ed700","006ed700","0"
"","Global","FUN_00578c40","00578c40","","Global","FUN_006ed810","006ed810","0"
"","Global","FUN_00578d60","00578d60","","Global","FUN_006ed930","006ed930","0"
"","Global","FUN_00578e10","00578e10","","Global","FUN_006ed9e0","006ed9e0","0"
"","Global","FUN_00578ec0","00578ec0","","Global","FUN_006eda90","006eda90","0"
"","Global","FUN_00579040","00579040","","Global","FUN_006edc10","006edc10","0"
"","Global","FUN_005790e0","005790e0","","Global","FUN_006edcb0","006edcb0","0"
"","Global","FUN_00579230","00579230","","Global","FUN_006ede00","006ede00","0"
"","Global","FUN_00579370","00579370","","Global","FUN_006edf40","006edf40","0"
"","Global","FUN_005794d0","005794d0","","Global","FUN_006ee0a0","006ee0a0","0"
"","Global","FUN_00579610","00579610","","Global","FUN_006ee1e0","006ee1e0","0"
"","Global","FUN_00579730","00579730","","Global","FUN_006ee300","006ee300","0"
"","Global","FUN_00579860","00579860","","Global","FUN_006ee430","006ee430","0"
"","Global","FUN_005799b0","005799b0","","Global","FUN_006ee580","006ee580","0"
"","Global","FUN_00579b00","00579b00","","Global","FUN_006ee6d0","006ee6d0","0"
"","Global","FUN_00579b90","00579b90","","Global","FUN_006ee760","006ee760","0"
"","Global","FUN_00579be0","00579be0","","Global","FUN_006ee7b0","006ee7b0","0"
"","Global","FUN_00579c20","00579c20","","Global","FUN_006ee7f0","006ee7f0","0"
"","Global","FUN_00579c90","00579c90","","Global","FUN_006ee860","006ee860","0"
"","Global","FUN_00579cf0","00579cf0","","Global","FUN_006ee8c0","006ee8c0","0"
"","Global","FUN_00579e20","00579e20","","Global","FUN_006ee9f0","006ee9f0","0"
"","Global","FUN_00579f40","00579f40","","Global","FUN_006eeb10","006eeb10","0"
"","Global","FUN_0057a080","0057a080","","Global","FUN_006eec50","006eec50","0"
"","Global","FUN_0057a0f0","0057a0f0","","Global","FUN_006eecc0","006eecc0","0"
"","Global","FUN_0057a440","0057a440","","Global","FUN_006ef010","006ef010","0"
"","Global","FUN_0057a460","0057a460","","Global","FUN_006ef030","006ef030","0"
"","Global","FUN_0057a480","0057a480","","Global","FUN_006ef050","006ef050","0"
"","Global","FUN_0057a4f0","0057a4f0","","Global","FUN_006ef0c0","006ef0c0","0"
"","Global","FUN_0057a680","0057a680","","Global","FUN_006ef250","006ef250","0"
"","Global","FUN_0057a8b0","0057a8b0","","Global","FUN_006ef480","006ef480","0"
"","Global","FUN_0057ab50","0057ab50","","Global","FUN_006ef720","006ef720","0"
"","Global","FUN_0057ab90","0057ab90","","Global","FUN_006ef760","006ef760","0"
"","Global","FUN_0057abf0","0057abf0","","Global","FUN_006ef7c0","006ef7c0","0"
"","Global","FUN_0057ac40","0057ac40","","Global","FUN_006ef810","006ef810","0"
"","Global","FUN_0057ae60","0057ae60","","Global","FUN_006efa30","006efa30","0"
"","Global","FUN_0057aec0","0057aec0","","Global","FUN_006efa90","006efa90","0"
"","Global","FUN_0057af10","0057af10","","Global","FUN_006efae0","006efae0","0"
"","Global","FUN_0057af50","0057af50","","Global","FUN_006efb20","006efb20","0"
"","Global","FUN_0057b1e0","0057b1e0","","Global","FUN_006efdb0","006efdb0","0"
"","Global","FUN_0057b240","0057b240","","Global","FUN_006efe10","006efe10","0"
"","Global","FUN_0057b2a0","0057b2a0","","Global","FUN_006efe70","006efe70","0"
"","Global","FUN_0057b370","0057b370","","Global","FUN_006eff40","006eff40","0"
"","Global","FUN_0057b390","0057b390","","Global","FUN_006eff60","006eff60","0"
"","Global","FUN_0057b530","0057b530","","Global","FUN_006f0100","006f0100","0"
"","Global","FUN_0057b890","0057b890","","Global","FUN_006f0460","006f0460","0"
"","Global","FUN_0057b940","0057b940","","Global","FUN_006f0510","006f0510","0"
"","Global","FUN_0057b9a0","0057b9a0","","Global","FUN_006f0570","006f0570","0"
"","Global","FUN_0057b9f0","0057b9f0","","Global","FUN_006f05c0","006f05c0","0"
"","Global","FUN_0057ba30","0057ba30","","Global","FUN_006f0600","006f0600","0"
"","Global","FUN_0057ba70","0057ba70","","Global","FUN_006f0640","006f0640","0"
"","Global","FUN_0057bac0","0057bac0","","Global","FUN_006f0690","006f0690","0"
"","Global","FUN_0057bc00","0057bc00","","Global","FUN_006f07d0","006f07d0","0"
"","Global","FUN_0057bd20","0057bd20","","Global","FUN_006f08f0","006f08f0","0"
"","Global","FUN_0057bf30","0057bf30","","Global","FUN_006f0b00","006f0b00","0"
"","Global","FUN_0057c270","0057c270","","Global","FUN_006f0e40","006f0e40","0"
"","Global","FUN_0057c4a0","0057c4a0","","Global","FUN_006f1070","006f1070","0"
"","Global","FUN_0057c650","0057c650","","Global","FUN_006f1220","006f1220","0"
"","Global","FUN_0057c680","0057c680","","Global","FUN_006f1250","006f1250","0"
"","Global","FUN_0057ca10","0057ca10","","Global","FUN_006f15e0","006f15e0","0"
"","Global","FUN_0057cbb0","0057cbb0","","Global","FUN_006f1780","006f1780","0"
"","Global","FUN_0057d4a0","0057d4a0","","Global","FUN_006f2070","006f2070","0"
"","Global","FUN_0057d980","0057d980","","Global","FUN_006f2550","006f2550","0"
"","Global","FUN_0057db70","0057db70","","Global","FUN_006f2740","006f2740","0"
"","Global","FUN_0057dd40","0057dd40","","Global","FUN_006f2910","006f2910","0"
"","Global","FUN_00581b80","00581b80","","Global","FUN_006f6750","006f6750","0"
"","Global","FUN_00581f60","00581f60","","Global","FUN_006f6b30","006f6b30","0"
"","Global","FUN_00582040","00582040","","Global","FUN_006f6c10","006f6c10","0"
"","Global","FUN_005821d0","005821d0","","Global","FUN_006f6da0","006f6da0","0"
"","Global","FUN_005821f0","005821f0","","Global","FUN_006f6dc0","006f6dc0","0"
"","Global","FUN_00582450","00582450","","Global","FUN_006f7020","006f7020","0"
"","Global","FUN_00582670","00582670","","Global","FUN_006f7240","006f7240","0"
"","Global","FUN_00582990","00582990","","Global","FUN_006f7560","006f7560","0"
"","Global","FUN_00582b70","00582b70","","Global","FUN_006f7740","006f7740","0"
"","Global","FUN_00582bb0","00582bb0","","Global","FUN_006f7780","006f7780","0"
"","Global","FUN_00584040","00584040","","Global","FUN_006f8c10","006f8c10","0"
"","Global","FUN_00584160","00584160","","Global","FUN_006f8d30","006f8d30","0"
"","Global","FUN_005841d0","005841d0","","Global","FUN_006f8da0","006f8da0","0"
"","Global","FUN_00584250","00584250","","Global","FUN_006f8e20","006f8e20","0"
"","Global","FUN_005848e0","005848e0","","Global","FUN_006f94b0","006f94b0","0"
"","Global","FUN_00585860","00585860","","Global","FUN_006fa430","006fa430","0"
"","Global","FUN_00585ec0","00585ec0","","Global","FUN_006faa90","006faa90","0"
"","Global","FUN_00585ef0","00585ef0","","Global","FUN_006faac0","006faac0","0"
"","Global","FUN_005860e0","005860e0","","Global","FUN_006facb0","006facb0","0"
"","Global","FUN_00586120","00586120","","Global","FUN_006facf0","006facf0","0"
"","Global","FUN_00586280","00586280","","Global","FUN_006fae50","006fae50","0"
"","Global","FUN_005862d0","005862d0","","Global","FUN_006faea0","006faea0","0"
"","Global","FUN_00586440","00586440","","Global","FUN_006fb010","006fb010","0"
"","Global","FUN_005864f0","005864f0","","Global","FUN_006fb0c0","006fb0c0","0"
"","Global","FUN_00586620","00586620","","Global","FUN_006fb1f0","006fb1f0","0"
"","Global","FUN_00586730","00586730","","Global","FUN_006fb300","006fb300","0"
"","Global","FUN_00586860","00586860","","Global","FUN_006fb430","006fb430","0"
"","Global","FUN_00587530","00587530","","Global","FUN_006fc100","006fc100","0"
"","Global","FUN_00587590","00587590","","Global","FUN_006fc160","006fc160","0"
"","Global","FUN_00587660","00587660","","Global","FUN_006fc230","006fc230","0"
"","Global","FUN_00587770","00587770","","Global","FUN_006fc340","006fc340","0"
"","Global","FUN_00587900","00587900","","Global","FUN_006fc4d0","006fc4d0","0"
"","Global","FUN_00587a80","00587a80","","Global","FUN_006fc650","006fc650","0"
"","Global","FUN_00587ae0","00587ae0","","Global","FUN_006fc6b0","006fc6b0","0"
"","Global","FUN_00587b20","00587b20","","Global","FUN_006fc6f0","006fc6f0","0"
"","Global","FUN_00587b50","00587b50","","Global","FUN_006fc720","006fc720","0"
"","Global","FUN_00587b80","00587b80","","Global","FUN_006fc750","006fc750","0"
"","Global","FUN_00587c00","00587c00","","Global","FUN_006fc7d0","006fc7d0","0"
"","Global","FUN_00587d40","00587d40","","Global","FUN_006fc910","006fc910","0"
"","Global","FUN_005880e0","005880e0","","Global","FUN_006fccb0","006fccb0","0"
"","Global","FUN_005882d0","005882d0","","Global","FUN_006fcea0","006fcea0","0"
"","Global","FUN_00588370","00588370","","Global","FUN_006fcf40","006fcf40","0"
"","Global","FUN_00588720","00588720","","Global","FUN_006fd2f0","006fd2f0","0"
"","Global","FUN_00588750","00588750","","Global","FUN_006fd320","006fd320","0"
"","Global","FUN_005887b0","005887b0","","Global","FUN_006fd380","006fd380","0"
"","Global","FUN_00588800","00588800","","Global","FUN_006fd3d0","006fd3d0","0"
"","Global","FUN_00588980","00588980","","Global","FUN_006fd550","006fd550","0"
"","Global","FUN_005889e0","005889e0","","Global","FUN_006fd5b0","006fd5b0","0"
"","Global","FUN_00588ab0","00588ab0","","Global","FUN_006fd680","006fd680","0"
"","Global","FUN_00588bd0","00588bd0","","Global","FUN_006fd7a0","006fd7a0","0"
"","Global","FUN_00588c20","00588c20","","Global","FUN_006fd7f0","006fd7f0","0"
"","Global","FUN_00588cc0","00588cc0","","Global","FUN_006fd890","006fd890","0"
"","Global","FUN_00588d30","00588d30","","Global","FUN_006fd900","006fd900","0"
"","Global","FUN_00588f10","00588f10","","Global","FUN_006fdae0","006fdae0","0"
"","Global","FUN_00589190","00589190","","Global","FUN_006fdd60","006fdd60","0"
"","Global","FUN_005892f0","005892f0","","Global","FUN_006fdec0","006fdec0","0"
"","Global","FUN_00589700","00589700","","Global","FUN_006fe2d0","006fe2d0","0"
"","Global","FUN_00589750","00589750","","Global","FUN_006fe320","006fe320","0"
"","Global","FUN_00589780","00589780","","Global","FUN_006fe350","006fe350","0"
"","Global","FUN_00589cd0","00589cd0","","Global","FUN_006fe8a0","006fe8a0","0"
"","Global","FUN_0058a770","0058a770","","Global","FUN_006ff340","006ff340","0"
"","Global","FUN_0058a7d0","0058a7d0","","Global","FUN_006ff3a0","006ff3a0","0"
"","Global","FUN_0058a830","0058a830","","Global","FUN_006ff400","006ff400","0"
"","Global","FUN_0058a920","0058a920","","Global","FUN_006ff4f0","006ff4f0","0"
"","Global","FUN_0058aa40","0058aa40","","Global","FUN_006ff610","006ff610","0"
"","Global","FUN_0058aae0","0058aae0","","Global","FUN_006ff6b0","006ff6b0","0"
"","Global","FUN_0058acc0","0058acc0","","Global","FUN_006ff890","006ff890","0"
"","Global","FUN_0058ace0","0058ace0","","Global","FUN_006ff8b0","006ff8b0","0"
"","Global","FUN_0058ad30","0058ad30","","Global","FUN_006ff900","006ff900","0"
"","Global","FUN_0058ae70","0058ae70","","Global","FUN_006ffa40","006ffa40","0"
"","Global","FUN_0058b470","0058b470","","Global","FUN_00700040","00700040","0"
"","Global","FUN_0058b5f0","0058b5f0","","Global","FUN_007001c0","007001c0","0"
"","Global","FUN_0058b720","0058b720","","Global","FUN_007002f0","007002f0","0"
"","Global","FUN_0058b7e0","0058b7e0","","Global","FUN_007003b0","007003b0","0"
"","Global","FUN_0058b8c0","0058b8c0","","Global","FUN_00700490","00700490","0"
"","Global","FUN_0058b980","0058b980","","Global","FUN_00700550","00700550","0"
"","Global","FUN_0058ba90","0058ba90","","Global","FUN_00700660","00700660","0"
"","Global","FUN_0058bb90","0058bb90","","Global","FUN_00700760","00700760","0"
"","Global","FUN_0058bd50","0058bd50","","Global","FUN_00700920","00700920","0"
"","Global","FUN_0058c0f0","0058c0f0","","Global","FUN_00700cc0","00700cc0","0"
"","Global","FUN_0058c160","0058c160","","Global","FUN_00700d30","00700d30","0"
"","Global","FUN_0058c2d0","0058c2d0","","Global","FUN_00700ea0","00700ea0","0"
"","Global","FUN_0058c370","0058c370","","Global","FUN_00700f40","00700f40","0"
"","Global","FUN_0058c3a0","0058c3a0","","Global","FUN_00700f70","00700f70","0"
"","Global","FUN_0058c800","0058c800","","Global","FUN_007013d0","007013d0","0"
"","Global","FUN_0058c950","0058c950","","Global","FUN_00701520","00701520","0"
"","Global","FUN_0058cdf0","0058cdf0","","Global","FUN_007019c0","007019c0","0"
"","Global","FUN_0058d2f0","0058d2f0","","Global","FUN_00701ec0","00701ec0","0"
"","Global","FUN_0058d310","0058d310","","Global","FUN_00701ee0","00701ee0","0"
"","Global","FUN_0058d830","0058d830","","Global","FUN_00702400","00702400","0"
"","Global","FUN_0058e050","0058e050","","Global","FUN_00702c20","00702c20","0"
"","Global","FUN_0058e120","0058e120","","Global","FUN_00702cf0","00702cf0","0"
"","Global","FUN_0058e1e0","0058e1e0","","Global","FUN_00702db0","00702db0","0"
"","Global","FUN_0058e410","0058e410","","Global","FUN_00702fe0","00702fe0","0"
"","Global","FUN_0058ea30","0058ea30","","Global","FUN_00703600","00703600","0"
"","Global","FUN_0058ed80","0058ed80","","Global","FUN_00703950","00703950","0"
"","Global","FUN_0058edb0","0058edb0","","Global","FUN_00703980","00703980","0"
"","Global","FUN_0058f310","0058f310","","Global","FUN_00703ee0","00703ee0","0"
"","Global","FUN_0058f620","0058f620","","Global","FUN_007041f0","007041f0","0"
"","Global","FUN_005900c0","005900c0","","Global","FUN_00704c90","00704c90","0"
"","Global","FUN_00590100","00590100","","Global","FUN_00704cd0","00704cd0","0"
"","Global","FUN_00590220","00590220","","Global","FUN_00704df0","00704df0","0"
"","Global","FUN_005902f0","005902f0","","Global","FUN_00704ec0","00704ec0","0"
"","Global","FUN_00590330","00590330","","Global","FUN_00704f00","00704f00","0"
"","Global","FUN_00590460","00590460","","Global","FUN_00705030","00705030","0"
"","Global","FUN_00590640","00590640","","Global","FUN_00705210","00705210","0"
"","Global","FUN_00590720","00590720","","Global","FUN_007052f0","007052f0","0"
"","Global","FUN_00590790","00590790","","Global","FUN_00705360","00705360","0"
"","Global","FUN_00590810","00590810","","Global","FUN_007053e0","007053e0","0"
"","Global","FUN_00590b10","00590b10","","Global","FUN_007056e0","007056e0","0"
"","Global","FUN_00590c40","00590c40","","Global","FUN_00705810","00705810","0"
"","Global","FUN_00591860","00591860","","Global","FUN_00706430","00706430","0"
"","Global","FUN_00591930","00591930","","Global","FUN_00706500","00706500","0"
"","Global","FUN_00591a10","00591a10","","Global","FUN_007065e0","007065e0","0"
"","Global","FUN_00592010","00592010","","Global","FUN_00706be0","00706be0","0"
"","Global","FUN_00592630","00592630","","Global","FUN_00707200","00707200","0"
"","Global","FUN_005929b0","005929b0","","Global","FUN_00707580","00707580","0"
"","Global","FUN_005930a0","005930a0","","Global","FUN_00707c70","00707c70","0"
"","Global","FUN_00593aa0","00593aa0","","Global","FUN_00708670","00708670","0"
"","Global","FUN_00593b20","00593b20","","Global","FUN_007086f0","007086f0","0"
"","Global","FUN_00593b50","00593b50","","Global","FUN_00708720","00708720","0"
"","Global","FUN_00593ba0","00593ba0","","Global","FUN_00708770","00708770","0"
"","Global","FUN_00593d90","00593d90","","Global","FUN_00708960","00708960","0"
"","Global","FUN_00593e70","00593e70","","Global","FUN_00708a40","00708a40","0"
"","Global","FUN_00594050","00594050","","Global","FUN_00708c20","00708c20","0"
"","Global","FUN_00594110","00594110","","Global","FUN_00708ce0","00708ce0","0"
"","Global","FUN_005953d0","005953d0","","Global","FUN_00709fa0","00709fa0","0"
"","Global","FUN_00595400","00595400","","Global","FUN_00709fd0","00709fd0","0"
"","Global","FUN_00595470","00595470","","Global","FUN_0070a040","0070a040","0"
"","Global","FUN_00597250","00597250","","Global","FUN_0070be20","0070be20","0"
"","Global","FUN_00597300","00597300","","Global","FUN_0070bed0","0070bed0","0"
"","Global","FUN_005974a0","005974a0","","Global","FUN_0070c070","0070c070","0"
"","Global","FUN_005975a0","005975a0","","Global","FUN_0070c170","0070c170","0"
"","Global","FUN_00597650","00597650","","Global","FUN_0070c220","0070c220","0"
"","Global","FUN_005976e0","005976e0","","Global","FUN_0070c2b0","0070c2b0","0"
"","Global","FUN_00597760","00597760","","Global","FUN_0070c330","0070c330","0"
"","Global","FUN_005977f0","005977f0","","Global","FUN_0070c3c0","0070c3c0","0"
"","Global","FUN_005978a0","005978a0","","Global","FUN_0070c470","0070c470","0"
"","Global","FUN_00597940","00597940","","Global","FUN_0070c510","0070c510","0"
"","Global","FUN_005979f0","005979f0","","Global","FUN_0070c5c0","0070c5c0","0"
"","Global","FUN_00597b00","00597b00","","Global","FUN_0070c6d0","0070c6d0","0"
"","Global","FUN_00597c70","00597c70","","Global","FUN_0070c840","0070c840","0"
"","Global","FUN_00598750","00598750","","Global","FUN_0070d320","0070d320","0"
"","Global","FUN_00598820","00598820","","Global","FUN_0070d3f0","0070d3f0","0"
"","Global","FUN_005988d0","005988d0","","Global","FUN_0070d4a0","0070d4a0","0"
"","Global","FUN_00598900","00598900","","Global","FUN_0070d4d0","0070d4d0","0"
"","Global","FUN_00598940","00598940","","Global","FUN_0070d510","0070d510","0"
"","Global","FUN_00598970","00598970","","Global","FUN_0070d540","0070d540","0"
"","Global","FUN_00598b40","00598b40","","Global","FUN_0070d710","0070d710","0"
"","Global","FUN_00598c20","00598c20","","Global","FUN_0070d7f0","0070d7f0","0"
"","Global","FUN_00598d10","00598d10","","Global","FUN_0070d8e0","0070d8e0","0"
"","Global","FUN_00599840","00599840","","Global","FUN_0070e410","0070e410","0"
"","Global","FUN_00599ce0","00599ce0","","Global","FUN_0070e8b0","0070e8b0","0"
"","Global","FUN_00599f40","00599f40","","Global","FUN_0070eb10","0070eb10","0"
"","Global","FUN_0059a070","0059a070","","Global","FUN_0070ec40","0070ec40","0"
"","Global","FUN_0059a1c0","0059a1c0","","Global","FUN_0070ed90","0070ed90","0"
"","Global","FUN_0059a5d0","0059a5d0","","Global","FUN_0070f1a0","0070f1a0","0"
"","Global","FUN_0059ad00","0059ad00","","Global","FUN_0070f8d0","0070f8d0","0"
"","Global","FUN_0059b3c0","0059b3c0","","Global","FUN_0070ff90","0070ff90","0"
"","Global","FUN_0059b440","0059b440","","Global","FUN_00710010","00710010","0"
"","Global","FUN_0059b590","0059b590","","Global","FUN_00710160","00710160","0"
"","Global","FUN_0059c2c0","0059c2c0","","Global","FUN_00710e90","00710e90","0"
"","Global","FUN_0059c500","0059c500","","Global","FUN_007110d0","007110d0","0"
"","Global","FUN_0059c590","0059c590","","Global","FUN_00711160","00711160","0"
"","Global","FUN_0059c640","0059c640","","Global","FUN_00711210","00711210","0"
"","Global","FUN_0059c6b0","0059c6b0","","Global","FUN_00711280","00711280","0"
"","Global","FUN_0059c880","0059c880","","Global","FUN_00711450","00711450","0"
"","Global","FUN_0059c910","0059c910","","Global","FUN_007114e0","007114e0","0"
"","Global","FUN_0059d4a0","0059d4a0","","Global","FUN_00712070","00712070","0"
"","Global","FUN_0059d850","0059d850","","Global","FUN_00712420","00712420","0"
"","Global","FUN_0059dac0","0059dac0","","Global","FUN_00712690","00712690","0"
"","Global","FUN_0059dcd0","0059dcd0","","Global","FUN_007128a0","007128a0","0"
"","Global","FUN_0059df20","0059df20","","Global","FUN_00712af0","00712af0","0"
"","Global","FUN_0059e150","0059e150","","Global","FUN_00712d20","00712d20","0"
"","Global","FUN_0059e3c0","0059e3c0","","Global","FUN_00712f90","00712f90","0"
"","Global","FUN_0059e620","0059e620","","Global","FUN_007131f0","007131f0","0"
"","Global","FUN_0059e7e0","0059e7e0","","Global","FUN_007133b0","007133b0","0"
"","Global","FUN_0059e830","0059e830","","Global","FUN_00713400","00713400","0"
"","Global","FUN_005a0050","005a0050","","Global","FUN_00714c20","00714c20","0"
"","Global","FUN_005a01a0","005a01a0","","Global","FUN_00714d70","00714d70","0"
"","Global","FUN_005a01e0","005a01e0","","Global","FUN_00714db0","00714db0","0"
"","Global","FUN_005a0320","005a0320","","Global","FUN_00714ef0","00714ef0","0"
"","Global","FUN_005a0460","005a0460","","Global","FUN_00715030","00715030","0"
"","Global","FUN_005a0560","005a0560","","Global","FUN_00715130","00715130","0"
"","Global","FUN_005a06e0","005a06e0","","Global","FUN_007152b0","007152b0","0"
"","Global","FUN_005a0780","005a0780","","Global","FUN_00715350","00715350","0"
"","Global","FUN_005a07e0","005a07e0","","Global","FUN_007153b0","007153b0","0"
"","Global","FUN_005a0970","005a0970","","Global","FUN_00715540","00715540","0"
"","Global","FUN_005a09a0","005a09a0","","Global","FUN_00715570","00715570","0"
"","Global","FUN_005a0aa0","005a0aa0","","Global","FUN_00715670","00715670","0"
"","Global","FUN_005a0ad0","005a0ad0","","Global","FUN_007156a0","007156a0","0"
"","Global","FUN_005a0bb0","005a0bb0","","Global","FUN_00715780","00715780","0"
"","Global","FUN_005a0c00","005a0c00","","Global","FUN_007157d0","007157d0","0"
"","Global","FUN_005a0cd0","005a0cd0","","Global","FUN_007158a0","007158a0","0"
"","Global","FUN_005a0d80","005a0d80","","Global","FUN_00715950","00715950","0"
"","Global","FUN_005a0e50","005a0e50","","Global","FUN_00715a20","00715a20","0"
"","Global","FUN_005a1080","005a1080","","Global","FUN_00715c50","00715c50","0"
"","Global","FUN_005a12d0","005a12d0","","Global","FUN_00715ea0","00715ea0","0"
"","Global","FUN_005a13d0","005a13d0","","Global","FUN_00715fa0","00715fa0","0"
"","Global","FUN_005a15e0","005a15e0","","Global","FUN_007161b0","007161b0","0"
"","Global","FUN_005a16d0","005a16d0","","Global","FUN_007162a0","007162a0","0"
"","Global","FUN_005a18d0","005a18d0","","Global","FUN_007164a0","007164a0","0"
"","Global","FUN_005a1ab0","005a1ab0","","Global","FUN_00716680","00716680","0"
"","Global","FUN_005a1cf0","005a1cf0","","Global","FUN_007168c0","007168c0","0"
"","Global","FUN_005a1d10","005a1d10","","Global","FUN_007168e0","007168e0","0"
"","Global","FUN_005a2090","005a2090","","Global","FUN_00716c60","00716c60","0"
"","Global","FUN_005a22c0","005a22c0","","Global","FUN_00716e90","00716e90","0"
"","Global","FUN_005a2510","005a2510","","Global","FUN_007170e0","007170e0","0"
"","Global","FUN_005a2540","005a2540","","Global","FUN_00717110","00717110","0"
"","Global","FUN_005a2570","005a2570","","Global","FUN_00717140","00717140","0"
"","Global","FUN_005a2980","005a2980","","Global","FUN_00717550","00717550","0"
"","Global","FUN_005a29e0","005a29e0","","Global","FUN_007175b0","007175b0","0"
"","Global","FUN_005a2b10","005a2b10","","Global","FUN_007176e0","007176e0","0"
"","Global","FUN_005a2bc0","005a2bc0","","Global","FUN_00717790","00717790","0"
"","Global","FUN_005a2c70","005a2c70","","Global","FUN_00717840","00717840","0"
"","Global","FUN_005a2db0","005a2db0","","Global","FUN_00717980","00717980","0"
"","Global","FUN_005a2e90","005a2e90","","Global","FUN_00717a60","00717a60","0"
"","Global","FUN_005a2ec0","005a2ec0","","Global","FUN_00717a90","00717a90","0"
"","Global","FUN_005a2fe0","005a2fe0","","Global","FUN_00717bb0","00717bb0","0"
"","Global","FUN_005a3010","005a3010","","Global","FUN_00717be0","00717be0","0"
"","Global","FUN_005a34a0","005a34a0","","Global","FUN_00718070","00718070","0"
"","Global","FUN_005a3640","005a3640","","Global","FUN_00718210","00718210","0"
"","Global","FUN_005a3660","005a3660","","Global","FUN_00718230","00718230","0"
"","Global","FUN_005a38b0","005a38b0","","Global","FUN_00718480","00718480","0"
"","Global","FUN_005a39c0","005a39c0","","Global","FUN_00718590","00718590","0"
"","Global","FUN_005a4100","005a4100","","Global","FUN_00718cd0","00718cd0","0"
"","Global","FUN_005a4130","005a4130","","Global","FUN_00718d00","00718d00","0"
"","Global","FUN_005a4180","005a4180","","Global","FUN_00718d50","00718d50","0"
"","Global","FUN_005a4200","005a4200","","Global","FUN_00718dd0","00718dd0","0"
"","Global","FUN_005a4300","005a4300","","Global","FUN_00718ed0","00718ed0","0"
"","Global","FUN_005a43e0","005a43e0","","Global","FUN_00718fb0","00718fb0","0"
"","Global","FUN_005a4470","005a4470","","Global","FUN_00719040","00719040","0"
"","Global","FUN_005a4760","005a4760","","Global","FUN_00719330","00719330","0"
"","Global","FUN_005a4820","005a4820","","Global","FUN_007193f0","007193f0","0"
"","Global","FUN_005a4c30","005a4c30","","Global","FUN_00719800","00719800","0"
"","Global","FUN_005a4c60","005a4c60","","Global","FUN_00719830","00719830","0"
"","Global","FUN_005a5510","005a5510","","Global","FUN_0071a0e0","0071a0e0","0"
"","Global","FUN_005a5570","005a5570","","Global","FUN_0071a140","0071a140","0"
"","Global","FUN_005a55b0","005a55b0","","Global","FUN_0071a180","0071a180","0"
"","Global","FUN_005a5650","005a5650","","Global","FUN_0071a220","0071a220","0"
"","Global","FUN_005a57f0","005a57f0","","Global","FUN_0071a3c0","0071a3c0","0"
"","Global","FUN_005a58b0","005a58b0","","Global","FUN_0071a480","0071a480","0"
"","Global","FUN_005a6e40","005a6e40","","Global","FUN_0071ba10","0071ba10","0"
"","Global","FUN_005a6f00","005a6f00","","Global","FUN_0071bad0","0071bad0","0"
"","Global","FUN_005a6f60","005a6f60","","Global","FUN_0071bb30","0071bb30","0"
"","Global","FUN_005a7ac0","005a7ac0","","Global","FUN_0071c690","0071c690","0"
"","Global","FUN_005a8070","005a8070","","Global","FUN_0071cc40","0071cc40","0"
"","Global","FUN_005a82d0","005a82d0","","Global","FUN_0071cea0","0071cea0","0"
"","Global","FUN_005a8350","005a8350","","Global","FUN_0071cf20","0071cf20","0"
"","Global","FUN_005a8450","005a8450","","Global","FUN_0071d020","0071d020","0"
"","Global","FUN_005a95f0","005a95f0","","Global","FUN_0071e1c0","0071e1c0","0"
"","Global","FUN_005a9b20","005a9b20","","Global","FUN_0071e6f0","0071e6f0","0"
"","Global","FUN_005a9bb0","005a9bb0","","Global","FUN_0071e780","0071e780","0"
"","Global","FUN_005a9e80","005a9e80","","Global","FUN_0071ea50","0071ea50","0"
"","Global","FUN_005ac6f0","005ac6f0","","Global","FUN_007212c0","007212c0","0"
"","Global","FUN_005ac830","005ac830","","Global","FUN_00721400","00721400","0"
"","Global","FUN_005acac0","005acac0","","Global","FUN_00721690","00721690","0"
"","Global","FUN_005acc90","005acc90","","Global","FUN_00721860","00721860","0"
"","Global","FUN_005accf0","005accf0","","Global","FUN_007218c0","007218c0","0"
"","Global","FUN_005aced0","005aced0","","Global","FUN_00721aa0","00721aa0","0"
"","Global","FUN_005ad400","005ad400","","Global","FUN_00721fd0","00721fd0","0"
"","Global","FUN_005adc30","005adc30","","Global","FUN_00722800","00722800","0"
"","Global","FUN_005aded0","005aded0","","Global","FUN_00722aa0","00722aa0","0"
"","Global","FUN_005adf10","005adf10","","Global","FUN_00722ae0","00722ae0","0"
"","Global","FUN_005adfc0","005adfc0","","Global","FUN_00722b90","00722b90","0"
"","Global","FUN_005ae560","005ae560","","Global","FUN_00723130","00723130","0"
"","Global","FUN_005ae580","005ae580","","Global","FUN_00723150","00723150","0"
"","Global","FUN_005aead0","005aead0","","Global","FUN_007236a0","007236a0","0"
"","Global","FUN_005af2c0","005af2c0","","Global","FUN_00723e90","00723e90","0"
"","Global","FUN_005afab0","005afab0","","Global","FUN_00724680","00724680","0"
"","Global","FUN_005afb70","005afb70","","Global","FUN_00724740","00724740","0"
"","Global","FUN_005b01c0","005b01c0","","Global","FUN_00724d90","00724d90","0"
"","Global","FUN_005b0e90","005b0e90","","Global","FUN_00725a60","00725a60","0"
"","Global","FUN_005b11a0","005b11a0","","Global","FUN_00725d70","00725d70","0"
"","Global","FUN_005b11d0","005b11d0","","Global","FUN_00725da0","00725da0","0"
"","Global","FUN_005b1220","005b1220","","Global","FUN_00725df0","00725df0","0"
"","Global","FUN_005b1250","005b1250","","Global","FUN_00725e20","00725e20","0"
"","Global","FUN_005b12d0","005b12d0","","Global","FUN_00725ea0","00725ea0","0"
"","Global","FUN_005b1390","005b1390","","Global","FUN_00725f60","00725f60","0"
"","Global","FUN_005b14c0","005b14c0","","Global","FUN_00726090","00726090","0"
"","Global","FUN_005b1530","005b1530","","Global","FUN_00726100","00726100","0"
"","Global","FUN_005b1680","005b1680","","Global","FUN_00726250","00726250","0"
"","Global","FUN_005b1b30","005b1b30","","Global","FUN_00726700","00726700","0"
"","Global","FUN_005b2560","005b2560","","Global","FUN_00727130","00727130","0"
"","Global","FUN_005b2730","005b2730","","Global","FUN_00727300","00727300","0"
"","Global","FUN_005b2770","005b2770","","Global","FUN_00727340","00727340","0"
"","Global","FUN_005b27a0","005b27a0","","Global","FUN_00727370","00727370","0"
"","Global","FUN_005b2800","005b2800","","Global","FUN_007273d0","007273d0","0"
"","Global","FUN_005b28a0","005b28a0","","Global","FUN_00727470","00727470","0"
"","Global","FUN_005b28d0","005b28d0","","Global","FUN_007274a0","007274a0","0"
"","Global","FUN_005b2910","005b2910","","Global","FUN_007274e0","007274e0","0"
"","Global","FUN_005b34f0","005b34f0","","Global","FUN_007280c0","007280c0","0"
"","Global","FUN_005b3580","005b3580","","Global","FUN_00728150","00728150","0"
"","Global","FUN_005b36e0","005b36e0","","Global","FUN_007282b0","007282b0","0"
"","Global","FUN_005b3740","005b3740","","Global","FUN_00728310","00728310","0"
"","Global","FUN_005b38d0","005b38d0","","Global","FUN_007284a0","007284a0","0"
"","Global","FUN_005b3930","005b3930","","Global","FUN_00728500","00728500","0"
"","Global","FUN_005b39c0","005b39c0","","Global","FUN_00728590","00728590","0"
"","Global","FUN_005b39f0","005b39f0","","Global","FUN_007285c0","007285c0","0"
"","Global","FUN_005b3aa0","005b3aa0","","Global","FUN_00728670","00728670","0"
"","Global","FUN_005b4480","005b4480","","Global","FUN_00729050","00729050","0"
"","Global","FUN_005b44e0","005b44e0","","Global","FUN_007290b0","007290b0","0"
"","Global","FUN_005b4570","005b4570","","Global","FUN_00729140","00729140","0"
"","Global","FUN_005b4760","005b4760","","Global","FUN_00729330","00729330","0"
"","Global","FUN_005b4960","005b4960","","Global","FUN_00729530","00729530","0"
"","Global","FUN_005b4d20","005b4d20","","Global","FUN_007298f0","007298f0","0"
"","Global","FUN_005b4df0","005b4df0","","Global","FUN_007299c0","007299c0","0"
"","Global","FUN_005b4f60","005b4f60","","Global","FUN_00729b30","00729b30","0"
"","Global","FUN_005b4fa0","005b4fa0","","Global","FUN_00729b70","00729b70","0"
"","Global","FUN_005b5000","005b5000","","Global","FUN_00729bd0","00729bd0","0"
"","Global","FUN_005b51f0","005b51f0","","Global","FUN_00729dc0","00729dc0","0"
"","Global","FUN_005b5340","005b5340","","Global","FUN_00729f10","00729f10","0"
"","Global","FUN_005b5490","005b5490","","Global","FUN_0072a060","0072a060","0"
"","Global","FUN_005b5580","005b5580","","Global","FUN_0072a150","0072a150","0"
"","Global","FUN_005b56a0","005b56a0","","Global","FUN_0072a270","0072a270","0"
"","Global","FUN_005b5780","005b5780","","Global","FUN_0072a350","0072a350","0"
"","Global","FUN_005b5a00","005b5a00","","Global","FUN_0072a5d0","0072a5d0","0"
"","Global","FUN_005b5a40","005b5a40","","Global","FUN_0072a610","0072a610","0"
"","Global","FUN_005b5bf0","005b5bf0","","Global","FUN_0072a7c0","0072a7c0","0"
"","Global","FUN_005b5c70","005b5c70","","Global","FUN_0072a840","0072a840","0"
"","Global","FUN_005b5d30","005b5d30","","Global","FUN_0072a900","0072a900","0"
"","Global","FUN_005b6390","005b6390","","Global","FUN_0072af60","0072af60","0"
"","Global","FUN_005b6660","005b6660","","Global","FUN_0072b230","0072b230","0"
"","Global","FUN_005b67f0","005b67f0","","Global","FUN_0072b3c0","0072b3c0","0"
"","Global","FUN_005b6890","005b6890","","Global","FUN_0072b460","0072b460","0"
"","Global","FUN_005b69a0","005b69a0","","Global","FUN_0072b570","0072b570","0"
"","Global","FUN_005b6b50","005b6b50","","Global","FUN_0072b720","0072b720","0"
"","Global","FUN_005b6c10","005b6c10","","Global","FUN_0072b7e0","0072b7e0","0"
"","Global","FUN_005b6d20","005b6d20","","Global","FUN_0072b8f0","0072b8f0","0"
"","Global","FUN_005b6f10","005b6f10","","Global","FUN_0072bae0","0072bae0","0"
"","Global","FUN_005b7050","005b7050","","Global","FUN_0072bc20","0072bc20","0"
"","Global","FUN_005b74d0","005b74d0","","Global","FUN_0072c0a0","0072c0a0","0"
"","Global","FUN_005b75e0","005b75e0","","Global","FUN_0072c1b0","0072c1b0","0"
"","Global","FUN_005b7740","005b7740","","Global","FUN_0072c310","0072c310","0"
"","Global","FUN_005b7880","005b7880","","Global","FUN_0072c450","0072c450","0"
"","Global","FUN_005b7a30","005b7a30","","Global","FUN_0072c600","0072c600","0"
"","Global","FUN_005b7a70","005b7a70","","Global","FUN_0072c640","0072c640","0"
"","Global","FUN_005b7aa0","005b7aa0","","Global","FUN_0072c670","0072c670","0"
"","Global","FUN_005b7ac0","005b7ac0","","Global","FUN_0072c690","0072c690","0"
"","Global","FUN_005b7c00","005b7c00","","Global","FUN_0072c7d0","0072c7d0","0"
"","Global","FUN_005babf0","005babf0","","Global","FUN_0072f7c0","0072f7c0","0"
"","Global","FUN_005bacc0","005bacc0","","Global","FUN_0072f890","0072f890","0"
"","Global","FUN_005baea0","005baea0","","Global","FUN_0072fa70","0072fa70","0"
"","Global","FUN_005bb0e0","005bb0e0","","Global","FUN_0072fcb0","0072fcb0","0"
"","Global","FUN_005bb440","005bb440","","Global","FUN_00730010","00730010","0"
"","Global","FUN_005bb5f0","005bb5f0","","Global","FUN_007301c0","007301c0","0"
"","Global","FUN_005bb660","005bb660","","Global","FUN_00730230","00730230","0"
"","Global","FUN_005bba40","005bba40","","Global","FUN_00730610","00730610","0"
"","Global","FUN_005bbac0","005bbac0","","Global","FUN_00730690","00730690","0"
"","Global","FUN_005bbaf0","005bbaf0","","Global","FUN_007306c0","007306c0","0"
"","Global","FUN_005bbb70","005bbb70","","Global","FUN_00730740","00730740","0"
"","Global","FUN_005bbf40","005bbf40","","Global","FUN_00730b10","00730b10","0"
"","Global","FUN_005bbf90","005bbf90","","Global","FUN_00730b60","00730b60","0"
"","Global","FUN_005bc090","005bc090","","Global","FUN_00730c60","00730c60","0"
"","Global","FUN_005bc0d0","005bc0d0","","Global","FUN_00730ca0","00730ca0","0"
"","Global","FUN_005bc180","005bc180","","Global","FUN_00730d50","00730d50","0"
"","Global","FUN_005bc3c0","005bc3c0","","Global","FUN_00730f90","00730f90","0"
"","Global","FUN_005bc560","005bc560","","Global","FUN_00731130","00731130","0"
"","Global","FUN_005bc5e0","005bc5e0","","Global","FUN_007311b0","007311b0","0"
"","Global","FUN_005bc670","005bc670","","Global","FUN_00731240","00731240","0"
"","Global","FUN_005bc740","005bc740","","Global","FUN_00731310","00731310","0"
"","Global","FUN_005bc980","005bc980","","Global","FUN_00731550","00731550","0"
"","Global","FUN_005bcb40","005bcb40","","Global","FUN_00731710","00731710","0"
"","Global","FUN_005bcbf0","005bcbf0","","Global","FUN_007317c0","007317c0","0"
"","Global","FUN_005bccd0","005bccd0","","Global","FUN_007318a0","007318a0","0"
"","Global","FUN_005bcee0","005bcee0","","Global","FUN_00731ab0","00731ab0","0"
"","Global","FUN_005bcf00","005bcf00","","Global","FUN_00731ad0","00731ad0","0"
"","Global","FUN_005bd310","005bd310","","Global","FUN_00731ee0","00731ee0","0"
"","Global","FUN_005bdb30","005bdb30","","Global","FUN_00732700","00732700","0"
"","Global","FUN_005bdc40","005bdc40","","Global","FUN_00732810","00732810","0"
"","Global","FUN_005be1e0","005be1e0","","Global","FUN_00732db0","00732db0","0"
"","Global","FUN_005be370","005be370","","Global","FUN_00732f40","00732f40","0"
"","Global","FUN_005be4f0","005be4f0","","Global","FUN_007330c0","007330c0","0"
"","Global","FUN_005be5e0","005be5e0","","Global","FUN_007331b0","007331b0","0"
"","Global","FUN_005be980","005be980","","Global","FUN_00733550","00733550","0"
"","Global","FUN_005beb70","005beb70","","Global","FUN_00733740","00733740","0"
"","Global","FUN_005bf0a0","005bf0a0","","Global","FUN_00733c70","00733c70","0"
"","Global","FUN_005bf620","005bf620","","Global","FUN_007341f0","007341f0","0"
"","Global","FUN_005c14c0","005c14c0","","Global","FUN_00736090","00736090","0"
"","Global","FUN_005c1540","005c1540","","Global","FUN_00736110","00736110","0"
"","Global","FUN_005c1900","005c1900","","Global","FUN_007364d0","007364d0","0"
"","Global","FUN_005c2a00","005c2a00","","Global","FUN_007375d0","007375d0","0"
"","Global","FUN_005c2ad0","005c2ad0","","Global","FUN_007376a0","007376a0","0"
"","Global","FUN_005c2e80","005c2e80","","Global","FUN_00737a50","00737a50","0"
"","Global","FUN_005c2f60","005c2f60","","Global","FUN_00737b30","00737b30","0"
"","Global","FUN_005c3060","005c3060","","Global","FUN_00737c30","00737c30","0"
"","Global","FUN_005c31d0","005c31d0","","Global","FUN_00737da0","00737da0","0"
"","Global","FUN_005c3310","005c3310","","Global","FUN_00737ee0","00737ee0","0"
"","Global","FUN_005c3410","005c3410","","Global","FUN_00737fe0","00737fe0","0"
"","Global","FUN_005c34c0","005c34c0","","Global","FUN_00738090","00738090","0"
"","Global","FUN_005c3570","005c3570","","Global","FUN_00738140","00738140","0"
"","Global","FUN_005c3590","005c3590","","Global","FUN_00738160","00738160","0"
"","Global","FUN_005c35c0","005c35c0","","Global","FUN_00738190","00738190","0"
"","Global","FUN_005c3630","005c3630","","Global","FUN_00738200","00738200","0"
"","Global","FUN_005c36f0","005c36f0","","Global","FUN_007382c0","007382c0","0"
"","Global","FUN_005c39d0","005c39d0","","Global","FUN_007385a0","007385a0","0"
"","Global","FUN_005c41d0","005c41d0","","Global","FUN_00738da0","00738da0","0"
"","Global","FUN_005c42f0","005c42f0","","Global","FUN_00738ec0","00738ec0","0"
"","Global","FUN_005c4320","005c4320","","Global","FUN_00738ef0","00738ef0","0"
"","Global","FUN_005c43a0","005c43a0","","Global","FUN_00738f70","00738f70","0"
"","Global","FUN_005c4740","005c4740","","Global","FUN_00739310","00739310","0"
"","Global","FUN_005c4c60","005c4c60","","Global","FUN_00739830","00739830","0"
"","Global","FUN_005c5100","005c5100","","Global","FUN_00739cd0","00739cd0","0"
"","Global","FUN_005c52c0","005c52c0","","Global","FUN_00739e90","00739e90","0"
"","Global","FUN_005c5380","005c5380","","Global","FUN_00739f50","00739f50","0"
"","Global","FUN_005c54e0","005c54e0","","Global","FUN_0073a0b0","0073a0b0","0"
"","Global","FUN_005c5670","005c5670","","Global","FUN_0073a240","0073a240","0"
"","Global","FUN_005c5960","005c5960","","Global","FUN_0073a530","0073a530","0"
"","Global","FUN_005c5a10","005c5a10","","Global","FUN_0073a5e0","0073a5e0","0"
"","Global","FUN_005c5a60","005c5a60","","Global","FUN_0073a630","0073a630","0"
"","Global","FUN_005c5ba0","005c5ba0","","Global","FUN_0073a770","0073a770","0"
"","Global","FUN_005c5d70","005c5d70","","Global","FUN_0073a940","0073a940","0"
"","Global","FUN_005c5e70","005c5e70","","Global","FUN_0073aa40","0073aa40","0"
"","Global","FUN_005c5f00","005c5f00","","Global","FUN_0073aad0","0073aad0","0"
"","Global","FUN_005c65c0","005c65c0","","Global","FUN_0073b190","0073b190","0"
"","Global","FUN_005c9c30","005c9c30","","Global","FUN_0073e800","0073e800","0"
"","Global","FUN_005c9df0","005c9df0","","Global","FUN_0073e9c0","0073e9c0","0"
"","Global","FUN_005c9fe0","005c9fe0","","Global","FUN_0073ebb0","0073ebb0","0"
"","Global","FUN_005ca0a0","005ca0a0","","Global","FUN_0073ec70","0073ec70","0"
"","Global","FUN_005ca0c0","005ca0c0","","Global","FUN_0073ec90","0073ec90","0"
"","Global","FUN_005ca0f0","005ca0f0","","Global","FUN_0073ecc0","0073ecc0","0"
"","Global","FUN_005ca880","005ca880","","Global","FUN_0073f450","0073f450","0"
"","Global","FUN_005ca940","005ca940","","Global","FUN_0073f510","0073f510","0"
"","Global","FUN_005ca9f0","005ca9f0","","Global","FUN_0073f5c0","0073f5c0","0"
"","Global","FUN_005cad50","005cad50","","Global","FUN_0073f920","0073f920","0"
"","Global","FUN_005caea0","005caea0","","Global","FUN_0073fa70","0073fa70","0"
"","Global","FUN_005cc4e0","005cc4e0","","Global","FUN_007410b0","007410b0","0"
"","Global","FUN_005cff60","005cff60","","Global","FUN_00744b30","00744b30","0"
"","Global","FUN_005d0850","005d0850","","Global","FUN_00745420","00745420","0"
"","Global","FUN_005d0a60","005d0a60","","Global","FUN_00745630","00745630","0"
"","Global","FUN_005d0ad0","005d0ad0","","Global","FUN_007456a0","007456a0","0"
"","Global","FUN_005d0c00","005d0c00","","Global","FUN_007457d0","007457d0","0"
"","Global","FUN_005d0ee0","005d0ee0","","Global","FUN_00745ab0","00745ab0","0"
"","Global","FUN_005d0f10","005d0f10","","Global","FUN_00745ae0","00745ae0","0"
"","Global","FUN_005d0f70","005d0f70","","Global","FUN_00745b40","00745b40","0"
"","Global","FUN_005d10c0","005d10c0","","Global","FUN_00745c90","00745c90","0"
"","Global","FUN_005d14d0","005d14d0","","Global","FUN_007460a0","007460a0","0"
"","Global","FUN_005d15d0","005d15d0","","Global","FUN_007461a0","007461a0","0"
"","Global","FUN_005d1cd0","005d1cd0","","Global","FUN_007468a0","007468a0","0"
"","Global","FUN_005d2710","005d2710","","Global","FUN_007472e0","007472e0","0"
"","Global","FUN_005d2740","005d2740","","Global","FUN_00747310","00747310","0"
"","Global","FUN_005d2800","005d2800","","Global","FUN_007473d0","007473d0","0"
"","Global","FUN_005d2830","005d2830","","Global","FUN_00747400","00747400","0"
"","Global","FUN_005d28e0","005d28e0","","Global","FUN_007474b0","007474b0","0"
"","Global","FUN_005d2990","005d2990","","Global","FUN_00747560","00747560","0"
"","Global","FUN_005d2a90","005d2a90","","Global","FUN_00747660","00747660","0"
"","Global","FUN_005d32d0","005d32d0","","Global","FUN_00747ea0","00747ea0","0"
"","Global","FUN_005d32f0","005d32f0","","Global","FUN_00747ec0","00747ec0","0"
"","Global","FUN_005d33e0","005d33e0","","Global","FUN_00747fb0","00747fb0","0"
"","Global","FUN_005d3430","005d3430","","Global","FUN_00748000","00748000","0"
"","Global","FUN_005d35c0","005d35c0","","Global","FUN_00748190","00748190","0"
"","Global","FUN_005d36b0","005d36b0","","Global","FUN_00748280","00748280","0"
"","Global","FUN_005d38e0","005d38e0","","Global","FUN_007484b0","007484b0","0"
"","Global","FUN_005d4500","005d4500","","Global","FUN_007490d0","007490d0","0"
"","Global","FUN_005d47e0","005d47e0","","Global","FUN_007493b0","007493b0","0"
"","Global","FUN_005d4860","005d4860","","Global","FUN_00749430","00749430","0"
"","Global","FUN_005d4900","005d4900","","Global","FUN_007494d0","007494d0","0"
"","Global","FUN_005d4950","005d4950","","Global","FUN_00749520","00749520","0"
"","Global","FUN_005d4aa0","005d4aa0","","Global","FUN_00749670","00749670","0"
"","Global","FUN_005d4b80","005d4b80","","Global","FUN_00749750","00749750","0"
"","Global","FUN_005d4c80","005d4c80","","Global","FUN_00749850","00749850","0"
"","Global","FUN_005d4cc0","005d4cc0","","Global","FUN_00749890","00749890","0"
"","Global","FUN_005d4ce0","005d4ce0","","Global","FUN_007498b0","007498b0","0"
"","Global","FUN_005d4d20","005d4d20","","Global","FUN_007498f0","007498f0","0"
"","Global","FUN_005d4d50","005d4d50","","Global","FUN_00749920","00749920","0"
"","Global","FUN_005d4d90","005d4d90","","Global","FUN_00749960","00749960","0"
"","Global","FUN_005d4e60","005d4e60","","Global","FUN_00749a30","00749a30","0"
"","Global","FUN_005d55b0","005d55b0","","Global","FUN_0074a180","0074a180","0"
"","Global","FUN_005d5710","005d5710","","Global","FUN_0074a2e0","0074a2e0","0"
"","Global","FUN_005d57a0","005d57a0","","Global","FUN_0074a370","0074a370","0"
"","Global","FUN_005d5990","005d5990","","Global","FUN_0074a560","0074a560","0"
"","Global","FUN_005d63c0","005d63c0","","Global","FUN_0074af90","0074af90","0"
"","Global","FUN_005d7540","005d7540","","Global","FUN_0074c110","0074c110","0"
"","Global","FUN_005d7580","005d7580","","Global","FUN_0074c150","0074c150","0"
"","Global","FUN_005d7780","005d7780","","Global","FUN_0074c350","0074c350","0"
"","Global","FUN_005d77e0","005d77e0","","Global","FUN_0074c3b0","0074c3b0","0"
"","Global","FUN_005d7840","005d7840","","Global","FUN_0074c410","0074c410","0"
"","Global","FUN_005d78e0","005d78e0","","Global","FUN_0074c4b0","0074c4b0","0"
"","Global","FUN_005d7c20","005d7c20","","Global","FUN_0074c7f0","0074c7f0","0"
"","Global","FUN_005d7f60","005d7f60","","Global","FUN_0074cb30","0074cb30","0"
"","Global","FUN_005d8060","005d8060","","Global","FUN_0074cc30","0074cc30","0"
"","Global","FUN_005d8470","005d8470","","Global","FUN_0074d040","0074d040","0"
"","Global","FUN_005d8ff0","005d8ff0","","Global","FUN_0074dbc0","0074dbc0","0"
"","Global","FUN_005d90e0","005d90e0","","Global","FUN_0074dcb0","0074dcb0","0"
"","Global","FUN_005d9130","005d9130","","Global","FUN_0074dd00","0074dd00","0"
"","Global","FUN_005d9330","005d9330","","Global","FUN_0074df00","0074df00","0"
"","Global","FUN_005d9380","005d9380","","Global","FUN_0074df50","0074df50","0"
"","Global","FUN_005d9470","005d9470","","Global","FUN_0074e040","0074e040","0"
"","Global","FUN_005d9700","005d9700","","Global","FUN_0074e2d0","0074e2d0","0"
"","Global","FUN_005d9b60","005d9b60","","Global","FUN_0074e730","0074e730","0"
"2","ATL::CComCritSecLock<ATL::CComCriticalSection>","CComCritSecLock<ATL::CComCriticalSection>","005d9bec","2","ATL::CComCritSecLock<ATL::CComCriticalSection>","CComCritSecLock<ATL::CComCriticalSection>","006bed84","0"
"2","ATL::CAtlBaseModule","CAtlBaseModule","005d9c20","2","ATL::CAtlBaseModule","CAtlBaseModule","006bedb8","0"
"2","ATL::_ATL_BASE_MODULE70","_ATL_BASE_MODULE70","005d9c82","2","ATL::_ATL_BASE_MODULE70","_ATL_BASE_MODULE70","006bee1a","0"
"","Global","FUN_005d9ca5","005d9ca5","","Global","FUN_006bee3d","006bee3d","0"
"2","ATL::CAtlBaseModule","~CAtlBaseModule","005d9cc1","2","ATL::CAtlBaseModule","~CAtlBaseModule","006bee59","0"
"2","ATL::CSimpleArray<HINSTANCE__*\,ATL::CSimpleArrayEqualHelper<HINSTANCE__*>_>","operator[]","005d9ce0","2","ATL::CSimpleArray<HINSTANCE__*\,ATL::CSimpleArrayEqualHelper<HINSTANCE__*>_>","operator[]","006bee78","0"
"","Global","FUN_005d9d0a","005d9d0a","","Global","FUN_006beea2","006beea2","0"
"2","ATL::CAtlBaseModule","AddResourceInstance","005d9d82","2","ATL::CAtlBaseModule","AddResourceInstance","006bef1a","0"
"2","ATL::CAtlBaseModule","GetHInstanceAt","005d9db5","2","ATL::CAtlBaseModule","GetHInstanceAt","006bef4d","0"
"2","ATL::CComCriticalSection","Init","005d9dfe","2","ATL::CComCriticalSection","Init","006bef96","0"
"","Global","InternalSetAtIndex","005d9e27","","Global","InternalSetAtIndex","006befbf","0"
"","Global","FUN_005d9e41","005d9e41","","Global","FUN_006befd9","006befd9","0"
"2","ATL::CSimpleArray<HINSTANCE__*\,ATL::CSimpleArrayEqualHelper<HINSTANCE__*>_>","RemoveAll","005d9e5e","2","ATL::CSimpleArray<HINSTANCE__*\,ATL::CSimpleArrayEqualHelper<HINSTANCE__*>_>","RemoveAll","006beff6","0"
"2","ATL::CSimpleArray<HINSTANCE__*\,ATL::CSimpleArrayEqualHelper<HINSTANCE__*>_>","RemoveAt","005d9e7b","2","ATL::CSimpleArray<HINSTANCE__*\,ATL::CSimpleArrayEqualHelper<HINSTANCE__*>_>","RemoveAt","006bf013","0"
"2","ATL::CAtlBaseModule","RemoveResourceInstance","005d9ec3","2","ATL::CAtlBaseModule","RemoveResourceInstance","006bf05b","0"
"","Global","FUN_005d9f2a","005d9f2a","","Global","FUN_006bf0c2","006bf0c2","0"
"","Global","FUN_005d9f45","005d9f45","","Global","FUN_006bf0dd","006bf0dd","0"
"","Global","FUN_005d9fa2","005d9fa2","","Global","FUN_006bf13a","006bf13a","0"
"","Global","FUN_005da03c","005da03c","","Global","FUN_006bf1d4","006bf1d4","0"
"2","ATL::CWin32Heap","~CWin32Heap","005da05c","2","ATL::CWin32Heap","~CWin32Heap","006bf1f4","0"
"","Global","FUN_005da078","005da078","","Global","FUN_006bf210","006bf210","0"
"2","ATL::CAtlStringMgr","Allocate","005da0c2","2","ATL::CAtlStringMgr","Allocate","006bf25a","0"
"","Global","FUN_005da142","005da142","","Global","FUN_006bf2da","006bf2da","0"
"","Global","FUN_005da169","005da169","","Global","FUN_006bf301","006bf301","0"
"2","ATL::CAtlStringMgr","Reallocate","005da18c","2","ATL::CAtlStringMgr","Reallocate","006bf324","0"
"2","ATL::CWin32Heap","Reallocate","005da1eb","2","ATL::CWin32Heap","Reallocate","006bf383","0"
"2","Global","`vector_destructor_iterator'","005da22d","2","Global","`vector_destructor_iterator'","006bf3c5","0"
"","Global","FUN_005da350","005da350","","Global","FUN_004571b0","004571b0","0"
"","Global","FUN_005da370","005da370","","Global","FUN_004571d0","004571d0","0"
"","Global","FUN_005df9f0","005df9f0","","Global","FUN_004e1710","004e1710","0"
"","Global","FUN_005e1340","005e1340","","Global","FUN_00790830","00790830","0"
"","Global","FUN_005e13f0","005e13f0","","Global","FUN_007908e0","007908e0","0"
"","Global","FUN_005e1420","005e1420","","Global","FUN_00790910","00790910","0"
"","Global","FUN_005e14c0","005e14c0","","Global","FUN_007909b0","007909b0","0"
"","Global","FUN_005e1910","005e1910","","Global","FUN_00790e00","00790e00","0"
"","Global","FUN_005e19d0","005e19d0","","Global","FUN_00790ec0","00790ec0","0"
"","Global","FUN_005e2330","005e2330","","Global","FUN_00791820","00791820","0"
"","Global","FUN_005e2420","005e2420","","Global","FUN_00791910","00791910","0"
"","Global","FUN_005e2700","005e2700","","Global","FUN_00791bf0","00791bf0","0"
"","Global","FUN_005e4430","005e4430","","Global","FUN_00793920","00793920","0"
"","Global","FUN_005e46d0","005e46d0","","Global","FUN_00793bc0","00793bc0","0"
"","Global","FUN_005e5f80","005e5f80","","Global","FUN_004f1f30","004f1f30","0"
"","Global","FUN_005eaab0","005eaab0","","Global","FUN_00799f90","00799f90","0"
"","Global","FUN_005eaaf0","005eaaf0","","Global","FUN_00799fd0","00799fd0","0"
"","Global","FUN_005eaed0","005eaed0","","Global","FUN_0079a3b0","0079a3b0","0"
"","Global","FUN_005eb060","005eb060","","Global","FUN_0079a540","0079a540","0"
"","Global","FUN_005eb470","005eb470","","Global","FUN_0079a950","0079a950","0"
"","Global","FUN_005eca40","005eca40","","Global","FUN_0079bf10","0079bf10","0"
"","Global","FUN_005eca80","005eca80","","Global","FUN_0079bf50","0079bf50","0"
"","Global","FUN_005ecaa0","005ecaa0","","Global","FUN_0079bf70","0079bf70","0"
"","Global","FUN_005ecc70","005ecc70","","Global","FUN_0079c140","0079c140","0"
"","Global","FUN_005ecc80","005ecc80","","Global","FUN_0079c150","0079c150","0"
"","Global","FUN_005eccb0","005eccb0","","Global","FUN_0079c180","0079c180","0"
"","Global","FUN_005ee7b0","005ee7b0","","Global","FUN_0079dc80","0079dc80","0"
"","Global","FUN_005ee7f0","005ee7f0","","Global","FUN_0079dcc0","0079dcc0","0"
"","Global","FUN_005ef0f0","005ef0f0","","Global","FUN_0079e5c0","0079e5c0","0"
"","Global","FUN_005ef180","005ef180","","Global","FUN_0079e650","0079e650","0"
"","Global","FUN_005f0330","005f0330","","Global","FUN_0079f800","0079f800","0"
"","Global","FUN_005f0350","005f0350","","Global","FUN_0079f820","0079f820","0"
"","Global","FUN_005f03c0","005f03c0","","Global","FUN_0079f890","0079f890","0"
"","Global","FUN_005f0430","005f0430","","Global","FUN_0079f900","0079f900","0"
"","Global","FUN_005f0570","005f0570","","Global","FUN_0079fa40","0079fa40","0"
"","Global","FUN_005f06a0","005f06a0","","Global","FUN_0079fb70","0079fb70","0"
"","Global","FUN_005f06d0","005f06d0","","Global","FUN_0079fba0","0079fba0","0"
"","Global","FUN_005f0810","005f0810","","Global","FUN_0079fce0","0079fce0","0"
"","Global","FUN_005f08c0","005f08c0","","Global","FUN_0079fd90","0079fd90","0"
"","Global","FUN_005f09e0","005f09e0","","Global","FUN_005320c0","005320c0","0"
"","Global","FUN_005f0ae0","005f0ae0","","Global","FUN_005321c0","005321c0","0"
"","Global","FUN_005f0b60","005f0b60","","Global","FUN_00532240","00532240","0"
"","Global","FUN_005f0c80","005f0c80","","Global","FUN_00532360","00532360","0"
"","Global","FUN_005f0d20","005f0d20","","Global","FUN_00532400","00532400","0"
"","Global","FUN_005f0e40","005f0e40","","Global","FUN_00532520","00532520","0"
"","Global","FUN_005f0f50","005f0f50","","Global","FUN_00532630","00532630","0"
"","Global","FUN_005f1060","005f1060","","Global","FUN_00532740","00532740","0"
"","Global","FUN_005f10e0","005f10e0","","Global","FUN_005327c0","005327c0","0"
"","Global","FUN_005f1180","005f1180","","Global","FUN_00532860","00532860","0"
"","Global","FUN_005f1230","005f1230","","Global","FUN_00532910","00532910","0"
"","Global","FUN_005f13c0","005f13c0","","Global","FUN_00532aa0","00532aa0","0"
"","Global","FUN_005f1450","005f1450","","Global","FUN_00532b30","00532b30","0"
"","Global","FUN_005f15d0","005f15d0","","Global","FUN_00532cb0","00532cb0","0"
"","Global","FUN_005f1630","005f1630","","Global","FUN_00532d10","00532d10","0"
"","Global","FUN_005f16c0","005f16c0","","Global","FUN_00532da0","00532da0","0"
"","Global","FUN_005f17c0","005f17c0","","Global","FUN_00532ea0","00532ea0","0"
"","Global","FUN_005f1900","005f1900","","Global","FUN_00532fe0","00532fe0","0"
"","Global","FUN_005f1970","005f1970","","Global","FUN_00533050","00533050","0"
"","Global","FUN_005f1a30","005f1a30","","Global","FUN_00533110","00533110","0"
"","Global","FUN_005f1c60","005f1c60","","Global","FUN_00533340","00533340","0"
"","Global","FUN_005f2030","005f2030","","Global","FUN_00533710","00533710","0"
"","Global","FUN_005f2090","005f2090","","Global","FUN_00533770","00533770","0"
"","Global","FUN_005f20f0","005f20f0","","Global","FUN_005337d0","005337d0","0"
"","Global","FUN_005f2150","005f2150","","Global","FUN_00533830","00533830","0"
"","Global","FUN_005f2180","005f2180","","Global","FUN_00533860","00533860","0"
"","Global","FUN_005f21b0","005f21b0","","Global","FUN_00533890","00533890","0"
"","Global","FUN_005f21e0","005f21e0","","Global","FUN_005338c0","005338c0","0"
"","Global","FUN_005f2250","005f2250","","Global","FUN_00533930","00533930","0"
"","Global","FUN_005f2580","005f2580","","Global","FUN_00533c60","00533c60","0"
"","Global","FUN_005f26c0","005f26c0","","Global","FUN_00533da0","00533da0","0"
"","Global","FUN_005f27b0","005f27b0","","Global","FUN_00533ec0","00533ec0","0"
"","Global","FUN_005f2a60","005f2a60","","Global","FUN_00534170","00534170","0"
"","Global","FUN_005f2d50","005f2d50","","Global","FUN_00534460","00534460","0"
"","Global","FUN_005f2d70","005f2d70","","Global","FUN_00534480","00534480","0"
"","Global","FUN_005f2ea0","005f2ea0","","Global","FUN_005345b0","005345b0","0"
"","Global","FUN_005f2f20","005f2f20","","Global","FUN_00534630","00534630","0"
"","Global","FUN_005f2fd0","005f2fd0","","Global","FUN_005346e0","005346e0","0"
"","Global","FUN_005f30d0","005f30d0","","Global","FUN_005347e0","005347e0","0"
"","Global","FUN_005f3160","005f3160","","Global","FUN_00534870","00534870","0"
"","Global","FUN_005f3590","005f3590","","Global","FUN_00534ca0","00534ca0","0"
"","Global","FUN_005f3660","005f3660","","Global","FUN_00534d70","00534d70","0"
"","Global","FUN_005f3a40","005f3a40","","Global","FUN_00535140","00535140","0"
"","Global","FUN_005f3bc0","005f3bc0","","Global","FUN_005352c0","005352c0","0"
"","Global","FUN_005f3c30","005f3c30","","Global","FUN_00535330","00535330","0"
"","Global","FUN_005f4100","005f4100","","Global","FUN_00535800","00535800","0"
"","Global","FUN_005f6ae0","005f6ae0","","Global","FUN_004df0f0","004df0f0","0"
"","Global","FUN_005f6e70","005f6e70","","Global","FUN_004df480","004df480","0"
"","Global","FUN_005f9090","005f9090","","Global","FUN_004e17e0","004e17e0","0"
"","Global","FUN_005f9330","005f9330","","Global","FUN_004e1a80","004e1a80","0"
"","Global","FUN_005f9600","005f9600","","Global","FUN_004e1d50","004e1d50","0"
"","Global","FUN_005fb830","005fb830","","Global","FUN_004e3fc0","004e3fc0","0"
"","Global","FUN_005fbb30","005fbb30","","Global","FUN_004e42c0","004e42c0","0"
"","Global","FUN_005fbd40","005fbd40","","Global","FUN_004e44d0","004e44d0","0"
"","Global","FUN_005fbd90","005fbd90","","Global","FUN_004e4520","004e4520","0"
"","Global","FUN_005fbfb0","005fbfb0","","Global","FUN_004e4740","004e4740","0"
"","Global","FUN_005fbff0","005fbff0","","Global","FUN_004e4780","004e4780","0"
"","Global","FUN_005fc160","005fc160","","Global","FUN_004e48f0","004e48f0","0"
"","Global","FUN_005fc2b0","005fc2b0","","Global","FUN_004e4a40","004e4a40","0"
"","Global","FUN_005fc310","005fc310","","Global","FUN_004e4aa0","004e4aa0","0"
"","Global","FUN_005fc480","005fc480","","Global","FUN_004e4c10","004e4c10","0"
"","Global","FUN_005fc4e0","005fc4e0","","Global","FUN_004e4c70","004e4c70","0"
"","Global","FUN_005fc540","005fc540","","Global","FUN_004e4d20","004e4d20","0"
"","Global","FUN_005fc6f0","005fc6f0","","Global","FUN_004e4ed0","004e4ed0","0"
"","Global","FUN_005fc7e0","005fc7e0","","Global","FUN_004e4fc0","004e4fc0","0"
"","Global","FUN_005fc970","005fc970","","Global","FUN_004e5150","004e5150","0"
"","Global","FUN_005fc9e0","005fc9e0","","Global","FUN_004e51c0","004e51c0","0"
"","Global","FUN_005fcb80","005fcb80","","Global","FUN_004e5360","004e5360","0"
"","Global","FUN_005fcbb0","005fcbb0","","Global","FUN_004e5390","004e5390","0"
"","Global","FUN_005fce90","005fce90","","Global","FUN_004e5670","004e5670","0"
"","Global","FUN_005fd080","005fd080","","Global","FUN_004e5860","004e5860","0"
"","Global","FUN_005fd270","005fd270","","Global","FUN_004e5ac0","004e5ac0","0"
"","Global","FUN_005fd390","005fd390","","Global","FUN_004e5be0","004e5be0","0"
"","Global","FUN_005fdb80","005fdb80","","Global","FUN_004e63d0","004e63d0","0"
"","Global","FUN_005fdc00","005fdc00","","Global","FUN_004e6450","004e6450","0"
"","Global","FUN_005fdd30","005fdd30","","Global","FUN_004e6580","004e6580","0"
"","Global","FUN_005fdee0","005fdee0","","Global","FUN_004e6730","004e6730","0"
"","Global","FUN_005fe020","005fe020","","Global","FUN_004e6870","004e6870","0"
"","Global","FUN_005fe0d0","005fe0d0","","Global","FUN_004e6920","004e6920","0"
"","Global","FUN_005fe2a0","005fe2a0","","Global","FUN_004e6af0","004e6af0","0"
"","Global","FUN_005fe3a0","005fe3a0","","Global","FUN_004e6bf0","004e6bf0","0"
"","Global","FUN_005fe640","005fe640","","Global","FUN_004e6e90","004e6e90","0"
"","Global","FUN_005fe790","005fe790","","Global","FUN_004e6fe0","004e6fe0","0"
"","Global","FUN_005fe890","005fe890","","Global","FUN_004e70e0","004e70e0","0"
"","Global","FUN_005fea00","005fea00","","Global","FUN_004e7250","004e7250","0"
"","Global","FUN_005fec50","005fec50","","Global","FUN_004e74b0","004e74b0","0"
"","Global","FUN_005ff050","005ff050","","Global","FUN_004e78b0","004e78b0","0"
"","Global","FUN_005ff2c0","005ff2c0","","Global","FUN_004e7b20","004e7b20","0"
"","Global","FUN_005ffa00","005ffa00","","Global","FUN_004e8260","004e8260","0"
"","Global","FUN_005ffb50","005ffb50","","Global","FUN_004e83d0","004e83d0","0"
"","Global","FUN_005ffca0","005ffca0","","Global","FUN_004e8520","004e8520","0"
"","Global","FUN_005ffd70","005ffd70","","Global","FUN_004e85f0","004e85f0","0"
"","Global","FUN_005fff20","005fff20","","Global","FUN_004e87a0","004e87a0","0"
"","Global","FUN_00600010","00600010","","Global","FUN_004e8890","004e8890","0"
"","Global","FUN_00600160","00600160","","Global","FUN_004e89e0","004e89e0","0"
"","Global","FUN_00600600","00600600","","Global","FUN_004e8e80","004e8e80","0"
"","Global","FUN_00600a70","00600a70","","Global","FUN_004e92f0","004e92f0","0"
"","Global","FUN_00600e40","00600e40","","Global","FUN_004e96c0","004e96c0","0"
"","Global","FUN_00600ea0","00600ea0","","Global","FUN_004e9720","004e9720","0"
"","Global","FUN_00600ed0","00600ed0","","Global","FUN_004e9750","004e9750","0"
"","Global","FUN_00601040","00601040","","Global","FUN_004e9920","004e9920","0"
"","Global","FUN_006026d0","006026d0","","Global","FUN_004eb040","004eb040","0"
"","Global","FUN_00602950","00602950","","Global","FUN_004eb2c0","004eb2c0","0"
"","Global","FUN_00603220","00603220","","Global","FUN_004ebbf0","004ebbf0","0"
"","Global","FUN_00603500","00603500","","Global","FUN_004ebed0","004ebed0","0"
"","Global","FUN_00603ce0","00603ce0","","Global","FUN_004ec6b0","004ec6b0","0"
"","Global","FUN_00603dc0","00603dc0","","Global","FUN_004ec790","004ec790","0"
"","Global","FUN_006042c0","006042c0","","Global","FUN_004eccb0","004eccb0","0"
"","Global","FUN_00604460","00604460","","Global","FUN_004ece50","004ece50","0"
"","Global","FUN_006045d0","006045d0","","Global","FUN_004ecfc0","004ecfc0","0"
"","Global","FUN_00604750","00604750","","Global","FUN_004ed140","004ed140","0"
"","Global","FUN_00604920","00604920","","Global","FUN_004ed310","004ed310","0"
"","Global","FUN_00604b20","00604b20","","Global","FUN_004ed520","004ed520","0"
"","Global","FUN_00604e50","00604e50","","Global","FUN_004ed850","004ed850","0"
"","Global","FUN_006053c0","006053c0","","Global","FUN_004eddc0","004eddc0","0"
"","Global","FUN_00605930","00605930","","Global","FUN_004ee330","004ee330","0"
"","Global","FUN_00605e70","00605e70","","Global","FUN_004ee870","004ee870","0"
"","Global","FUN_00606120","00606120","","Global","FUN_004eeb20","004eeb20","0"
"","Global","FUN_00606470","00606470","","Global","FUN_004eee70","004eee70","0"
"","Global","FUN_00606750","00606750","","Global","FUN_004ef150","004ef150","0"
"","Global","FUN_00606a30","00606a30","","Global","FUN_004ef430","004ef430","0"
"","Global","FUN_00606ab0","00606ab0","","Global","FUN_004ef4b0","004ef4b0","0"
"","Global","FUN_00606e60","00606e60","","Global","FUN_004ef860","004ef860","0"
"","Global","FUN_00607450","00607450","","Global","FUN_004efe50","004efe50","0"
"","Global","FUN_00607700","00607700","","Global","FUN_004f0120","004f0120","0"
"","Global","FUN_00607740","00607740","","Global","FUN_004f0160","004f0160","0"
"","Global","FUN_006077d0","006077d0","","Global","FUN_004f01f0","004f01f0","0"
"","Global","FUN_00607b30","00607b30","","Global","FUN_004f0550","004f0550","0"
"","Global","FUN_00607f00","00607f00","","Global","FUN_004f0920","004f0920","0"
"","Global","FUN_0060c7d0","0060c7d0","","Global","FUN_004f5250","004f5250","0"
"","Global","FUN_0060e4b0","0060e4b0","","Global","FUN_004f7070","004f7070","0"
"","Global","FUN_0060e520","0060e520","","Global","FUN_004f70e0","004f70e0","0"
"","Global","FUN_0060e5d0","0060e5d0","","Global","FUN_004f7190","004f7190","0"
"","Global","FUN_0060e620","0060e620","","Global","FUN_004f71e0","004f71e0","0"
"","Global","FUN_0060e820","0060e820","","Global","FUN_004f73e0","004f73e0","0"
"","Global","FUN_0060e8f0","0060e8f0","","Global","FUN_004f74b0","004f74b0","0"
"","Global","FUN_0060ee00","0060ee00","","Global","FUN_004f79c0","004f79c0","0"
"","Global","FUN_0060ef00","0060ef00","","Global","FUN_004f7ac0","004f7ac0","0"
"","Global","FUN_0060f140","0060f140","","Global","FUN_004f7d00","004f7d00","0"
"","Global","FUN_0060f220","0060f220","","Global","FUN_004f7de0","004f7de0","0"
"","Global","FUN_0060f850","0060f850","","Global","FUN_004f8410","004f8410","0"
"","Global","FUN_0060f910","0060f910","","Global","FUN_004f84d0","004f84d0","0"
"","Global","FUN_0060f970","0060f970","","Global","FUN_004f8530","004f8530","0"
"","Global","FUN_0060f9e0","0060f9e0","","Global","FUN_004f85a0","004f85a0","0"
"","Global","FUN_0060fc10","0060fc10","","Global","FUN_004f87d0","004f87d0","0"
"","Global","FUN_0060fd00","0060fd00","","Global","FUN_004f88c0","004f88c0","0"
"","Global","FUN_0060fe60","0060fe60","","Global","FUN_004f8a20","004f8a20","0"
"","Global","FUN_00610590","00610590","","Global","FUN_004f9150","004f9150","0"
"","Global","FUN_00610dd0","00610dd0","","Global","FUN_004f9990","004f9990","0"
"","Global","FUN_00612470","00612470","","Global","FUN_004fb030","004fb030","0"
"","Global","FUN_006124d0","006124d0","","Global","FUN_004fb090","004fb090","0"
"","Global","FUN_006127c0","006127c0","","Global","FUN_004fb380","004fb380","0"
"","Global","FUN_00613400","00613400","","Global","FUN_004fbfc0","004fbfc0","0"
"","Global","FUN_00613920","00613920","","Global","FUN_004fc4e0","004fc4e0","0"
"","Global","FUN_00613990","00613990","","Global","FUN_004fc550","004fc550","0"
"","Global","FUN_006139c0","006139c0","","Global","FUN_004fc580","004fc580","0"
"","Global","FUN_00615c70","00615c70","","Global","FUN_004fe830","004fe830","0"
"","Global","FUN_00616100","00616100","","Global","FUN_004fecc0","004fecc0","0"
"","Global","FUN_006161b0","006161b0","","Global","FUN_004fed70","004fed70","0"
"","Global","FUN_00616420","00616420","","Global","FUN_004feff0","004feff0","0"
"","Global","FUN_00617420","00617420","","Global","FUN_00500040","00500040","0"
"","Global","FUN_006176d0","006176d0","","Global","FUN_005002f0","005002f0","0"
"","Global","FUN_00617780","00617780","","Global","FUN_005003a0","005003a0","0"
"","Global","FUN_00617860","00617860","","Global","FUN_00500480","00500480","0"
"","Global","FUN_006179a0","006179a0","","Global","FUN_005005c0","005005c0","0"
"","Global","FUN_00617bd0","00617bd0","","Global","FUN_005007f0","005007f0","0"
"","Global","FUN_00617da0","00617da0","","Global","FUN_005009c0","005009c0","0"
"","Global","FUN_00617e00","00617e00","","Global","FUN_00500a20","00500a20","0"
"","Global","FUN_00618020","00618020","","Global","FUN_00500c40","00500c40","0"
"","Global","FUN_00618230","00618230","","Global","FUN_00500e50","00500e50","0"
"","Global","FUN_00618270","00618270","","Global","FUN_00500e90","00500e90","0"
"","Global","FUN_006182f0","006182f0","","Global","FUN_00500f10","00500f10","0"
"","Global","FUN_006185a0","006185a0","","Global","FUN_005011c0","005011c0","0"
"","Global","FUN_00618870","00618870","","Global","FUN_00501490","00501490","0"
"","Global","FUN_00618a80","00618a80","","Global","FUN_005016a0","005016a0","0"
"","Global","FUN_00618c80","00618c80","","Global","FUN_005018a0","005018a0","0"
"","Global","FUN_00618f20","00618f20","","Global","FUN_00501b40","00501b40","0"
"","Global","FUN_006190a0","006190a0","","Global","FUN_00501cc0","00501cc0","0"
"","Global","FUN_006191f0","006191f0","","Global","FUN_00501e10","00501e10","0"
"","Global","FUN_00619470","00619470","","Global","FUN_00502090","00502090","0"
"","Global","FUN_00619620","00619620","","Global","FUN_00502240","00502240","0"
"","Global","FUN_00619970","00619970","","Global","FUN_00502590","00502590","0"
"","Global","FUN_00619cb0","00619cb0","","Global","FUN_005028d0","005028d0","0"
"","Global","FUN_00619cf0","00619cf0","","Global","FUN_00502910","00502910","0"
"","Global","FUN_00619ee0","00619ee0","","Global","FUN_00502b00","00502b00","0"
"","Global","FUN_0061a020","0061a020","","Global","FUN_00502c40","00502c40","0"
"","Global","FUN_0061a190","0061a190","","Global","FUN_00502db0","00502db0","0"
"","Global","FUN_0061a2c0","0061a2c0","","Global","FUN_00502ee0","00502ee0","0"
"","Global","FUN_0061a4f0","0061a4f0","","Global","FUN_00503120","00503120","0"
"","Global","FUN_0061a6c0","0061a6c0","","Global","FUN_005032f0","005032f0","0"
"","Global","FUN_0061a720","0061a720","","Global","FUN_00503350","00503350","0"
"","Global","FUN_0061a830","0061a830","","Global","FUN_00503460","00503460","0"
"","Global","FUN_0061ab00","0061ab00","","Global","FUN_00503730","00503730","0"
"","Global","FUN_0061acc0","0061acc0","","Global","FUN_005038f0","005038f0","0"
"","Global","FUN_0061ae00","0061ae00","","Global","FUN_00503a30","00503a30","0"
"","Global","FUN_0061b070","0061b070","","Global","FUN_00503ca0","00503ca0","0"
"","Global","FUN_0061b190","0061b190","","Global","FUN_00503dd0","00503dd0","0"
"","Global","FUN_0061b1c0","0061b1c0","","Global","FUN_00503e00","00503e00","0"
"","Global","FUN_0061b200","0061b200","","Global","FUN_00503e40","00503e40","0"
"","Global","FUN_0061b2a0","0061b2a0","","Global","FUN_00503f30","00503f30","0"
"","Global","FUN_0061b560","0061b560","","Global","FUN_00504260","00504260","0"
"","Global","FUN_0061b620","0061b620","","Global","FUN_00504320","00504320","0"
"","Global","FUN_0061b710","0061b710","","Global","FUN_00504410","00504410","0"
"","Global","FUN_0061b870","0061b870","","Global","FUN_00504570","00504570","0"
"","Global","FUN_0061b8f0","0061b8f0","","Global","FUN_005045f0","005045f0","0"
"","Global","FUN_0061b9d0","0061b9d0","","Global","FUN_005046d0","005046d0","0"
"","Global","FUN_0061c9a0","0061c9a0","","Global","FUN_005056a0","005056a0","0"
"","Global","FUN_0061d2b0","0061d2b0","","Global","FUN_00505fb0","00505fb0","0"
"","Global","FUN_0061e8e0","0061e8e0","","Global","FUN_005075e0","005075e0","0"
"","Global","FUN_0061eb10","0061eb10","","Global","FUN_00507810","00507810","0"
"","Global","FUN_0061f220","0061f220","","Global","FUN_00507f20","00507f20","0"
"","Global","FUN_0061f950","0061f950","","Global","FUN_00508650","00508650","0"
"","Global","FUN_00620360","00620360","","Global","FUN_00509060","00509060","0"
"","Global","FUN_006206d0","006206d0","","Global","FUN_005093d0","005093d0","0"
"","Global","FUN_00620cd0","00620cd0","","Global","FUN_005099d0","005099d0","0"
"","Global","FUN_00620fe0","00620fe0","","Global","FUN_00509ce0","00509ce0","0"
"","Global","FUN_006215d0","006215d0","","Global","FUN_0050a2d0","0050a2d0","0"
"","Global","FUN_006219e0","006219e0","","Global","FUN_0050a6e0","0050a6e0","0"
"","Global","FUN_00621a20","00621a20","","Global","FUN_0050a720","0050a720","0"
"","Global","FUN_00621aa0","00621aa0","","Global","FUN_0050a7a0","0050a7a0","0"
"","Global","FUN_00621b20","00621b20","","Global","FUN_0050a820","0050a820","0"
"","Global","FUN_00621ba0","00621ba0","","Global","FUN_0050a8a0","0050a8a0","0"
"","Global","FUN_00621c40","00621c40","","Global","FUN_0050a940","0050a940","0"
"","Global","FUN_00621cc0","00621cc0","","Global","FUN_0050a9c0","0050a9c0","0"
"","Global","FUN_00621cf0","00621cf0","","Global","FUN_0050a9f0","0050a9f0","0"
"","Global","FUN_00621da0","00621da0","","Global","FUN_0050aaa0","0050aaa0","0"
"","Global","FUN_006220b0","006220b0","","Global","FUN_0050adb0","0050adb0","0"
"","Global","FUN_006227a0","006227a0","","Global","FUN_0050b4a0","0050b4a0","0"
"","Global","FUN_00622a40","00622a40","","Global","FUN_0050b740","0050b740","0"
"","Global","FUN_00622be0","00622be0","","Global","FUN_0050b8e0","0050b8e0","0"
"","Global","FUN_00623080","00623080","","Global","FUN_0050bd80","0050bd80","0"
"","Global","FUN_00623110","00623110","","Global","FUN_0050be10","0050be10","0"
"","Global","FUN_00623280","00623280","","Global","FUN_0050bf80","0050bf80","0"
"","Global","FUN_006233f0","006233f0","","Global","FUN_0050c0f0","0050c0f0","0"
"","Global","FUN_006234e0","006234e0","","Global","FUN_0050c1e0","0050c1e0","0"
"","Global","FUN_006235f0","006235f0","","Global","FUN_0050c2f0","0050c2f0","0"
"","Global","FUN_006236c0","006236c0","","Global","FUN_0050c3c0","0050c3c0","0"
"","Global","FUN_00623780","00623780","","Global","FUN_0050c480","0050c480","0"
"","Global","FUN_00623ad0","00623ad0","","Global","FUN_0050c810","0050c810","0"
"","Global","FUN_00623b20","00623b20","","Global","FUN_0050c860","0050c860","0"
"","Global","FUN_00623b40","00623b40","","Global","FUN_0050c880","0050c880","0"
"","Global","FUN_00624a60","00624a60","","Global","FUN_0050d860","0050d860","0"
"","Global","FUN_00624b00","00624b00","","Global","FUN_0050d900","0050d900","0"
"","Global","FUN_00624d60","00624d60","","Global","FUN_0050db60","0050db60","0"
"","Global","FUN_00624e70","00624e70","","Global","FUN_0050dc70","0050dc70","0"
"","Global","FUN_00624e80","00624e80","","Global","FUN_0050dc80","0050dc80","0"
"","Global","FUN_00624fb0","00624fb0","","Global","FUN_0050de30","0050de30","0"
"","Global","FUN_00624fe0","00624fe0","","Global","FUN_0050de60","0050de60","0"
"","Global","FUN_00625020","00625020","","Global","FUN_0050dea0","0050dea0","0"
"","Global","FUN_00625150","00625150","","Global","FUN_0050e010","0050e010","0"
"","Global","FUN_00625410","00625410","","Global","FUN_0050e2d0","0050e2d0","0"
"","Global","FUN_00625960","00625960","","Global","FUN_00515330","00515330","0"
"","Global","FUN_00625990","00625990","","Global","FUN_00515360","00515360","0"
"","Global","FUN_00625a50","00625a50","","Global","FUN_00515420","00515420","0"
"","Global","FUN_00625ab0","00625ab0","","Global","FUN_00515480","00515480","0"
"","Global","FUN_00625db0","00625db0","","Global","FUN_00515780","00515780","0"
"","Global","FUN_00625eb0","00625eb0","","Global","FUN_00515880","00515880","0"
"","Global","FUN_00626100","00626100","","Global","FUN_00515ad0","00515ad0","0"
"","Global","FUN_006262e0","006262e0","","Global","FUN_00515cb0","00515cb0","0"
"","Global","FUN_006265a0","006265a0","","Global","FUN_00515f70","00515f70","0"
"","Global","FUN_006266b0","006266b0","","Global","FUN_00516080","00516080","0"
"","Global","FUN_006267f0","006267f0","","Global","FUN_005161c0","005161c0","0"
"","Global","FUN_00626970","00626970","","Global","FUN_00516340","00516340","0"
"","Global","FUN_00626a20","00626a20","","Global","FUN_005163f0","005163f0","0"
"","Global","FUN_00626bd0","00626bd0","","Global","FUN_005165a0","005165a0","0"
"","Global","FUN_00626c50","00626c50","","Global","FUN_00516620","00516620","0"
"","Global","FUN_00626c90","00626c90","","Global","FUN_00516660","00516660","0"
"","Global","FUN_00626ce0","00626ce0","","Global","FUN_005166b0","005166b0","0"
"","Global","FUN_00626e70","00626e70","","Global","FUN_0050e820","0050e820","0"
"","Global","FUN_00626f30","00626f30","","Global","FUN_0050e8f0","0050e8f0","0"
"","Global","FUN_00627040","00627040","","Global","FUN_0050ea00","0050ea00","0"
"","Global","FUN_006270a0","006270a0","","Global","FUN_0050ea60","0050ea60","0"
"","Global","FUN_00627110","00627110","","Global","FUN_0050ead0","0050ead0","0"
"","Global","FUN_00627170","00627170","","Global","FUN_0050eb30","0050eb30","0"
"","Global","FUN_00627650","00627650","","Global","FUN_0050f010","0050f010","0"
"","Global","FUN_00627880","00627880","","Global","FUN_0050f240","0050f240","0"
"","Global","FUN_006278f0","006278f0","","Global","FUN_0050f2b0","0050f2b0","0"
"","Global","FUN_006279b0","006279b0","","Global","FUN_0050f370","0050f370","0"
"","Global","FUN_00627bd0","00627bd0","","Global","FUN_0050f590","0050f590","0"
"","Global","FUN_00627cb0","00627cb0","","Global","FUN_0050f670","0050f670","0"
"","Global","FUN_00627cf0","00627cf0","","Global","FUN_0050f6f0","0050f6f0","0"
"","Global","FUN_00627e20","00627e20","","Global","FUN_0050f830","0050f830","0"
"","Global","FUN_00627e90","00627e90","","Global","FUN_0050f8a0","0050f8a0","0"
"","Global","FUN_00627ee0","00627ee0","","Global","FUN_0050f8f0","0050f8f0","0"
"","Global","FUN_00628330","00628330","","Global","FUN_0050fd40","0050fd40","0"
"","Global","FUN_00628350","00628350","","Global","FUN_0050fd70","0050fd70","0"
"","Global","FUN_00628430","00628430","","Global","FUN_0050fe70","0050fe70","0"
"","Global","FUN_006284a0","006284a0","","Global","FUN_0050fee0","0050fee0","0"
"","Global","FUN_006288b0","006288b0","","Global","FUN_0052a3c0","0052a3c0","0"
"","Global","FUN_006288f0","006288f0","","Global","FUN_0052a400","0052a400","0"
"","Global","FUN_00628a20","00628a20","","Global","FUN_0052a530","0052a530","0"
"","Global","FUN_00628a40","00628a40","","Global","FUN_0052a550","0052a550","0"
"","Global","FUN_00628b00","00628b00","","Global","FUN_0052a610","0052a610","0"
"","Global","FUN_00628b20","00628b20","","Global","FUN_0052a630","0052a630","0"
"","Global","FUN_00628b60","00628b60","","Global","FUN_0052a670","0052a670","0"
"","Global","FUN_00628ba0","00628ba0","","Global","FUN_0052a6b0","0052a6b0","0"
"","Global","FUN_00628c00","00628c00","","Global","FUN_0052a710","0052a710","0"
"","Global","FUN_00628c10","00628c10","","Global","FUN_0052a720","0052a720","0"
"","Global","FUN_00628d30","00628d30","","Global","FUN_0052a840","0052a840","0"
"","Global","FUN_00628d50","00628d50","","Global","FUN_0052a860","0052a860","0"
"","Global","FUN_00628d70","00628d70","","Global","FUN_0052a880","0052a880","0"
"","Global","FUN_00628db0","00628db0","","Global","FUN_0052a8c0","0052a8c0","0"
"","Global","FUN_00628dd0","00628dd0","","Global","FUN_0052a8e0","0052a8e0","0"
"","Global","FUN_00628df0","00628df0","","Global","FUN_0052a900","0052a900","0"
"","Global","FUN_00628e40","00628e40","","Global","FUN_0052a950","0052a950","0"
"","Global","FUN_00628e90","00628e90","","Global","FUN_0052a9a0","0052a9a0","0"
"","Global","FUN_00628eb0","00628eb0","","Global","FUN_0052a9c0","0052a9c0","0"
"","Global","FUN_00628f00","00628f00","","Global","FUN_0052aa10","0052aa10","0"
"","Global","FUN_00628f40","00628f40","","Global","FUN_0052aa50","0052aa50","0"
"","Global","FUN_00628ff0","00628ff0","","Global","FUN_0052ab00","0052ab00","0"
"","Global","FUN_00629030","00629030","","Global","FUN_0055c6f0","0055c6f0","0"
"","Global","FUN_00629080","00629080","","Global","FUN_0055c740","0055c740","0"
"","Global","FUN_006290d0","006290d0","","Global","FUN_0055c790","0055c790","0"
"","Global","FUN_00629140","00629140","","Global","FUN_0055c800","0055c800","0"
"","Global","FUN_00629320","00629320","","Global","FUN_0055ca50","0055ca50","0"
"","Global","FUN_00629360","00629360","","Global","FUN_0055ca90","0055ca90","0"
"","Global","FUN_006295a0","006295a0","","Global","FUN_0055ccd0","0055ccd0","0"
"","Global","FUN_00629700","00629700","","Global","FUN_0055ce70","0055ce70","0"
"","Global","FUN_00629770","00629770","","Global","FUN_0055cee0","0055cee0","0"
"","Global","FUN_0062a0e0","0062a0e0","","Global","FUN_0055d850","0055d850","0"
"","Global","FUN_0062a110","0062a110","","Global","FUN_0055d880","0055d880","0"
"","Global","FUN_0062a400","0062a400","","Global","FUN_0055db70","0055db70","0"
"","Global","FUN_0062a440","0062a440","","Global","FUN_0055dbb0","0055dbb0","0"
"","Global","FUN_0062a490","0062a490","","Global","FUN_0055dc00","0055dc00","0"
"","Global","FUN_0062a650","0062a650","","Global","FUN_0055ddc0","0055ddc0","0"
"","Global","FUN_0062a810","0062a810","","Global","FUN_0055df80","0055df80","0"
"","Global","FUN_0062a8f0","0062a8f0","","Global","FUN_0055e060","0055e060","0"
"","Global","FUN_0062aa30","0062aa30","","Global","FUN_0055e1a0","0055e1a0","0"
"","Global","FUN_0062aac0","0062aac0","","Global","FUN_0055e230","0055e230","0"
"","Global","FUN_0062ad80","0062ad80","","Global","FUN_0055e4f0","0055e4f0","0"
"","Global","FUN_0062ba70","0062ba70","","Global","FUN_0055f210","0055f210","0"
"","Global","FUN_0062bab0","0062bab0","","Global","FUN_0055f250","0055f250","0"
"","Global","FUN_0062c020","0062c020","","Global","FUN_0055f7c0","0055f7c0","0"
"","Global","FUN_0062c350","0062c350","","Global","FUN_0055faf0","0055faf0","0"
"","Global","FUN_0062c660","0062c660","","Global","FUN_0055fe00","0055fe00","0"
"","Global","FUN_0062d1a0","0062d1a0","","Global","FUN_00560950","00560950","0"
"","Global","FUN_0062d520","0062d520","","Global","FUN_00560cd0","00560cd0","0"
"","Global","FUN_0062d570","0062d570","","Global","FUN_00560d20","00560d20","0"
"","Global","FUN_0062ef20","0062ef20","","Global","FUN_006536e0","006536e0","0"
"","Global","FUN_0062ef70","0062ef70","","Global","FUN_00653730","00653730","0"
"","Global","FUN_0062f560","0062f560","","Global","FUN_00653d20","00653d20","0"
"","Global","FUN_0062f5e0","0062f5e0","","Global","FUN_00653da0","00653da0","0"
"","Global","FUN_0062f740","0062f740","","Global","FUN_00653f00","00653f00","0"
"","Global","FUN_0062f760","0062f760","","Global","FUN_00653f20","00653f20","0"
"","Global","FUN_0062f780","0062f780","","Global","FUN_00653f40","00653f40","0"
"","Global","FUN_0062f7a0","0062f7a0","","Global","FUN_00653f60","00653f60","0"
"","Global","FUN_0062f7d0","0062f7d0","","Global","FUN_00653f90","00653f90","0"
"","Global","FUN_0062f9b0","0062f9b0","","Global","FUN_00654170","00654170","0"
"","Global","FUN_0062fe40","0062fe40","","Global","FUN_00654600","00654600","0"
"","Global","FUN_0062fe70","0062fe70","","Global","FUN_00654630","00654630","0"
"","Global","FUN_00630260","00630260","","Global","FUN_00654a20","00654a20","0"
"","Global","FUN_006305a0","006305a0","","Global","FUN_00654d60","00654d60","0"
"","Global","FUN_00630600","00630600","","Global","FUN_00654dc0","00654dc0","0"
"","Global","FUN_00630c90","00630c90","","Global","FUN_006554d0","006554d0","0"
"","Global","FUN_00630e20","00630e20","","Global","FUN_00655660","00655660","0"
"","Global","FUN_00630e50","00630e50","","Global","FUN_00655690","00655690","0"
"","Global","FUN_00630eb0","00630eb0","","Global","FUN_006556f0","006556f0","0"
"","Global","FUN_00630fb0","00630fb0","","Global","FUN_006557f0","006557f0","0"
"","Global","FUN_00632150","00632150","","Global","FUN_00656990","00656990","0"
"","Global","FUN_00633220","00633220","","Global","FUN_007a2610","007a2610","0"
"","Global","FUN_00634560","00634560","","Global","FUN_007a3970","007a3970","0"
"","Global","FUN_00634ac0","00634ac0","","Global","FUN_00636080","00636080","0"
"","Global","FUN_00634ae0","00634ae0","","Global","FUN_006360a0","006360a0","0"
"","Global","FUN_00634b00","00634b00","","Global","FUN_006360c0","006360c0","0"
"","Global","FUN_00634b10","00634b10","","Global","FUN_006360d0","006360d0","0"
"","Global","FUN_00634bc0","00634bc0","","Global","FUN_00636180","00636180","0"
"","Global","FUN_00634cc0","00634cc0","","Global","FUN_00636280","00636280","0"
"","Global","FUN_00635670","00635670","","Global","FUN_00636c30","00636c30","0"
"","Global","FUN_00635780","00635780","","Global","FUN_00636d40","00636d40","0"
"","Global","FUN_00635a70","00635a70","","Global","FUN_00637030","00637030","0"
"","Global","FUN_00635c60","00635c60","","Global","FUN_00637220","00637220","0"
"","Global","FUN_00635c90","00635c90","","Global","FUN_00637250","00637250","0"
"","Global","FUN_00635fa0","00635fa0","","Global","FUN_00637560","00637560","0"
"","Global","FUN_00635fc0","00635fc0","","Global","FUN_00637580","00637580","0"
"","Global","FUN_00636040","00636040","","Global","FUN_00637600","00637600","0"
"","Global","FUN_00636090","00636090","","Global","FUN_00637650","00637650","0"
"","Global","FUN_00636290","00636290","","Global","FUN_00637850","00637850","0"
"","Global","FUN_006362c0","006362c0","","Global","FUN_00637880","00637880","0"
"","Global","FUN_006362e0","006362e0","","Global","FUN_006378a0","006378a0","0"
"","Global","FUN_00636300","00636300","","Global","FUN_006378c0","006378c0","0"
"","Global","FUN_006363b0","006363b0","","Global","FUN_00637970","00637970","0"
"","Global","FUN_006363d0","006363d0","","Global","FUN_00637990","00637990","0"
"","Global","FUN_00636490","00636490","","Global","FUN_00637a50","00637a50","0"
"","Global","FUN_00637010","00637010","","Global","FUN_006385e0","006385e0","0"
"","Global","FUN_00637170","00637170","","Global","FUN_00638740","00638740","0"
"","Global","FUN_00637410","00637410","","Global","FUN_006389e0","006389e0","0"
"","Global","FUN_006374e0","006374e0","","Global","FUN_00638ab0","00638ab0","0"
"","Global","FUN_00637910","00637910","","Global","FUN_00638ee0","00638ee0","0"
"","Global","FUN_00637960","00637960","","Global","FUN_00638f30","00638f30","0"
"","Global","FUN_00637ac0","00637ac0","","Global","FUN_00639090","00639090","0"
"","Global","FUN_00637b20","00637b20","","Global","FUN_006390f0","006390f0","0"
"","Global","FUN_00637b50","00637b50","","Global","FUN_00639120","00639120","0"
"","Global","FUN_00637c20","00637c20","","Global","FUN_006391f0","006391f0","0"
"","Global","FUN_006380b0","006380b0","","Global","FUN_00639680","00639680","0"
"","Global","FUN_00638120","00638120","","Global","FUN_006396f0","006396f0","0"
"","Global","FUN_00638180","00638180","","Global","FUN_00639750","00639750","0"
"","Global","FUN_00638300","00638300","","Global","FUN_006398d0","006398d0","0"
"","Global","FUN_00638380","00638380","","Global","FUN_00639950","00639950","0"
"","Global","FUN_006383a0","006383a0","","Global","FUN_00639970","00639970","0"
"","Global","FUN_00638450","00638450","","Global","FUN_00639a20","00639a20","0"
"","Global","FUN_00638480","00638480","","Global","FUN_00639a50","00639a50","0"
"","Global","FUN_006384b0","006384b0","","Global","FUN_00639a80","00639a80","0"
"","Global","FUN_006384d0","006384d0","","Global","FUN_00639aa0","00639aa0","0"
"","Global","FUN_00638560","00638560","","Global","FUN_00639b30","00639b30","0"
"","Global","FUN_006385f0","006385f0","","Global","FUN_00639bc0","00639bc0","0"
"","Global","FUN_00638670","00638670","","Global","FUN_00639c40","00639c40","0"
"","Global","FUN_00638aa0","00638aa0","","Global","FUN_0063a080","0063a080","0"
"","Global","FUN_00638be0","00638be0","","Global","FUN_0063a1c0","0063a1c0","0"
"","Global","FUN_00638c40","00638c40","","Global","FUN_0063a220","0063a220","0"
"","Global","FUN_00639200","00639200","","Global","FUN_0063a7e0","0063a7e0","0"
"","Global","FUN_006398a0","006398a0","","Global","FUN_0063ae80","0063ae80","0"
"","Global","FUN_006398e0","006398e0","","Global","FUN_0063aec0","0063aec0","0"
"","Global","FUN_00639900","00639900","","Global","FUN_0063aee0","0063aee0","0"
"","Global","FUN_00639940","00639940","","Global","FUN_0063af20","0063af20","0"
"","Global","FUN_00639a30","00639a30","","Global","FUN_0063b010","0063b010","0"
"","Global","FUN_00639a90","00639a90","","Global","FUN_0063b070","0063b070","0"
"","Global","FUN_00639b00","00639b00","","Global","FUN_0063b0e0","0063b0e0","0"
"","Global","FUN_00639b40","00639b40","","Global","FUN_0063b120","0063b120","0"
"","Global","FUN_00639ba0","00639ba0","","Global","FUN_0063b180","0063b180","0"
"","Global","FUN_00639bc0","00639bc0","","Global","FUN_0063b1a0","0063b1a0","0"
"","Global","FUN_00639ec0","00639ec0","","Global","FUN_0063b4a0","0063b4a0","0"
"","Global","FUN_00639f00","00639f00","","Global","FUN_0063b4e0","0063b4e0","0"
"","Global","FUN_00639f60","00639f60","","Global","FUN_0063b540","0063b540","0"
"","Global","FUN_0063a010","0063a010","","Global","FUN_0063b5f0","0063b5f0","0"
"","Global","FUN_0063a070","0063a070","","Global","FUN_0063b650","0063b650","0"
"","Global","FUN_0063a200","0063a200","","Global","FUN_0063b7e0","0063b7e0","0"
"","Global","FUN_0063a540","0063a540","","Global","FUN_0063bb20","0063bb20","0"
"","Global","FUN_0063a5f0","0063a5f0","","Global","FUN_0063bbd0","0063bbd0","0"
"","Global","FUN_0063a7b0","0063a7b0","","Global","FUN_0063bd90","0063bd90","0"
"","Global","FUN_0063a7f0","0063a7f0","","Global","FUN_0063bdd0","0063bdd0","0"
"","Global","FUN_0063a820","0063a820","","Global","FUN_0063be00","0063be00","0"
"","Global","FUN_0063a9b0","0063a9b0","","Global","FUN_0063bf90","0063bf90","0"
"","Global","FUN_0063a9f0","0063a9f0","","Global","FUN_0063bfd0","0063bfd0","0"
"","Global","FUN_0063abc0","0063abc0","","Global","FUN_0063c1a0","0063c1a0","0"
"","Global","FUN_0063abe0","0063abe0","","Global","FUN_0063c1c0","0063c1c0","0"
"","Global","FUN_0063ac50","0063ac50","","Global","FUN_0063c230","0063c230","0"
"","Global","FUN_0063ac90","0063ac90","","Global","FUN_0063c270","0063c270","0"
"","Global","FUN_0063afb0","0063afb0","","Global","FUN_0063c590","0063c590","0"
"","Global","FUN_0063b100","0063b100","","Global","FUN_0063c6e0","0063c6e0","0"
"","Global","FUN_0063b160","0063b160","","Global","FUN_0063c740","0063c740","0"
"","Global","FUN_0063b1e0","0063b1e0","","Global","FUN_0063c7c0","0063c7c0","0"
"","Global","FUN_0063b210","0063b210","","Global","FUN_0063c7f0","0063c7f0","0"
"","Global","FUN_0063b310","0063b310","","Global","FUN_0063c8f0","0063c8f0","0"
"","Global","FUN_0063b380","0063b380","","Global","FUN_0063c960","0063c960","0"
"","Global","FUN_0063b480","0063b480","","Global","FUN_0063ca60","0063ca60","0"
"","Global","FUN_0063b500","0063b500","","Global","FUN_0063cae0","0063cae0","0"
"","Global","FUN_0063b590","0063b590","","Global","FUN_0063cb70","0063cb70","0"
"","Global","FUN_0063b610","0063b610","","Global","FUN_0063cbf0","0063cbf0","0"
"","Global","FUN_0063b840","0063b840","","Global","FUN_0063ce20","0063ce20","0"
"","Global","FUN_0063ba10","0063ba10","","Global","FUN_0063cff0","0063cff0","0"
"","Global","FUN_0063ba50","0063ba50","","Global","FUN_0063d030","0063d030","0"
"","Global","FUN_0063baf0","0063baf0","","Global","FUN_0063d0d0","0063d0d0","0"
"","Global","FUN_0063bca0","0063bca0","","Global","FUN_0063d280","0063d280","0"
"","Global","FUN_0063bcd0","0063bcd0","","Global","FUN_0063d2b0","0063d2b0","0"
"","Global","FUN_0063bd40","0063bd40","","Global","FUN_0063d320","0063d320","0"
"","Global","FUN_0063bed0","0063bed0","","Global","FUN_0063d4b0","0063d4b0","0"
"","Global","FUN_0063c070","0063c070","","Global","FUN_0063d650","0063d650","0"
"","Global","FUN_0063c0f0","0063c0f0","","Global","FUN_0063d6d0","0063d6d0","0"
"","Global","FUN_0063c170","0063c170","","Global","FUN_0063d750","0063d750","0"
"","Global","FUN_0063c1b0","0063c1b0","","Global","FUN_0063d790","0063d790","0"
"","Global","FUN_0063c280","0063c280","","Global","FUN_0063d860","0063d860","0"
"","Global","FUN_0063c310","0063c310","","Global","FUN_0063d8f0","0063d8f0","0"
"","Global","FUN_0063c350","0063c350","","Global","FUN_0063d930","0063d930","0"
"","Global","FUN_0063c450","0063c450","","Global","FUN_0063da30","0063da30","0"
"","Global","FUN_0063c570","0063c570","","Global","FUN_0063db50","0063db50","0"
"","Global","FUN_0063c630","0063c630","","Global","FUN_0063dc10","0063dc10","0"
"","Global","FUN_0063c670","0063c670","","Global","FUN_0063dc50","0063dc50","0"
"","Global","FUN_0063c6c0","0063c6c0","","Global","FUN_0063dcb0","0063dcb0","0"
"","Global","FUN_0063ccb0","0063ccb0","","Global","FUN_0063e2a0","0063e2a0","0"
"","Global","FUN_0063cd30","0063cd30","","Global","FUN_0063e320","0063e320","0"
"","Global","FUN_0063cdb0","0063cdb0","","Global","FUN_0063e3a0","0063e3a0","0"
"","Global","FUN_0063ce00","0063ce00","","Global","FUN_0063e3f0","0063e3f0","0"
"","Global","FUN_0063cec0","0063cec0","","Global","FUN_0063e4b0","0063e4b0","0"
"","Global","FUN_0063cf40","0063cf40","","Global","FUN_0063e530","0063e530","0"
"","Global","FUN_0063cfc0","0063cfc0","","Global","FUN_0063e5b0","0063e5b0","0"
"","Global","FUN_0063d020","0063d020","","Global","FUN_0063e610","0063e610","0"
"","Global","FUN_0063d1f0","0063d1f0","","Global","FUN_0063e7e0","0063e7e0","0"
"","Global","FUN_0063d240","0063d240","","Global","FUN_0063e830","0063e830","0"
"","Global","FUN_0063d280","0063d280","","Global","FUN_0063e870","0063e870","0"
"","Global","FUN_0063d2d0","0063d2d0","","Global","FUN_0063e8c0","0063e8c0","0"
"","Global","FUN_0063d310","0063d310","","Global","FUN_0063e900","0063e900","0"
"","Global","FUN_0063d410","0063d410","","Global","FUN_0063ea00","0063ea00","0"
"","Global","FUN_0063d570","0063d570","","Global","FUN_0063eb60","0063eb60","0"
"","Global","FUN_0063d5f0","0063d5f0","","Global","FUN_0063ebe0","0063ebe0","0"
"","Global","FUN_0063d6d0","0063d6d0","","Global","FUN_0063ecc0","0063ecc0","0"
"","Global","FUN_0063d6f0","0063d6f0","","Global","FUN_0063ece0","0063ece0","0"
"","Global","FUN_0063d720","0063d720","","Global","FUN_0063ed10","0063ed10","0"
"","Global","FUN_0063d780","0063d780","","Global","FUN_0063ed70","0063ed70","0"
"","Global","FUN_0063d7d0","0063d7d0","","Global","FUN_0063edc0","0063edc0","0"
"","Global","FUN_0063d7f0","0063d7f0","","Global","FUN_0063ede0","0063ede0","0"
"","Global","FUN_0063d850","0063d850","","Global","FUN_0063ee40","0063ee40","0"
"","Global","FUN_0063d900","0063d900","","Global","FUN_0063eef0","0063eef0","0"
"","Global","FUN_0063d9b0","0063d9b0","","Global","FUN_0063efa0","0063efa0","0"
"","Global","FUN_0063d9f0","0063d9f0","","Global","FUN_0063efe0","0063efe0","0"
"","Global","FUN_0063db30","0063db30","","Global","FUN_0063f120","0063f120","0"
"","Global","FUN_0063dbb0","0063dbb0","","Global","FUN_0063f1a0","0063f1a0","0"
"","Global","FUN_0063dbf0","0063dbf0","","Global","FUN_0063f1e0","0063f1e0","0"
"","Global","FUN_0063dd20","0063dd20","","Global","FUN_00635890","00635890","0"
"","Global","FUN_0063dd90","0063dd90","","Global","FUN_00635900","00635900","0"
"","Global","FUN_0063ddc0","0063ddc0","","Global","FUN_00635930","00635930","0"
"","Global","FUN_0063dde0","0063dde0","","Global","FUN_00635950","00635950","0"
"","Global","FUN_0063ddf0","0063ddf0","","Global","FUN_00635960","00635960","0"
"","Global","FUN_0063dea0","0063dea0","","Global","FUN_00635a10","00635a10","0"
"","Global","FUN_0063dec0","0063dec0","","Global","FUN_00635a30","00635a30","0"
"","Global","FUN_0063df00","0063df00","","Global","FUN_00635a70","00635a70","0"
"","Global","FUN_0063df20","0063df20","","Global","FUN_00635a90","00635a90","0"
"","Global","FUN_0063df60","0063df60","","Global","FUN_00635ad0","00635ad0","0"
"","Global","FUN_0063df80","0063df80","","Global","FUN_00635af0","00635af0","0"
"","Global","FUN_0063dfa0","0063dfa0","","Global","FUN_00635b10","00635b10","0"
"","Global","FUN_0063e040","0063e040","","Global","FUN_00635bb0","00635bb0","0"
"","Global","FUN_0063e0c0","0063e0c0","","Global","FUN_00635c30","00635c30","0"
"","Global","FUN_0063e150","0063e150","","Global","FUN_00635cc0","00635cc0","0"
"","Global","FUN_0063e180","0063e180","","Global","FUN_00635cf0","00635cf0","0"
"","Global","FUN_0063e1b0","0063e1b0","","Global","FUN_00635d20","00635d20","0"
"","Global","FUN_0063e1f0","0063e1f0","","Global","FUN_00635d60","00635d60","0"
"","Global","FUN_0063e2b0","0063e2b0","","Global","FUN_00635e20","00635e20","0"
"","Global","FUN_0063e440","0063e440","","Global","FUN_00653340","00653340","0"
"","Global","FUN_0063e4f0","0063e4f0","","Global","FUN_006533f0","006533f0","0"
"","Global","FUN_0063e5a0","0063e5a0","","Global","FUN_006534a0","006534a0","0"
"","Global","FUN_0063e600","0063e600","","Global","FUN_00653500","00653500","0"
"","Global","FUN_0063e6d0","0063e6d0","","Global","FUN_006535d0","006535d0","0"
"","Global","FUN_0063e730","0063e730","","Global","FUN_0068ea80","0068ea80","0"
"","Global","FUN_0063e860","0063e860","","Global","FUN_0068ebb0","0068ebb0","0"
"","Global","FUN_0063e9b0","0063e9b0","","Global","FUN_0068ed00","0068ed00","0"
"","Global","FUN_0063ea40","0063ea40","","Global","FUN_0068ed90","0068ed90","0"
"","Global","FUN_0063f870","0063f870","","Global","FUN_006a2170","006a2170","0"
"","Global","FUN_0063fd30","0063fd30","","Global","FUN_006a2630","006a2630","0"
"","Global","FUN_006400c0","006400c0","","Global","FUN_006a29c0","006a29c0","0"
"","Global","FUN_00640270","00640270","","Global","FUN_006a2b70","006a2b70","0"
"","Global","FUN_00640440","00640440","","Global","FUN_006a2d40","006a2d40","0"
"","Global","FUN_00641210","00641210","","Global","FUN_006a3b10","006a3b10","0"
"","Global","FUN_006413d0","006413d0","","Global","FUN_006a3cd0","006a3cd0","0"
"","Global","FUN_006415b0","006415b0","","Global","FUN_006a3eb0","006a3eb0","0"
"","Global","FUN_00641690","00641690","","Global","FUN_006a3f90","006a3f90","0"
"","Global","FUN_00641a10","00641a10","","Global","FUN_006a4310","006a4310","0"
"","Global","FUN_00641df0","00641df0","","Global","FUN_006a46f0","006a46f0","0"
"","Global","FUN_00642270","00642270","","Global","FUN_006a4b70","006a4b70","0"
"","Global","FUN_006423c0","006423c0","","Global","FUN_006a4cc0","006a4cc0","0"
"","Global","FUN_00642780","00642780","","Global","FUN_006a5080","006a5080","0"
"","Global","FUN_00642830","00642830","","Global","FUN_0074e7d0","0074e7d0","0"
"","Global","FUN_006429d0","006429d0","","Global","FUN_0074e9d0","0074e9d0","0"
"","Global","FUN_00642a00","00642a00","","Global","FUN_0074ea00","0074ea00","0"
"","Global","FUN_00642ab0","00642ab0","","Global","FUN_0074eab0","0074eab0","0"
"","Global","FUN_00642b70","00642b70","","Global","FUN_0074eb70","0074eb70","0"
"","Global","FUN_00642f30","00642f30","","Global","FUN_0074f010","0074f010","0"
"","Global","FUN_00642f50","00642f50","","Global","FUN_0074f030","0074f030","0"
"","Global","FUN_00642fc0","00642fc0","","Global","FUN_0074f2b0","0074f2b0","0"
"","Global","FUN_00643130","00643130","","Global","FUN_0074f400","0074f400","0"
"","Global","FUN_00643220","00643220","","Global","FUN_0074f4d0","0074f4d0","0"
"","Global","FUN_006432a0","006432a0","","Global","FUN_0074f550","0074f550","0"
"","Global","FUN_00643740","00643740","","Global","FUN_0074f9f0","0074f9f0","0"
"","Global","FUN_00643da0","00643da0","","Global","FUN_00750050","00750050","0"
"","Global","FUN_00643de0","00643de0","","Global","FUN_00750090","00750090","0"
"","Global","FUN_00643e10","00643e10","","Global","FUN_007500c0","007500c0","0"
"","Global","FUN_00643e60","00643e60","","Global","FUN_00750110","00750110","0"
"","Global","FUN_00643ff0","00643ff0","","Global","FUN_007502a0","007502a0","0"
"","Global","FUN_00644120","00644120","","Global","FUN_007503d0","007503d0","0"
"","Global","FUN_00644420","00644420","","Global","FUN_007506d0","007506d0","0"
"","Global","FUN_00644670","00644670","","Global","FUN_00750950","00750950","0"
"","Global","FUN_006446a0","006446a0","","Global","FUN_00750980","00750980","0"
"","Global","FUN_00644890","00644890","","Global","FUN_00751d80","00751d80","0"
"","Global","FUN_00644960","00644960","","Global","FUN_00751e50","00751e50","0"
"","Global","FUN_00644a30","00644a30","","Global","FUN_00751f20","00751f20","0"
"","Global","FUN_00644a50","00644a50","","Global","FUN_00751f40","00751f40","0"
"","Global","FUN_00644b40","00644b40","","Global","FUN_00752030","00752030","0"
"","Global","FUN_00644b90","00644b90","","Global","FUN_007520e0","007520e0","0"
"","Global","FUN_00644bd0","00644bd0","","Global","FUN_00122290","00122290","0"
"","Global","FUN_0065be10","0065be10","","Global","FUN_007797e0","007797e0","0"
"","Global","FUN_0065c090","0065c090","","Global","FUN_00779a50","00779a50","0"
"","Global","FUN_0065c370","0065c370","","Global","FUN_00779df0","00779df0","0"
"","Global","FUN_0065d5f0","0065d5f0","","Global","FUN_0076aaa0","0076aaa0","0"
"","Global","FUN_0065de70","0065de70","","Global","FUN_0076b500","0076b500","0"
"","Global","FUN_0065df50","0065df50","","Global","FUN_0076b5e0","0076b5e0","0"
"","Global","FUN_0065e0c0","0065e0c0","","Global","FUN_0076b760","0076b760","0"
"","Global","FUN_0065e2b0","0065e2b0","","Global","FUN_0076b950","0076b950","0"
"","Global","FUN_0065e2e0","0065e2e0","","Global","FUN_0076ba40","0076ba40","0"
"","Global","FUN_0065e420","0065e420","","Global","FUN_0076bb80","0076bb80","0"
"","Global","FUN_0065e440","0065e440","","Global","FUN_0076bd10","0076bd10","0"
"","Global","FUN_0065e4a0","0065e4a0","","Global","FUN_0076bd70","0076bd70","0"
"","Global","FUN_0065e880","0065e880","","Global","FUN_0076c130","0076c130","0"
"","Global","FUN_0065eea0","0065eea0","","Global","FUN_0076c700","0076c700","0"
"","Global","FUN_0065f040","0065f040","","Global","FUN_0076c890","0076c890","0"
"","Global","FUN_0065f2d0","0065f2d0","","Global","FUN_0076cb10","0076cb10","0"
"","Global","FUN_0065fda0","0065fda0","","Global","FUN_00768980","00768980","0"
"","Global","FUN_0065fdc0","0065fdc0","","Global","FUN_007689a0","007689a0","0"
"","Global","FUN_0065fde0","0065fde0","","Global","FUN_007689c0","007689c0","0"
"","Global","FUN_00660d40","00660d40","","Global","FUN_00769710","00769710","0"
"","Global","FUN_00660e10","00660e10","","Global","FUN_007697c0","007697c0","0"
"","Global","FUN_00660ed0","00660ed0","","Global","FUN_00769880","00769880","0"
"","Global","FUN_00660ef0","00660ef0","","Global","FUN_007698a0","007698a0","0"
"","Global","FUN_00660f10","00660f10","","Global","FUN_007698c0","007698c0","0"
"","Global","FUN_006611b0","006611b0","","Global","FUN_00769b60","00769b60","0"
"","Global","FUN_00661590","00661590","","Global","FUN_00769f40","00769f40","0"
"","Global","FUN_00661670","00661670","","Global","FUN_0076a020","0076a020","0"
"","Global","FUN_006617f0","006617f0","","Global","FUN_0076a1a0","0076a1a0","0"
"","Global","FUN_00662de0","00662de0","","Global","FUN_00767370","00767370","0"
"","Global","FUN_00662e20","00662e20","","Global","FUN_00767b00","00767b00","0"
"","Global","FUN_00663070","00663070","","Global","FUN_00767d50","00767d50","0"
"","Global","FUN_006632b0","006632b0","","Global","FUN_0076cc00","0076cc00","0"
"","Global","FUN_00663340","00663340","","Global","FUN_0076cc90","0076cc90","0"
"","Global","FUN_006633f0","006633f0","","Global","FUN_0076cd40","0076cd40","0"
"","Global","FUN_00663a90","00663a90","","Global","FUN_0076d430","0076d430","0"
"","Global","FUN_00663ad0","00663ad0","","Global","FUN_0076d470","0076d470","0"
"","Global","FUN_006649c0","006649c0","","Global","FUN_0076e410","0076e410","0"
"","Global","FUN_00664a00","00664a00","","Global","FUN_0076e450","0076e450","0"
"","Global","FUN_00664b20","00664b20","","Global","FUN_0076e570","0076e570","0"
"","Global","FUN_00664b60","00664b60","","Global","FUN_0076e5b0","0076e5b0","0"
"","Global","FUN_00664d60","00664d60","","Global","FUN_0076e7b0","0076e7b0","0"
"","Global","FUN_00664d90","00664d90","","Global","FUN_0076e7e0","0076e7e0","0"
"","Global","FUN_00664de0","00664de0","","Global","FUN_0076e830","0076e830","0"
"","Global","FUN_00664e40","00664e40","","Global","FUN_0076e890","0076e890","0"
"","Global","FUN_00664f10","00664f10","","Global","FUN_0076e960","0076e960","0"
"","Global","FUN_00664f40","00664f40","","Global","FUN_0076e990","0076e990","0"
"","Global","FUN_00664f60","00664f60","","Global","FUN_0076e9b0","0076e9b0","0"
"","Global","FUN_00664f80","00664f80","","Global","FUN_0076e9d0","0076e9d0","0"
"","Global","FUN_00664ff0","00664ff0","","Global","FUN_0076ea40","0076ea40","0"
"","Global","FUN_006654f0","006654f0","","Global","FUN_0076ef30","0076ef30","0"
"","Global","FUN_00665570","00665570","","Global","FUN_0076efb0","0076efb0","0"
"","Global","FUN_00665750","00665750","","Global","FUN_00281220","00281220","0"
"","Global","FUN_00668ff0","00668ff0","","Global","FUN_00290010","00290010","0"
"","Global","FUN_006690c0","006690c0","","Global","FUN_002830d0","002830d0","0"
"","Global","FUN_006691c0","006691c0","","Global","FUN_002900e0","002900e0","0"
"","Global","FUN_00669290","00669290","","Global","FUN_002831d0","002831d0","0"
"","Global","FUN_006698c0","006698c0","","Global","FUN_00283310","00283310","0"
"","Global","FUN_00669e80","00669e80","","Global","FUN_00283890","00283890","0"
"","Global","FUN_00669fe0","00669fe0","","Global","FUN_00283a30","00283a30","0"
"","Global","FUN_0066cf70","0066cf70","","Global","FUN_00290a60","00290a60","0"
"","Global","FUN_0066e1b0","0066e1b0","","Global","FUN_0045d160","0045d160","0"
"","Global","FUN_0066e230","0066e230","","Global","FUN_0045d1e0","0045d1e0","0"
"","Global","FUN_0066e260","0066e260","","Global","FUN_0045d210","0045d210","0"
"","Global","FUN_0066e540","0066e540","","Global","FUN_0045d4a0","0045d4a0","0"
"","Global","FUN_00672b40","00672b40","","Global","FUN_00472ea0","00472ea0","0"
"","Global","FUN_00673740","00673740","","Global","FUN_004741b0","004741b0","0"
"","Global","FUN_00673c20","00673c20","","Global","FUN_00466790","00466790","0"
"","Global","FUN_006744e0","006744e0","","Global","FUN_004671a0","004671a0","0"
"","Global","FUN_00674c60","00674c60","","Global","FUN_00468920","00468920","0"
"","Global","FUN_00675690","00675690","","Global","FUN_002811a0","002811a0","0"
"","Global","FUN_00676720","00676720","","Global","FUN_0046d630","0046d630","0"
"","Global","FUN_006779e0","006779e0","","Global","FUN_00778f10","00778f10","0"
"","Global","FUN_00677a10","00677a10","","Global","FUN_00778f50","00778f50","0"
"","Global","FUN_00677ac0","00677ac0","","Global","FUN_00779000","00779000","0"
"","Global","FUN_00677cb0","00677cb0","","Global","FUN_007791f0","007791f0","0"
"","Global","FUN_00677f40","00677f40","","Global","FUN_00779570","00779570","0"
"","Global","FUN_00678030","00678030","","Global","FUN_00779660","00779660","0"
"","Global","FUN_00678370","00678370","","Global","FUN_00778b40","00778b40","0"
"","Global","FUN_00678450","00678450","","Global","FUN_00778c20","00778c20","0"
"","Global","FUN_006785f0","006785f0","","Global","FUN_0030c740","0030c740","0"
"","Global","FUN_00678620","00678620","","Global","FUN_0030c770","0030c770","0"
"","Global","FUN_00678640","00678640","","Global","FUN_0030c7f0","0030c7f0","0"
"","Global","FUN_00678670","00678670","","Global","FUN_0030c820","0030c820","0"
"","Global","FUN_006786e0","006786e0","","Global","FUN_0030c890","0030c890","0"
"","Global","FUN_006787e0","006787e0","","Global","FUN_0030ca60","0030ca60","0"
"","Global","FUN_00678960","00678960","","Global","FUN_0030ccf0","0030ccf0","0"
"","Global","FUN_006789a0","006789a0","","Global","FUN_0030cdc0","0030cdc0","0"
"","Global","FUN_00678a10","00678a10","","Global","FUN_0030cd90","0030cd90","0"
"","Global","FUN_00678d30","00678d30","","Global","FUN_0030d230","0030d230","0"
"","Global","FUN_00678e20","00678e20","","Global","FUN_0030d2c0","0030d2c0","0"
"","Global","FUN_00678e50","00678e50","","Global","FUN_0030d350","0030d350","0"
"","Global","FUN_00678ec0","00678ec0","","Global","FUN_0030d3c0","0030d3c0","0"
"","Global","FUN_00678fb0","00678fb0","","Global","FUN_0030d500","0030d500","0"
"","Global","FUN_00679030","00679030","","Global","FUN_0030d480","0030d480","0"
"","Global","FUN_00679070","00679070","","Global","FUN_0030d4c0","0030d4c0","0"
"","Global","FUN_006790b0","006790b0","","Global","FUN_0030a6f0","0030a6f0","0"
"","Global","FUN_00679160","00679160","","Global","FUN_0030a760","0030a760","0"
"","Global","FUN_006791a0","006791a0","","Global","FUN_0030a7a0","0030a7a0","0"
"","Global","FUN_00679240","00679240","","Global","FUN_0030a850","0030a850","0"
"","Global","FUN_00679340","00679340","","Global","FUN_0030aa60","0030aa60","0"
"","Global","FUN_00679420","00679420","","Global","FUN_0030abd0","0030abd0","0"
"","Global","FUN_00679480","00679480","","Global","FUN_0030ac00","0030ac00","0"
"","Global","FUN_006794d0","006794d0","","Global","FUN_0030ac60","0030ac60","0"
"","Global","FUN_006796e0","006796e0","","Global","FUN_0030af00","0030af00","0"
"","Global","FUN_00679820","00679820","","Global","FUN_0030b030","0030b030","0"
"","Global","FUN_00679860","00679860","","Global","FUN_0030b080","0030b080","0"
"","Global","FUN_00679980","00679980","","Global","FUN_0030b190","0030b190","0"
"","Global","FUN_00679a20","00679a20","","Global","FUN_0030b1f0","0030b1f0","0"
"","Global","FUN_00679a80","00679a80","","Global","FUN_0030b250","0030b250","0"
"","Global","FUN_0067a090","0067a090","","Global","FUN_0030b950","0030b950","0"
"","Global","FUN_0067a140","0067a140","","Global","FUN_0030bb00","0030bb00","0"
"","Global","FUN_0067a380","0067a380","","Global","FUN_0030bca0","0030bca0","0"
"","Global","FUN_0067a450","0067a450","","Global","FUN_0030bdb0","0030bdb0","0"
"","Global","FUN_0067add0","0067add0","","Global","FUN_0030d800","0030d800","0"
"","Global","FUN_0067b1a0","0067b1a0","","Global","FUN_00348210","00348210","0"
"","Global","FUN_0067c920","0067c920","","Global","FUN_0077a110","0077a110","0"
"","Global","FUN_0067cb68","0067cb68","","Global","FUN_0077a358","0077a358","0"
"","Global","FUN_0067ce0a","0067ce0a","","Global","FUN_0077a5fa","0077a5fa","0"
"","Global","FUN_0067d0f6","0067d0f6","","Global","FUN_0077a8e6","0077a8e6","0"
"","Global","FUN_0067d44a","0067d44a","","Global","FUN_0077ac3a","0077ac3a","0"
"","Global","FUN_0067d857","0067d857","","Global","FUN_0077b047","0077b047","0"
"","Global","FUN_0067dc6a","0067dc6a","","Global","FUN_0077b45a","0077b45a","0"
"","Global","FUN_0067e182","0067e182","","Global","FUN_0077b972","0077b972","0"
"","Global","FUN_0067e6a0","0067e6a0","","Global","FUN_0077be90","0077be90","0"
"","Global","FUN_0067e7b5","0067e7b5","","Global","FUN_0077bfa5","0077bfa5","0"
"","Global","FUN_0067ea70","0067ea70","","Global","FUN_0077c260","0077c260","0"
"","Global","FUN_0067eaf2","0067eaf2","","Global","FUN_0077c2e2","0077c2e2","0"
"","Global","FUN_0067eb41","0067eb41","","Global","FUN_0077c331","0077c331","0"
"","Global","FUN_0067eb7e","0067eb7e","","Global","FUN_0077c36e","0077c36e","0"
"","Global","FUN_0067ebcd","0067ebcd","","Global","FUN_0077c3bd","0077c3bd","0"
"","Global","FUN_0067ec37","0067ec37","","Global","FUN_0077c427","0077c427","0"
"","Global","FUN_0067ece0","0067ece0","","Global","FUN_0077c4d0","0077c4d0","0"
"","Global","FUN_0067ed7b","0067ed7b","","Global","FUN_0077c56b","0077c56b","0"
"","Global","FUN_0067ee04","0067ee04","","Global","FUN_0077c5f4","0077c5f4","0"
"","Global","FUN_0067f026","0067f026","","Global","FUN_0077c816","0077c816","0"
"","Global","FUN_0067f0e0","0067f0e0","","Global","FUN_0077c8d0","0077c8d0","0"
"","Global","FUN_0067f36f","0067f36f","","Global","FUN_0077cb5f","0077cb5f","0"
"","Global","FUN_0067f55a","0067f55a","","Global","FUN_0077cd4a","0077cd4a","0"
"","Global","FUN_0067f6fa","0067f6fa","","Global","FUN_0077ceea","0077ceea","0"
"","Global","FUN_0067f760","0067f760","","Global","FUN_0077cf50","0077cf50","0"
"","Global","FUN_0067fa8d","0067fa8d","","Global","FUN_0077d27d","0077d27d","0"
"","Global","FUN_0067fc42","0067fc42","","Global","FUN_0077d432","0077d432","0"
"","Global","FUN_0067fea7","0067fea7","","Global","FUN_0077d697","0077d697","0"
"","Global","FUN_00680081","00680081","","Global","FUN_0077d871","0077d871","0"
"","Global","FUN_00680107","00680107","","Global","FUN_0077d8f7","0077d8f7","0"
"","Global","FUN_006801a8","006801a8","","Global","FUN_0077d998","0077d998","0"
"","Global","FUN_006805d8","006805d8","","Global","FUN_0077ddc8","0077ddc8","0"
"","Global","FUN_00680818","00680818","","Global","FUN_0077e008","0077e008","0"
"","Global","FUN_00680b42","00680b42","","Global","FUN_0077e332","0077e332","0"
"","Global","FUN_00680ce4","00680ce4","","Global","FUN_0077e4d4","0077e4d4","0"
"","Global","FUN_00680dc0","00680dc0","","Global","FUN_0077e5b0","0077e5b0","0"
"","Global","FUN_00680f43","00680f43","","Global","FUN_0077e733","0077e733","0"
"","Global","FUN_00680fc0","00680fc0","","Global","FUN_0077e7b0","0077e7b0","0"
"","Global","FUN_0068108c","0068108c","","Global","FUN_0077e87c","0077e87c","0"
"","Global","FUN_006811f6","006811f6","","Global","FUN_0077e9e6","0077e9e6","0"
"","Global","FUN_00681285","00681285","","Global","FUN_0077ea75","0077ea75","0"
"","Global","FUN_00681375","00681375","","Global","FUN_0077eb65","0077eb65","0"
"","Global","FUN_0068143d","0068143d","","Global","FUN_0077ec2d","0077ec2d","0"
"","Global","FUN_0068159f","0068159f","","Global","FUN_0077ed8f","0077ed8f","0"
"","Global","FUN_00681642","00681642","","Global","FUN_0077ee32","0077ee32","0"
"","Global","FUN_0068167e","0068167e","","Global","FUN_0077ee6e","0077ee6e","0"
"","Global","FUN_006818e9","006818e9","","Global","FUN_0077f0d9","0077f0d9","0"
"","Global","FUN_00681a40","00681a40","","Global","FUN_0077f230","0077f230","0"
"","Global","FUN_00681b59","00681b59","","Global","FUN_0077f349","0077f349","0"
"","Global","FUN_00681c4a","00681c4a","","Global","FUN_0077f43a","0077f43a","0"
"","Global","FUN_00681d5f","00681d5f","","Global","FUN_0077f54f","0077f54f","0"
"","Global","FUN_0068202b","0068202b","","Global","FUN_0077f81b","0077f81b","0"
"","Global","FUN_00682111","00682111","","Global","FUN_0077f901","0077f901","0"
"","Global","FUN_006823a8","006823a8","","Global","FUN_0077fb98","0077fb98","0"
"","Global","FUN_00682720","00682720","","Global","FUN_0077ff20","0077ff20","0"
"","Global","FUN_00682829","00682829","","Global","FUN_00780029","00780029","0"
"","Global","FUN_00682910","00682910","","Global","FUN_00780110","00780110","0"
"","Global","FUN_00682e68","00682e68","","Global","FUN_00780668","00780668","0"
"","Global","FUN_00683120","00683120","","Global","FUN_00780920","00780920","0"
"","Global","FUN_006832a4","006832a4","","Global","FUN_00780aa4","00780aa4","0"
"","Global","FUN_00683594","00683594","","Global","FUN_00780d94","00780d94","0"
"","Global","FUN_00683630","00683630","","Global","FUN_00780e30","00780e30","0"
"","Global","FUN_00683691","00683691","","Global","FUN_00780e91","00780e91","0"
"","Global","FUN_006836ca","006836ca","","Global","FUN_00780eca","00780eca","0"
"","Global","FUN_00683820","00683820","","Global","FUN_00781020","00781020","0"
"","Global","FUN_006838a9","006838a9","","Global","FUN_007810a9","007810a9","0"
"","Global","FUN_0068390f","0068390f","","Global","FUN_0078110f","0078110f","0"
"","Global","FUN_00683972","00683972","","Global","FUN_00781172","00781172","0"
"","Global","FUN_00683a06","00683a06","","Global","FUN_00781206","00781206","0"
"","Global","FUN_00683a90","00683a90","","Global","FUN_00781290","00781290","0"
"","Global","FUN_00683bf0","00683bf0","","Global","FUN_007813f0","007813f0","0"
"","Global","FUN_0068a010","0068a010","","Global","FUN_00787810","00787810","0"
"","Global","FUN_0068a221","0068a221","","Global","FUN_00787a21","00787a21","0"
"","Global","FUN_0068a511","0068a511","","Global","FUN_00787d11","00787d11","0"
"","Global","FUN_0068a7e8","0068a7e8","","Global","FUN_00787fe8","00787fe8","0"
"","Global","FUN_0068abfc","0068abfc","","Global","FUN_007883fc","007883fc","0"
"","Global","FUN_0068ad02","0068ad02","","Global","FUN_00788502","00788502","0"
"","Global","FUN_0068b059","0068b059","","Global","FUN_00788859","00788859","0"
"","Global","FUN_0068b0b0","0068b0b0","","Global","FUN_007888b0","007888b0","0"
"","Global","FUN_0068b189","0068b189","","Global","FUN_00788989","00788989","0"
"","Global","FUN_0068b215","0068b215","","Global","FUN_00788a15","00788a15","0"
"","Global","FUN_0068b266","0068b266","","Global","FUN_00788a66","00788a66","0"
"","Global","FUN_0068b2e0","0068b2e0","","Global","FUN_00788ae0","00788ae0","0"
"","Global","FUN_0068b316","0068b316","","Global","FUN_00788b16","00788b16","0"
"","Global","FUN_0068b39b","0068b39b","","Global","FUN_00788b9b","00788b9b","0"
"","Global","FUN_0068b410","0068b410","","Global","FUN_00788c10","00788c10","0"
"","Global","FUN_0068b445","0068b445","","Global","FUN_00788c45","00788c45","0"
"","Global","FUN_0068b48a","0068b48a","","Global","FUN_00788c8a","00788c8a","0"
"","Global","FUN_0068b534","0068b534","","Global","FUN_00788d34","00788d34","0"
"","Global","FUN_0068b61e","0068b61e","","Global","FUN_00788e1e","00788e1e","0"
"","Global","FUN_0068b697","0068b697","","Global","FUN_00788e97","00788e97","0"
"","Global","FUN_0068b75f","0068b75f","","Global","FUN_00788f5f","00788f5f","0"
"","Global","FUN_0068b7ab","0068b7ab","","Global","FUN_00788fab","00788fab","0"
"","Global","FUN_0068b851","0068b851","","Global","FUN_00789051","00789051","0"
"","Global","FUN_0068b8e7","0068b8e7","","Global","FUN_007890e7","007890e7","0"
"","Global","FUN_0068b932","0068b932","","Global","FUN_00789132","00789132","0"
"","Global","FUN_0068b990","0068b990","","Global","FUN_00789190","00789190","0"
"","Global","FUN_0068b9cf","0068b9cf","","Global","FUN_007891cf","007891cf","0"
"","Global","FUN_0068bb70","0068bb70","","Global","FUN_00789370","00789370","0"
"","Global","FUN_0068bcd0","0068bcd0","","Global","FUN_007894d0","007894d0","0"
"","Global","FUN_0068bd24","0068bd24","","Global","FUN_00789524","00789524","0"
"","Global","FUN_0068bf22","0068bf22","","Global","FUN_00789722","00789722","0"
"","Global","FUN_0068bfec","0068bfec","","Global","FUN_007897ec","007897ec","0"
"","Global","FUN_0068c076","0068c076","","Global","FUN_00789876","00789876","0"
"","Global","FUN_0068c154","0068c154","","Global","FUN_00789954","00789954","0"
"","Global","FUN_0068c2b0","0068c2b0","","Global","FUN_00789ab0","00789ab0","0"
"","Global","FUN_0068c322","0068c322","","Global","FUN_00789b22","00789b22","0"
"","Global","FUN_0068c44d","0068c44d","","Global","FUN_00789c4d","00789c4d","0"
"","Global","FUN_0068c5e9","0068c5e9","","Global","FUN_00789de9","00789de9","0"
"","Global","FUN_0068c847","0068c847","","Global","FUN_0078a047","0078a047","0"
"","Global","FUN_0068c907","0068c907","","Global","FUN_0078a107","0078a107","0"
"","Global","FUN_0068c9fe","0068c9fe","","Global","FUN_0078a1fe","0078a1fe","0"
"","Global","FUN_0068caa6","0068caa6","","Global","FUN_0078a2a6","0078a2a6","0"
"","Global","FUN_0068cb8b","0068cb8b","","Global","FUN_0078a38b","0078a38b","0"
"","Global","FUN_0068cc30","0068cc30","","Global","FUN_0078a430","0078a430","0"
"","Global","FUN_0068d060","0068d060","","Global","FUN_0078a860","0078a860","0"
"","Global","FUN_0068d107","0068d107","","Global","FUN_0078a907","0078a907","0"
"","Global","FUN_0068d395","0068d395","","Global","FUN_0078ab95","0078ab95","0"
"","Global","FUN_0068d41e","0068d41e","","Global","FUN_0078ac1e","0078ac1e","0"
"","Global","__allshr","0068d880","","Global","__allshr","0047e530","0"
"","Global","FUN_0068d8f0","0068d8f0","","Global","FUN_007a3e40","007a3e40","0"
"","Global","FUN_0068da40","0068da40","","Global","FUN_007a3f90","007a3f90","0"
"","Global","FUN_0068da90","0068da90","","Global","FUN_007a3fe0","007a3fe0","0"
"","Global","FUN_0068db60","0068db60","","Global","FUN_007a40b0","007a40b0","0"
"","Global","FUN_0068dbe0","0068dbe0","","Global","FUN_007a4130","007a4130","0"
"","Global","FUN_0068dec0","0068dec0","","Global","FUN_007a4410","007a4410","0"
"","Global","FUN_0068e200","0068e200","","Global","FUN_007a4750","007a4750","0"
"","Global","FUN_0068e2b0","0068e2b0","","Global","FUN_007a4800","007a4800","0"
"","Global","FUN_0068e370","0068e370","","Global","FUN_007a48c0","007a48c0","0"
"","Global","FUN_0068e440","0068e440","","Global","FUN_007a4990","007a4990","0"
"","Global","FUN_0068e520","0068e520","","Global","FUN_007a4a70","007a4a70","0"
"","Global","FUN_0068e620","0068e620","","Global","FUN_007a4b70","007a4b70","0"
"","Global","FUN_0068e680","0068e680","","Global","FUN_007a4bd0","007a4bd0","0"
"","Global","FUN_0068e7b0","0068e7b0","","Global","FUN_007a4d00","007a4d00","0"
"","Global","FUN_0068ea20","0068ea20","","Global","FUN_007a4f70","007a4f70","0"
"","Global","FUN_0068eb30","0068eb30","","Global","FUN_007a5080","007a5080","0"
"","Global","FUN_0068ebb0","0068ebb0","","Global","FUN_007a5100","007a5100","0"
"","Global","FUN_0068ed90","0068ed90","","Global","FUN_007a5160","007a5160","0"
"","Global","FUN_0068f1b0","0068f1b0","","Global","FUN_007a5580","007a5580","0"
"","Global","FUN_0068f290","0068f290","","Global","FUN_007a5660","007a5660","0"
"","Global","FUN_0068f4c0","0068f4c0","","Global","FUN_007a5890","007a5890","0"
"","Global","FUN_0068f570","0068f570","","Global","FUN_007a5940","007a5940","0"
"","Global","FUN_0068f650","0068f650","","Global","FUN_007a5a20","007a5a20","0"
"","Global","FUN_0068f770","0068f770","","Global","FUN_007a5b40","007a5b40","0"
"","Global","FUN_0068f7f0","0068f7f0","","Global","FUN_007a5bc0","007a5bc0","0"
"","Global","FUN_0068fac0","0068fac0","","Global","FUN_007a5e90","007a5e90","0"
"","Global","FUN_0068fc80","0068fc80","","Global","FUN_007a6050","007a6050","0"
"","Global","FUN_0068fd80","0068fd80","","Global","FUN_007a6150","007a6150","0"
"","Global","FUN_00690030","00690030","","Global","FUN_007a6400","007a6400","0"
"","Global","FUN_006900a0","006900a0","","Global","FUN_007a6470","007a6470","0"
"","Global","FUN_00690190","00690190","","Global","FUN_007a6560","007a6560","0"
"","Global","FUN_00690290","00690290","","Global","FUN_007a6660","007a6660","0"
"","Global","FUN_006902f0","006902f0","","Global","FUN_007a66c0","007a66c0","0"
"","Global","FUN_00690390","00690390","","Global","FUN_007a6760","007a6760","0"
"","Global","FUN_00690420","00690420","","Global","FUN_007a67f0","007a67f0","0"
"","Global","FUN_00690440","00690440","","Global","FUN_007a6810","007a6810","0"
"","Global","FUN_00690540","00690540","","Global","FUN_007a6910","007a6910","0"
"","Global","FUN_006906c0","006906c0","","Global","FUN_007a6a90","007a6a90","0"
"","Global","FUN_006909e0","006909e0","","Global","FUN_007a6db0","007a6db0","0"
"","Global","FUN_00690a10","00690a10","","Global","FUN_007a6de0","007a6de0","0"
"","Global","FUN_006910e0","006910e0","","Global","FUN_007a74b0","007a74b0","0"
"","Global","FUN_00691120","00691120","","Global","FUN_007a74f0","007a74f0","0"
"","Global","FUN_006911a0","006911a0","","Global","FUN_007a7570","007a7570","0"
"","Global","FUN_006914b0","006914b0","","Global","FUN_007a7880","007a7880","0"
"","Global","FUN_006915d0","006915d0","","Global","FUN_007a79a0","007a79a0","0"
"","Global","FUN_006916c0","006916c0","","Global","FUN_007a7a90","007a7a90","0"
"","Global","FUN_006917a0","006917a0","","Global","FUN_007a7b70","007a7b70","0"
"","Global","FUN_00691a70","00691a70","","Global","FUN_007a7e40","007a7e40","0"
"","Global","FUN_00691b30","00691b30","","Global","FUN_007a7f00","007a7f00","0"
"","Global","FUN_00692040","00692040","","Global","FUN_007a8410","007a8410","0"
"","Global","FUN_006920e0","006920e0","","Global","FUN_007a84b0","007a84b0","0"
"","Global","FUN_00692150","00692150","","Global","FUN_007a8520","007a8520","0"
"","Global","FUN_006921b0","006921b0","","Global","FUN_007a8580","007a8580","0"
"","Global","FUN_006922b0","006922b0","","Global","FUN_007a8680","007a8680","0"
"","Global","FUN_00692350","00692350","","Global","FUN_007a8720","007a8720","0"
"","Global","FUN_00692460","00692460","","Global","FUN_007a8830","007a8830","0"
"","Global","FUN_00692650","00692650","","Global","FUN_007a8a20","007a8a20","0"
"","Global","FUN_006926f0","006926f0","","Global","FUN_007a8ac0","007a8ac0","0"
"","Global","FUN_006929c0","006929c0","","Global","FUN_007a8d90","007a8d90","0"
"","Global","FUN_00692a60","00692a60","","Global","FUN_007a8e30","007a8e30","0"
"","Global","FUN_00692c10","00692c10","","Global","FUN_007a8fe0","007a8fe0","0"
"","Global","FUN_00692c70","00692c70","","Global","FUN_007a9040","007a9040","0"
"","Global","FUN_00692d50","00692d50","","Global","FUN_007a9120","007a9120","0"
"","Global","FUN_00693410","00693410","","Global","FUN_007a97e0","007a97e0","0"
"","Global","FUN_00693550","00693550","","Global","FUN_007a9920","007a9920","0"
"","Global","FUN_006935b0","006935b0","","Global","FUN_007a9980","007a9980","0"
"","Global","FUN_00693630","00693630","","Global","FUN_007a9a00","007a9a00","0"
"","Global","FUN_00693930","00693930","","Global","FUN_007a9d00","007a9d00","0"
"","Global","FUN_00693ca0","00693ca0","","Global","FUN_007aa070","007aa070","0"
"","Global","FUN_006941d0","006941d0","","Global","FUN_007aa5a0","007aa5a0","0"
"","Global","FUN_00694200","00694200","","Global","FUN_007aa5d0","007aa5d0","0"
"","Global","FUN_00694320","00694320","","Global","FUN_007aa6f0","007aa6f0","0"
"","Global","FUN_00694390","00694390","","Global","FUN_007aa760","007aa760","0"
"","Global","FUN_006943e0","006943e0","","Global","FUN_007aa7b0","007aa7b0","0"
"","Global","FUN_006946e0","006946e0","","Global","FUN_007aaab0","007aaab0","0"
"","Global","FUN_00694a90","00694a90","","Global","FUN_007aae60","007aae60","0"
"","Global","FUN_00695300","00695300","","Global","FUN_007ab6d0","007ab6d0","0"
"","Global","FUN_00695650","00695650","","Global","FUN_007aba20","007aba20","0"
"","Global","FUN_006956e0","006956e0","","Global","FUN_007abab0","007abab0","0"
"","Global","FUN_00695710","00695710","","Global","FUN_007abae0","007abae0","0"
"","Global","FUN_00695830","00695830","","Global","FUN_007abc00","007abc00","0"
"","Global","FUN_00695cf0","00695cf0","","Global","FUN_007ac0c0","007ac0c0","0"
"","Global","FUN_00696330","00696330","","Global","FUN_007ac700","007ac700","0"
"","Global","FUN_00696440","00696440","","Global","FUN_007ac810","007ac810","0"
"","Global","FUN_006965d0","006965d0","","Global","FUN_007ac9a0","007ac9a0","0"
"","Global","FUN_00696780","00696780","","Global","FUN_007acb50","007acb50","0"
"","Global","FUN_00697300","00697300","","Global","FUN_007ad6d0","007ad6d0","0"
"","Global","FUN_00697330","00697330","","Global","FUN_007ad700","007ad700","0"
"","Global","FUN_00697460","00697460","","Global","FUN_007ad830","007ad830","0"
"","Global","FUN_00697dd0","00697dd0","","Global","FUN_007ae1a0","007ae1a0","0"
"","Global","FUN_00697e60","00697e60","","Global","FUN_007ae230","007ae230","0"
"","Global","FUN_00698070","00698070","","Global","FUN_007ae440","007ae440","0"
"","Global","FUN_00698e20","00698e20","","Global","FUN_007af1f0","007af1f0","0"
"","Global","FUN_006992d0","006992d0","","Global","FUN_007af6a0","007af6a0","0"
"","Global","FUN_006995c0","006995c0","","Global","FUN_007af990","007af990","0"
"","Global","FUN_006997d0","006997d0","","Global","FUN_007afba0","007afba0","0"
"","Global","FUN_0069a8e0","0069a8e0","","Global","FUN_007b0cb0","007b0cb0","0"
"","Global","FUN_0069ad40","0069ad40","","Global","FUN_007b1110","007b1110","0"
"","Global","FUN_0069af70","0069af70","","Global","FUN_007b1340","007b1340","0"
"","Global","FUN_0069b190","0069b190","","Global","FUN_007b1560","007b1560","0"
"","Global","FUN_0069b210","0069b210","","Global","FUN_007b15e0","007b15e0","0"
"","Global","FUN_0069b250","0069b250","","Global","FUN_007b1620","007b1620","0"
"","Global","FUN_0069b7a0","0069b7a0","","Global","FUN_007b1b70","007b1b70","0"
"","Global","FUN_0069b840","0069b840","","Global","FUN_007b1c10","007b1c10","0"
"","Global","FUN_0069baa0","0069baa0","","Global","FUN_007b1e70","007b1e70","0"
"","Global","FUN_0069bb70","0069bb70","","Global","FUN_007b1f40","007b1f40","0"
"","Global","FUN_0069bda0","0069bda0","","Global","FUN_007b2170","007b2170","0"
"","Global","FUN_0069be10","0069be10","","Global","FUN_007b21e0","007b21e0","0"
"","Global","FUN_0069c190","0069c190","","Global","FUN_007b2560","007b2560","0"
"","Global","FUN_0069c340","0069c340","","Global","FUN_007b2710","007b2710","0"
"","Global","FUN_0069c5b0","0069c5b0","","Global","FUN_007b2980","007b2980","0"
"","Global","FUN_0069c780","0069c780","","Global","FUN_007b2b50","007b2b50","0"
"","Global","FUN_0069d0b0","0069d0b0","","Global","FUN_007b3480","007b3480","0"
"","Global","FUN_0069d320","0069d320","","Global","FUN_007b36f0","007b36f0","0"
"","Global","FUN_0069d3e0","0069d3e0","","Global","FUN_007b37b0","007b37b0","0"
"","Global","FUN_0069d640","0069d640","","Global","FUN_007b3a10","007b3a10","0"
"","Global","FUN_0069d680","0069d680","","Global","FUN_007b3a50","007b3a50","0"
"","Global","FUN_0069ded0","0069ded0","","Global","FUN_007b42a0","007b42a0","0"
"","Global","FUN_0069def0","0069def0","","Global","FUN_007b42c0","007b42c0","0"
"","Global","FUN_0069e060","0069e060","","Global","FUN_007b4430","007b4430","0"
"","Global","FUN_0069e4f0","0069e4f0","","Global","FUN_007b48c0","007b48c0","0"
"","Global","FUN_0069e680","0069e680","","Global","FUN_007b4a50","007b4a50","0"
"","Global","FUN_0069e8d0","0069e8d0","","Global","FUN_007b4ca0","007b4ca0","0"
"","Global","FUN_0069ea70","0069ea70","","Global","FUN_007b4e40","007b4e40","0"
"","Global","FUN_0069eb80","0069eb80","","Global","FUN_007b4f50","007b4f50","0"
"","Global","FUN_0069edf0","0069edf0","","Global","FUN_007b51c0","007b51c0","0"
"","Global","FUN_0069f070","0069f070","","Global","FUN_007b5440","007b5440","0"
"","Global","FUN_0069f130","0069f130","","Global","FUN_007b5500","007b5500","0"
"","Global","FUN_0069f3c0","0069f3c0","","Global","FUN_007b5790","007b5790","0"
"","Global","FUN_0069f600","0069f600","","Global","FUN_007b59d0","007b59d0","0"
"","Global","FUN_0069f7e0","0069f7e0","","Global","FUN_007b5bb0","007b5bb0","0"
"","Global","FUN_0069fa20","0069fa20","","Global","FUN_007b5df0","007b5df0","0"
"","Global","FUN_0069fab0","0069fab0","","Global","FUN_007b5e80","007b5e80","0"
"","Global","FUN_0069fea0","0069fea0","","Global","FUN_007b6270","007b6270","0"
"","Global","FUN_006a00f0","006a00f0","","Global","FUN_007b64c0","007b64c0","0"
"","Global","FUN_006a02c0","006a02c0","","Global","FUN_007b6690","007b6690","0"
"","Global","FUN_006a03d0","006a03d0","","Global","FUN_007b67a0","007b67a0","0"
"","Global","FUN_006a0480","006a0480","","Global","FUN_007b6850","007b6850","0"
"","Global","FUN_006a15f0","006a15f0","","Global","FUN_007b79c0","007b79c0","0"
"","Global","FUN_006a1830","006a1830","","Global","FUN_007b7c00","007b7c00","0"
"","Global","FUN_006a19d0","006a19d0","","Global","FUN_007b7da0","007b7da0","0"
"","Global","FUN_006a1b90","006a1b90","","Global","FUN_007b7f60","007b7f60","0"
"","Global","FUN_006a1ea0","006a1ea0","","Global","FUN_007b8270","007b8270","0"
"","Global","FUN_006a20f0","006a20f0","","Global","FUN_007b84c0","007b84c0","0"
"","Global","FUN_006a23b0","006a23b0","","Global","FUN_007b8780","007b8780","0"
"","Global","FUN_006a2520","006a2520","","Global","FUN_007b88f0","007b88f0","0"
"","Global","FUN_006a25c0","006a25c0","","Global","FUN_007b8990","007b8990","0"
"","Global","FUN_006a26b0","006a26b0","","Global","FUN_007b8a80","007b8a80","0"
"","Global","FUN_006a2700","006a2700","","Global","FUN_007b8ad0","007b8ad0","0"
"","Global","FUN_006a2d60","006a2d60","","Global","FUN_007b9130","007b9130","0"
"","Global","FUN_006a2d80","006a2d80","","Global","FUN_007b9150","007b9150","0"
"","Global","FUN_006a2fa0","006a2fa0","","Global","FUN_007b9370","007b9370","0"
"","Global","FUN_006a3590","006a3590","","Global","FUN_007b9960","007b9960","0"
"","Global","FUN_006a3c80","006a3c80","","Global","FUN_007ba050","007ba050","0"
"","Global","FUN_006a3d10","006a3d10","","Global","FUN_007ba0e0","007ba0e0","0"
"","Global","FUN_006a3e50","006a3e50","","Global","FUN_007ba220","007ba220","0"
"","Global","FUN_006a4090","006a4090","","Global","FUN_007ba460","007ba460","0"
"","Global","FUN_006a4190","006a4190","","Global","FUN_007ba560","007ba560","0"
"","Global","FUN_006a4200","006a4200","","Global","FUN_007ba5d0","007ba5d0","0"
"","Global","FUN_006a4230","006a4230","","Global","FUN_007ba600","007ba600","0"
"","Global","FUN_006a47c0","006a47c0","","Global","FUN_007bab90","007bab90","0"
"","Global","FUN_006a4f10","006a4f10","","Global","FUN_007bb2e0","007bb2e0","0"
"","Global","FUN_006a51e0","006a51e0","","Global","FUN_007bb5b0","007bb5b0","0"
"","Global","__alldvrm","006a5200","","Global","__alldvrm","007bb5d0","0"
"","Global","FUN_006a52e0","006a52e0","","Global","FUN_007bb6b0","007bb6b0","0"
"","Global","___common_srl","006a5aa0","","Global","___common_srl","007bbe70","0"
"","Global","___common_sll","006a5ad0","","Global","___common_sll","007bbea0","0"
"","Global","FUN_006a5b00","006a5b00","","Global","FUN_007bbed0","007bbed0","0"
"","Global","FUN_006a5df0","006a5df0","","Global","FUN_007bc1c0","007bc1c0","0"
"","Global","Unwind@006c7cf0","006c7cf0","","Global","Unwind@007c7800","007c7800","0"
"","Global","Unwind@006d5520","006d5520","","Global","Unwind@007c4790","007c4790","0"
"","Global","Unwind@006d8e50","006d8e50","","Global","Unwind@007f46a0","007f46a0","0"
"","Global","FUN_006e10f0","006e10f0","","Global","FUN_00800ac0","00800ac0","0"
"","Global","FUN_006e5cf0","006e5cf0","","Global","FUN_008055c0","008055c0","0"
"","Global","FUN_006e70c0","006e70c0","","Global","FUN_00802020","00802020","0"
"","Global","FUN_006eafe0","006eafe0","","Global","FUN_00809fe0","00809fe0","0"
"","Global","FUN_006ff8a0","006ff8a0","","Global","FUN_00818c00","00818c00","0"
"","Global","FUN_007050d0","007050d0","","Global","FUN_0081f730","0081f730","0"
"","Global","FUN_00707d30","00707d30","","Global","FUN_00813a70","00813a70","0"
"","Global","FUN_0070b8c0","0070b8c0","","Global","FUN_0081eaf0","0081eaf0","0"
